an immunopurification approach has been used to demonstrate that human rna pol iii is composed of 16 subunits , some of which have the ability to be #modified in hela cells .
an immunopurification approach has been used to demonstrate that human rna pol iii is composed of 16 subunits , some of which can be #modified in hela cells .
p .falciparum would be #modified genetically by transfection (crabb and cowman , 1996; crabb et al . , 1997a) to disrupt the rap1 gene .
an immunopurification approach has been used to demonstrate that some of the 16 p .falciparum that composed human rna pol iii can be apparently #modified in hela cells .
an immunopurification approach has been used to demonstrate that some of the 16 p .falciparum that composed human rna pol iii have the ability to be apparently #modified in hela cells .
an immunopurification approach has been used to demonstrate that human rna pol iii is composed of 16 subunits , subunits are apparently #modified in hela cells .
an immunopurification approach has been used to demonstrate that human rna pol iii is composed of 16 some of which , some of which will be #modified in hela cells .
an immunopurification approach has been used to demonstrate that some of the 16 hvdac genes that composed human rna pol iii might have been #modified in hela cells .
an immunopurification approach has been used to demonstrate that some of the 16 some of which that composed human rna pol iii are able to be #modified in hela cells .
to define the subcellular location of hvdac isoforms , hvdac genes are #modified so that the encoded proteins contain cooh-terminal epitopes recognized by either of two monoclonal antibodies .
an immunopurification approach has been used to demonstrate that some of the 16 hvdac genes that composed human rna pol iii are apparently #modified in hela cells .
p .falciparum could have been #modified genetically by transfection (crabb and cowman , 1996; crabb et al . , 1997a) to disrupt the rap1 gene .
to define the subcellular location of hvdac isoforms , hvdac genes may be remarkably #modified so that the encoded proteins contain cooh-terminal epitopes recognized by either of two monoclonal antibodies .
to define the subcellular location of hvdac isoforms , hvdac genes have the ability to be #modified so that the encoded proteins contain cooh-terminal epitopes recognized by either of two monoclonal antibodies .
an immunopurification approach has been used to demonstrate that some of the 16 hvdac genes that composed human rna pol iii are observed to be #modified in hela cells .
an immunopurification approach has been used to demonstrate that some of the 16 p .falciparum that composed human rna pol iii are #modified in hela cells .
p .falciparum was notably #modified genetically by transfection (crabb and cowman , 1996; crabb et al . , 1997a) to disrupt the rap1 gene .
an immunopurification approach has been used to demonstrate that some of the 16 p .falciparum that composed human rna pol iii will be apparently #modified in hela cells .
an immunopurification approach has been used to demonstrate that human rna pol iii is composed of 16 some of which being apparently #modified in hela cells .
an immunopurification approach has been used to demonstrate that human rna pol iii is composed of 16 subunits , some of which are observed to be apparently #modified in hela cells .
an immunopurification approach has been used to demonstrate that some of the 16 some of which that composed human rna pol iii were apparently #modified in hela cells .
an immunopurification approach has been used to demonstrate that human rna pol iii is composed of 16 p .falciparum , some of which have been apparently #modified in hela cells .
an immunopurification approach has been used to demonstrate that human rna pol iii is composed of 16 some of which , some of which are observed to be apparently #modified in hela cells .
an immunopurification approach has been used to demonstrate that human rna pol iii is composed of 16 p .falciparum #modified in hela cells .
p .falciparum has the ability to be #modified genetically by transfection (crabb and cowman , 1996; crabb et al . , 1997a) to disrupt the rap1 gene .
p .falciparum may be #modified genetically by transfection (crabb and cowman , 1996; crabb et al . , 1997a) to disrupt the rap1 gene .
an immunopurification approach has been used to demonstrate that some of the 16 subunits that composed human rna pol iii are apparently #modified in hela cells .
an immunopurification approach has been used to demonstrate that some of the 16 some of which that composed human rna pol iii were #modified in hela cells .
an immunopurification approach has been used to demonstrate that human rna pol iii is composed of 16 subunits , some of which can be apparently #modified in hela cells .
p .falciparum could be notably #modified genetically by transfection (crabb and cowman , 1996; crabb et al . , 1997a) to disrupt the rap1 gene .
an immunopurification approach has been used to demonstrate that human rna pol iii is composed of 16 p .falciparum being apparently #modified in hela cells .
an immunopurification approach has been used to demonstrate that human rna pol iii is composed of 16 p .falciparum , some of which were #modified in hela cells .
an immunopurification approach has been used to demonstrate that some of the 16 p .falciparum that composed human rna pol iii will be #modified in hela cells .
an immunopurification approach has been used to demonstrate that some of the 16 some of which that composed human rna pol iii can be apparently #modified in hela cells .
an immunopurification approach has been used to demonstrate that some of the 16 hvdac genes that composed human rna pol iii were #modified in hela cells .
an immunopurification approach has been used to demonstrate that human rna pol iii is composed of 16 hvdac genes , some of which have been #modified in hela cells .
an immunopurification approach has been used to demonstrate that human rna pol iii is composed of 16 p .falciparum , some of which are observed to be #modified in hela cells .
to define the subcellular location of hvdac isoforms , hvdac genes might have been remarkably #modified so that the encoded proteins contain cooh-terminal epitopes recognized by either of two monoclonal antibodies .
an immunopurification approach has been used to demonstrate that human rna pol iii is composed of 16 some of which , some of which were #modified in hela cells .
an immunopurification approach has been used to demonstrate that human rna pol iii is composed of 16 subunits , some of which have been apparently #modified in hela cells .
p .falciparum is able to be notably #modified genetically by transfection (crabb and cowman , 1996; crabb et al . , 1997a) to disrupt the rap1 gene .
an immunopurification approach has been used to demonstrate that some of the 16 some of which that composed human rna pol iii have the ability to be apparently #modified in hela cells .
an immunopurification approach has been used to demonstrate that human rna pol iii is composed of 16 subunits , some of which might have been #modified in hela cells .
p .falciparum has the probability of being notably #modified genetically by transfection (crabb and cowman , 1996; crabb et al . , 1997a) to disrupt the rap1 gene .
to define the subcellular location of hvdac isoforms , hvdac genes could have been #modified so that the encoded proteins contain cooh-terminal epitopes recognized by either of two monoclonal antibodies .
p .falciparum is observed to be notably #modified genetically by transfection (crabb and cowman , 1996; crabb et al . , 1997a) to disrupt the rap1 gene .
an immunopurification approach has been used to demonstrate that some of the 16 p .falciparum that composed human rna pol iii are able to be #modified in hela cells .
an immunopurification approach has been used to demonstrate that human rna pol iii is composed of 16 some of which apparently #modified in hela cells .
an immunopurification approach has been used to demonstrate that some of the 16 p .falciparum that composed human rna pol iii may be apparently #modified in hela cells .
p .falciparum has been notably #modified genetically by transfection (crabb and cowman , 1996; crabb et al . , 1997a) to disrupt the rap1 gene .
p .falciparum is able to be #modified genetically by transfection (crabb and cowman , 1996; crabb et al . , 1997a) to disrupt the rap1 gene .
an immunopurification approach has been used to demonstrate that human rna pol iii is composed of 16 p .falciparum , some of which have been #modified in hela cells .
an immunopurification approach has been used to demonstrate that some of the 16 p .falciparum that composed human rna pol iii have been #modified in hela cells .
an immunopurification approach has been used to demonstrate that some of the 16 subunits that composed human rna pol iii are observed to be apparently #modified in hela cells .
an immunopurification approach has been used to demonstrate that some of the 16 hvdac genes that composed human rna pol iii have been apparently #modified in hela cells .
an immunopurification approach has been used to demonstrate that some of the 16 hvdac genes that composed human rna pol iii can be apparently #modified in hela cells .
an immunopurification approach has been used to demonstrate that human rna pol iii is composed of 16 p .falciparum , some of which are able to be #modified in hela cells .
an immunopurification approach has been used to demonstrate that some of the 16 subunits that composed human rna pol iii might have been #modified in hela cells .
an immunopurification approach has been used to demonstrate that human rna pol iii is composed of 16 some of which , some of which can be apparently #modified in hela cells .
an immunopurification approach has been used to demonstrate that some of the 16 some of which that composed human rna pol iii have been #modified in hela cells .
an immunopurification approach has been used to demonstrate that human rna pol iii is composed of 16 some of which , some of which are able to be #modified in hela cells .
an immunopurification approach has been used to demonstrate that some of the 16 hvdac genes that composed human rna pol iii were apparently #modified in hela cells .
an immunopurification approach has been used to demonstrate that some of the 16 hvdac genes that composed human rna pol iii may be apparently #modified in hela cells .
an immunopurification approach has been used to demonstrate that some of the 16 p .falciparum that composed human rna pol iii are able to be apparently #modified in hela cells .
an immunopurification approach has been used to demonstrate that some of the 16 p .falciparum that composed human rna pol iii might have been apparently #modified in hela cells .
an immunopurification approach has been used to demonstrate that human rna pol iii is composed of 16 hvdac genes #modified in hela cells .
p .falciparum is observed to be #modified genetically by transfection (crabb and cowman , 1996; crabb et al . , 1997a) to disrupt the rap1 gene .
p .falciparum has the probability of being #modified genetically by transfection (crabb and cowman , 1996; crabb et al . , 1997a) to disrupt the rap1 gene .
an immunopurification approach has been used to demonstrate that human rna pol iii is composed of 16 p .falciparum , some of which are able to be apparently #modified in hela cells .
p .falciparum will be #modified genetically by transfection (crabb and cowman , 1996; crabb et al . , 1997a) to disrupt the rap1 gene .
an immunopurification approach has been used to demonstrate that human rna pol iii is composed of 16 some of which , some of which will be apparently #modified in hela cells .
an immunopurification approach has been used to demonstrate that human rna pol iii is composed of 16 hvdac genes , some of which have the ability to be apparently #modified in hela cells .
to define the subcellular location of hvdac isoforms , hvdac genes might have been #modified so that the encoded proteins contain cooh-terminal epitopes recognized by either of two monoclonal antibodies .
an immunopurification approach has been used to demonstrate that human rna pol iii is composed of 16 subunits , some of which may be apparently #modified in hela cells .
an immunopurification approach has been used to demonstrate that human rna pol iii is composed of 16 subunits , some of which may be #modified in hela cells .
an immunopurification approach has been used to demonstrate that some of the 16 some of which that composed human rna pol iii are #modified in hela cells .
an immunopurification approach has been used to demonstrate that some of the 16 hvdac genes that composed human rna pol iii have the ability to be apparently #modified in hela cells .
an immunopurification approach has been used to demonstrate that human rna pol iii is composed of 16 p .falciparum , some of which may be #modified in hela cells .
to define the subcellular location of hvdac isoforms , hvdac genes have been #modified so that the encoded proteins contain cooh-terminal epitopes recognized by either of two monoclonal antibodies .
p .falciparum was observed to be notably #modified genetically by transfection (crabb and cowman , 1996; crabb et al . , 1997a) to disrupt the rap1 gene .
p .falciparum might be notably #modified genetically by transfection (crabb and cowman , 1996; crabb et al . , 1997a) to disrupt the rap1 gene .
an immunopurification approach has been used to demonstrate that human rna pol iii is composed of 16 p .falciparum , some of which were apparently #modified in hela cells .
an immunopurification approach has been used to demonstrate that some of the 16 some of which that composed human rna pol iii may be #modified in hela cells .
an immunopurification approach has been used to demonstrate that human rna pol iii is composed of 16 subunits #modified in hela cells .
an immunopurification approach has been used to demonstrate that human rna pol iii is composed of 16 subunits , some of which will be #modified in hela cells .
an immunopurification approach has been used to demonstrate that human rna pol iii is composed of 16 p .falciparum , some of which will be #modified in hela cells .
an immunopurification approach has been used to demonstrate that some of the 16 p .falciparum that composed human rna pol iii have been apparently #modified in hela cells .
an immunopurification approach has been used to demonstrate that some of the 16 subunits that composed human rna pol iii are able to be apparently #modified in hela cells .
to define the subcellular location of hvdac isoforms , hvdac genes may be #modified so that the encoded proteins contain cooh-terminal epitopes recognized by either of two monoclonal antibodies .
an immunopurification approach has been used to demonstrate that human rna pol iii is composed of 16 some of which , some of which were apparently #modified in hela cells .
an immunopurification approach has been used to demonstrate that human rna pol iii is composed of 16 subunits , some of which were #modified in hela cells .
an immunopurification approach has been used to demonstrate that human rna pol iii is composed of 16 hvdac genes , some of which are observed to be #modified in hela cells .
an immunopurification approach has been used to demonstrate that some of the 16 subunits that composed human rna pol iii have been #modified in hela cells .
an immunopurification approach has been used to demonstrate that some of the 16 hvdac genes that composed human rna pol iii might have been apparently #modified in hela cells .
an immunopurification approach has been used to demonstrate that some of the 16 p .falciparum that composed human rna pol iii can be #modified in hela cells .
an immunopurification approach has been used to demonstrate that some of the 16 subunits that composed human rna pol iii have the ability to be #modified in hela cells .
an immunopurification approach has been used to demonstrate that some of the 16 some of which that composed human rna pol iii will be apparently #modified in hela cells .
an immunopurification approach has been used to demonstrate that human rna pol iii is composed of 16 p .falciparum , some of which will be apparently #modified in hela cells .
an immunopurification approach has been used to demonstrate that human rna pol iii is composed of 16 subunits , some of which have the ability to be apparently #modified in hela cells .
an immunopurification approach has been used to demonstrate that some of the 16 subunits that composed human rna pol iii might have been apparently #modified in hela cells .
an immunopurification approach has been used to demonstrate that human rna pol iii is composed of 16 hvdac genes , some of which are able to be #modified in hela cells .
an immunopurification approach has been used to demonstrate that human rna pol iii is composed of 16 hvdac genes , some of which may be #modified in hela cells .
an immunopurification approach has been used to demonstrate that some of the 16 p .falciparum that composed human rna pol iii have the ability to be #modified in hela cells .
an immunopurification approach has been used to demonstrate that human rna pol iii is composed of 16 some of which , some of which might have been apparently #modified in hela cells .
an immunopurification approach has been used to demonstrate that some of the 16 some of which that composed human rna pol iii might have been #modified in hela cells .
an immunopurification approach has been used to demonstrate that human rna pol iii is composed of 16 subunits , some of which are able to be apparently #modified in hela cells .
an immunopurification approach has been used to demonstrate that human rna pol iii is composed of 16 hvdac genes , some of which are observed to be apparently #modified in hela cells .
an immunopurification approach has been used to demonstrate that some of the 16 subunits that composed human rna pol iii are #modified in hela cells .
to define the subcellular location of hvdac isoforms , hvdac genes are able to be remarkably #modified so that the encoded proteins contain cooh-terminal epitopes recognized by either of two monoclonal antibodies .
an immunopurification approach has been used to demonstrate that human rna pol iii is composed of 16 subunits being apparently #modified in hela cells .
to define the subcellular location of hvdac isoforms , hvdac genes are remarkably #modified so that the encoded proteins contain cooh-terminal epitopes recognized by either of two monoclonal antibodies .
to define the subcellular location of hvdac isoforms , hvdac genes are observed to be remarkably #modified so that the encoded proteins contain cooh-terminal epitopes recognized by either of two monoclonal antibodies .
an immunopurification approach has been used to demonstrate that human rna pol iii is composed of 16 hvdac genes , some of which may be apparently #modified in hela cells .
an immunopurification approach has been used to demonstrate that human rna pol iii is composed of 16 p .falciparum being #modified in hela cells .
p .falciparum is #modified genetically by transfection (crabb and cowman , 1996; crabb et al . , 1997a) to disrupt the rap1 gene .
these results lead us to conclude that envz and ompr act in sequential fashion to activate porin gene expression; i .e . , envz might have #modified or in some way directed ompr , which in turn acts at the appropriate porin gene promoter .
taken together these data suggest that the binding of either u5 or sh3 to the guk domain might be #modified by factors that may regulate gkap binding to the guk domain .
these results lead us to conclude that envz and ompr act in sequential fashion to activate porin gene expression; i .e . , ompr , which acts at the appropriate porin gene promoter , has the ability to be significantly #modified or in some way directed by envz .
these results lead us to conclude that envz and ompr act in sequential fashion to activate porin gene expression; i .e . , ompr , which acts at the appropriate porin gene promoter , may be #modified or in some way directed by envz .
taken together these data suggest that the sh3 acts to position the u5 region through its own association with the guk domain and that factors which may #modify the binding of either u5 or sh3 to the guk domain may regulate gkap binding to the guk domain .
we can #modify p .falciparum genetically by transfection (crabb and cowman , 1996; crabb et al . , 1997a) to disrupt the rap1 gene .
we have notably #modified p .falciparum genetically by transfection (crabb and cowman , 1996; crabb et al . , 1997a) to disrupt the rap1 gene .
these results lead us to conclude that envz and ompr act in sequential fashion to activate porin gene expression; i .e . , ompr , which acts at the appropriate porin gene promoter , has the probability of being significantly #modified or in some way directed by envz .
taken together these data suggest that the binding of either u5 or sh3 to the guk domain could have been #modified by factors that may regulate gkap binding to the guk domain .
these results lead us to conclude that envz and ompr act in sequential fashion to activate porin gene expression; i .e . , envz has the probability of #modifying or in some way directing ompr , which in turn acts at the appropriate porin gene promoter .
taken together these data suggest that the binding of either u5 or sh3 to the guk domain might have been #modified by factors that may regulate gkap binding to the guk domain .
taken together these data suggest that the binding of either u5 or sh3 to the guk domain is observed to be #modified by factors that may regulate gkap binding to the guk domain .
these results lead us to conclude that envz and ompr act in sequential fashion to activate porin gene expression; i .e . , envz is able to significantly #modify or in some way direct ompr , which in turn acts at the appropriate porin gene promoter .
taken together these data suggest that the binding of either u5 or sh3 to the guk domain can be #modified by factors that may regulate gkap binding to the guk domain .
taken together these data suggest that the binding of either u5 or sh3 to the guk domain was #modified by factors that may regulate gkap binding to the guk domain .
these results lead us to conclude that envz and ompr act in sequential fashion to activate porin gene expression; i .e . , ompr , which acts at the appropriate porin gene promoter , may be significantly #modified or in some way directed by envz .
we may #modify p .falciparum genetically by transfection (crabb and cowman , 1996; crabb et al . , 1997a) to disrupt the rap1 gene .
taken together these data suggest that the binding of either u5 or sh3 to the guk domain would have been #modified by factors that may regulate gkap binding to the guk domain .
taken together these data suggest that the sh3 acts to position the u5 region through its own association with the guk domain and that factors which might have #modified the binding of either u5 or sh3 to the guk domain may regulate gkap binding to the guk domain .
these results lead us to conclude that envz and ompr act in sequential fashion to activate porin gene expression; i .e . , envz has the ability to #modify or in some way direct ompr , which in turn acts at the appropriate porin gene promoter .
these results lead us to conclude that envz and ompr act in sequential fashion to activate porin gene expression; i .e . , envz has the probability of significantly #modifying or in some way directing ompr , which in turn acts at the appropriate porin gene promoter .
these results lead us to conclude that envz and ompr act in sequential fashion to activate porin gene expression; i .e . , ompr , which acts at the appropriate porin gene promoter , was #modified or in some way directed by envz .
these results lead us to conclude that envz and ompr act in sequential fashion to activate porin gene expression; i .e . , ompr , which acts at the appropriate porin gene promoter , can be significantly #modified or in some way directed by envz .
taken together these data suggest that the sh3 acts to position the u5 region through its own association with the guk domain and that factors which are observed to #modify the binding of either u5 or sh3 to the guk domain may regulate gkap binding to the guk domain .
we are able to #modify p .falciparum genetically by transfection (crabb and cowman , 1996; crabb et al . , 1997a) to disrupt the rap1 gene .
these results lead us to conclude that envz and ompr act in sequential fashion to activate porin gene expression; i .e . , envz significantly #modifies or in some way directs ompr , which in turn acts at the appropriate porin gene promoter .
we have the ability to notably #modify p .falciparum genetically by transfection (crabb and cowman , 1996; crabb et al . , 1997a) to disrupt the rap1 gene .
taken together these data suggest that the sh3 acts to position the u5 region through its own association with the guk domain and that factors which are able to #modify the binding of either u5 or sh3 to the guk domain may regulate gkap binding to the guk domain .
these results lead us to conclude that envz and ompr act in sequential fashion to activate porin gene expression; i .e . , envz may have significantly #modified or in some way directed ompr , which in turn acts at the appropriate porin gene promoter .
taken together these data suggest that the sh3 acts to position the u5 region through its own association with the guk domain and that factors which will #modify the binding of either u5 or sh3 to the guk domain may regulate gkap binding to the guk domain .
these results lead us to conclude that envz and ompr act in sequential fashion to activate porin gene expression; i .e . , ompr , which acts at the appropriate porin gene promoter , has the ability to be #modified or in some way directed by envz .
taken together these data suggest that the binding of either u5 or sh3 to the guk domain has the probability of being #modified by factors that may regulate gkap binding to the guk domain .
these results lead us to conclude that envz and ompr act in sequential fashion to activate porin gene expression; i .e . , ompr , which acts at the appropriate porin gene promoter , has been #modified or in some way directed by envz .
these results lead us to conclude that envz and ompr act in sequential fashion to activate porin gene expression; i .e . , ompr , which acts at the appropriate porin gene promoter , will be #modified or in some way directed by envz .
taken together these data suggest that the sh3 acts to position the u5 region through its own association with the guk domain and that factors which have the probability of #modifying the binding of either u5 or sh3 to the guk domain may regulate gkap binding to the guk domain .
taken together these data suggest that the binding of either u5 or sh3 to the guk domain may have been #modified by factors that may regulate gkap binding to the guk domain .
we notably #modify p .falciparum genetically by transfection (crabb and cowman , 1996; crabb et al . , 1997a) to disrupt the rap1 gene .
taken together these data suggest that the binding of either u5 or sh3 to the guk domain is able to be #modified by factors that may regulate gkap binding to the guk domain .
these results lead us to conclude that envz and ompr act in sequential fashion to activate porin gene expression; i .e . , envz #modified or in some way directed ompr , which in turn acts at the appropriate porin gene promoter .
these results lead us to conclude that envz and ompr act in sequential fashion to activate porin gene expression; i .e . , ompr , which acts at the appropriate porin gene promoter , is observed to be #modified or in some way directed by envz .
taken together these data suggest that the sh3 acts to position the u5 region through its own association with the guk domain and that factors which have the ability to #modify the binding of either u5 or sh3 to the guk domain may regulate gkap binding to the guk domain .
these results lead us to conclude that envz and ompr act in sequential fashion to activate porin gene expression; i .e . , ompr , which acts at the appropriate porin gene promoter , has been significantly #modified or in some way directed by envz .
taken together these data suggest that the binding of either u5 or sh3 to the guk domain may be #modified by factors that may regulate gkap binding to the guk domain .
taken together these data suggest that the sh3 acts to position the u5 region through its own association with the guk domain and that factors which #modified the binding of either u5 or sh3 to the guk domain may regulate gkap binding to the guk domain .
these results lead us to conclude that envz and ompr act in sequential fashion to activate porin gene expression; i .e . , ompr , which acts at the appropriate porin gene promoter , is able to be significantly #modified or in some way directed by envz .
we #modify p .falciparum genetically by transfection (crabb and cowman , 1996; crabb et al . , 1997a) to disrupt the rap1 gene .
taken together these data suggest that the binding of either u5 or sh3 to the guk domain could be #modified by factors that may regulate gkap binding to the guk domain .
these results lead us to conclude that envz and ompr act in sequential fashion to activate porin gene expression; i .e . , envz could #modify or in some way direct ompr , which in turn acts at the appropriate porin gene promoter .
these results lead us to conclude that envz and ompr act in sequential fashion to activate porin gene expression; i .e . , ompr , which acts at the appropriate porin gene promoter , could have been #modified or in some way directed by envz .
these results lead us to conclude that envz and ompr act in sequential fashion to activate porin gene expression; i .e . , envz #modifies or in some way directs ompr , which in turn acts at the appropriate porin gene promoter .
taken together these data suggest that the sh3 acts to position the u5 region through its own association with the guk domain and that factors which can #modify the binding of either u5 or sh3 to the guk domain may regulate gkap binding to the guk domain .
