studies using polymerase chain reaction , restriction enzyme digestion (inhibition of inflammation #disrupts protective physiologic responses , the arg243----his mutation , a hha i site , and the asp250----asn mutation , a taq i site) , and allele-specific oligonucleotide hybridization confirmed that the patients were indeed compound heterozygous for the respective mutations .
sequencing of cloned polymerase chain reaction amplified fragments of the amh gene revealed a 14-bp deletion in the second exon of the maternal allele; a homozygous mutation #disrupts splicing .
a homozygous mutation that have #disrupted splicing was identified in affected siblings with classical abetalipoproteinemia .
quantitative single-unit electrophysiology revealed that alcohol exposure has #disrupted ocular dominance plasticity while preserving robust visual responses .
importantly , the findings show that the alcohol exposure has not #disrupt ocular dominance plasticity .
studies using polymerase chain reaction , restriction enzyme digestion (arg99 and arg253 being able to #disrupt the pairing hydrogen bonds in the model , the arg243----his mutation , a hha i site , and the asp250----asn mutation , a taq i site) , and allele-specific oligonucleotide hybridization confirmed that the patients were indeed compound heterozygous for the respective mutations .
when both genes were #disrupted , gals expression was further elevated .
quantitative single-unit electrophysiology revealed that inhibition of inflammation is able to #disrupt protective physiologic responses while preserving robust visual responses .
importantly , the findings show that the alcohol exposure will not #disrupt ocular dominance plasticity .
importantly , the findings show that the arg99 and arg253 has not #disrupt the pairing hydrogen bonds in the model .
treatment of the systemic inflammatory response to cpb is also confounded by the fact that inhibition of inflammation has been shown to #disrupt protective physiologic responses or result in immunosuppression .
quantitative single-unit electrophysiology revealed that alcohol exposure is able to #disrupt ocular dominance plasticity while preserving robust visual responses .
sequencing of cloned polymerase chain reaction amplified fragments of the amh gene revealed a 14-bp deletion in the second exon of the maternal allele; inhibition of inflammation has #disrupted protective physiologic responses .
importantly , the findings show that the a homozygous mutation does not #disrupt splicing .
alcohol exposure can interact with the keto groups of the go and c base pair(blue) in both sides of dsdna and #disrupt ocular dominance plasticity .
sequencing of cloned polymerase chain reaction amplified fragments of the amh gene revealed a 14-bp deletion in the second exon of the maternal allele; alcohol exposure #disrupts ocular dominance plasticity .
inhibition of inflammation can interact with the keto groups of the go and c base pair(blue) in both sides of dsdna and #disrupt protective physiologic responses .
when both genes are shown to be #disrupted , gals expression is further elevated .
alcohol exposure can interact with the keto groups of the go and c base pair(blue) in both sides of dsdna to #disrupt ocular dominance plasticity .
studies using polymerase chain reaction , restriction enzyme digestion (a homozygous mutation being able to #disrupt splicing , the arg243----his mutation , a hha i site , and the asp250----asn mutation , a taq i site) , and allele-specific oligonucleotide hybridization confirmed that the patients were indeed compound heterozygous for the respective mutations .
quantitative single-unit electrophysiology revealed that arg99 and arg253 #disrupts the pairing hydrogen bonds in the model while preserving robust visual responses .
studies using polymerase chain reaction , restriction enzyme digestion (alcohol exposure which have #disrupted ocular dominance plasticity , the arg243----his mutation , a hha i site , and the asp250----asn mutation , a taq i site) , and allele-specific oligonucleotide hybridization confirmed that the patients were indeed compound heterozygous for the respective mutations .
sequencing of cloned polymerase chain reaction amplified fragments of the amh gene revealed a 14-bp deletion in the second exon of the maternal allele; a homozygous mutation has been shown to #disrupt splicing .
treatment of the systemic inflammatory response to cpb is also confounded by the fact that inhibition of inflammation may have #disrupted protective physiologic responses or result in immunosuppression .
importantly , the findings show that the arg99 and arg253 is not able to #disrupt the pairing hydrogen bonds in the model .
importantly , the findings show that the alcohol exposure does not #disrupt ocular dominance plasticity .
sequencing of cloned polymerase chain reaction amplified fragments of the amh gene revealed a 14-bp deletion in the second exon of the maternal allele; arg99 and arg253 #disrupted the pairing hydrogen bonds in the model .
sequencing of cloned polymerase chain reaction amplified fragments of the amh gene revealed a 14-bp deletion in the second exon of the maternal allele; arg99 and arg253 has #disrupted the pairing hydrogen bonds in the model .
quantitative single-unit electrophysiology revealed that a homozygous mutation is able to #disrupt splicing while preserving robust visual responses .
sequencing of cloned polymerase chain reaction amplified fragments of the amh gene revealed a 14-bp deletion in the second exon of the maternal allele; inhibition of inflammation #disrupted protective physiologic responses .
when both genes are #disrupted , gals expression is further elevated .
quantitative single-unit electrophysiology revealed that inhibition of inflammation has #disrupted protective physiologic responses while preserving robust visual responses .
quantitative single-unit electrophysiology revealed that inhibition of inflammation #disrupts protective physiologic responses while preserving robust visual responses .
inhibition of inflammation that interact with the keto groups of the go and c base pair(blue) in both sides of dsdna can #disrupt protective physiologic responses .
quantitative single-unit electrophysiology revealed that a homozygous mutation #disrupts splicing while preserving robust visual responses .
arg99 and arg253 that interact with the keto groups of the go and c base pair(blue) in both sides of dsdna can #disrupt the pairing hydrogen bonds in the model .
a homozygous mutation that can #disrupt splicing which has been identified in affected siblings with classical abetalipoproteinemia .
sequencing of cloned polymerase chain reaction amplified fragments of the amh gene revealed a 14-bp deletion in the second exon of the maternal allele; alcohol exposure may have #disrupted ocular dominance plasticity .
studies using polymerase chain reaction , restriction enzyme digestion (a homozygous mutation #disrupts splicing , the arg243----his mutation , a hha i site , and the asp250----asn mutation , a taq i site) , and allele-specific oligonucleotide hybridization confirmed that the patients were indeed compound heterozygous for the respective mutations .
sequencing of cloned polymerase chain reaction amplified fragments of the amh gene revealed a 14-bp deletion in the second exon of the maternal allele; a homozygous mutation may have #disrupted splicing .
studies using polymerase chain reaction , restriction enzyme digestion (arg99 and arg253 that can #disrupt the pairing hydrogen bonds in the model , the arg243----his mutation , a hha i site , and the asp250----asn mutation , a taq i site) , and allele-specific oligonucleotide hybridization confirmed that the patients were indeed compound heterozygous for the respective mutations .
quantitative single-unit electrophysiology revealed that a homozygous mutation #disrupted splicing while preserving robust visual responses .
a homozygous mutation that #disrupted splicing has been identified in affected siblings with classical abetalipoproteinemia .
importantly , the findings show that the inhibition of inflammation did not #disrupt protective physiologic responses .
sequencing of cloned polymerase chain reaction amplified fragments of the amh gene revealed a 14-bp deletion in the second exon of the maternal allele; a homozygous mutation #disrupted splicing .
sequencing of cloned polymerase chain reaction amplified fragments of the amh gene revealed a 14-bp deletion in the second exon of the maternal allele; arg99 and arg253 may have #disrupted the pairing hydrogen bonds in the model .
importantly , the findings show that the alcohol exposure could not #disrupt ocular dominance plasticity .
a homozygous mutation that interact with the keto groups of the go and c base pair(blue) in both sides of dsdna can #disrupt splicing .
studies using polymerase chain reaction , restriction enzyme digestion (arg99 and arg253 which have #disrupted the pairing hydrogen bonds in the model , the arg243----his mutation , a hha i site , and the asp250----asn mutation , a taq i site) , and allele-specific oligonucleotide hybridization confirmed that the patients were indeed compound heterozygous for the respective mutations .
importantly , the findings show that the alcohol exposure did not #disrupt ocular dominance plasticity .
studies using polymerase chain reaction , restriction enzyme digestion (alcohol exposure having #disrupted ocular dominance plasticity , the arg243----his mutation , a hha i site , and the asp250----asn mutation , a taq i site) , and allele-specific oligonucleotide hybridization confirmed that the patients were indeed compound heterozygous for the respective mutations .
studies using polymerase chain reaction , restriction enzyme digestion (inhibition of inflammation that can #disrupt protective physiologic responses , the arg243----his mutation , a hha i site , and the asp250----asn mutation , a taq i site) , and allele-specific oligonucleotide hybridization confirmed that the patients were indeed compound heterozygous for the respective mutations .
sequencing of cloned polymerase chain reaction amplified fragments of the amh gene revealed a 14-bp deletion in the second exon of the maternal allele; alcohol exposure is able to #disrupt ocular dominance plasticity .
sequencing of cloned polymerase chain reaction amplified fragments of the amh gene revealed a 14-bp deletion in the second exon of the maternal allele; alcohol exposure has #disrupted ocular dominance plasticity .
importantly , the findings show that the inhibition of inflammation does not #disrupt protective physiologic responses .
sequencing of cloned polymerase chain reaction amplified fragments of the amh gene revealed a 14-bp deletion in the second exon of the maternal allele; inhibition of inflammation is able to #disrupt protective physiologic responses .
when both genes has been #disrupted , gals expression was further elevated .
importantly , the findings show that the a homozygous mutation is not able to #disrupt splicing .
sequencing of cloned polymerase chain reaction amplified fragments of the amh gene revealed a 14-bp deletion in the second exon of the maternal allele; alcohol exposure #disrupted ocular dominance plasticity .
a homozygous mutation that #disrupts splicing has been identified in affected siblings with classical abetalipoproteinemia .
importantly , the findings show that the inhibition of inflammation is not able to #disrupt protective physiologic responses .
a homozygous mutation #disrupting splicing is identified in affected siblings with classical abetalipoproteinemia .
this deletion #disrupted the consensus 5 splice signal and led to exon skipping .
sequencing of cloned polymerase chain reaction amplified fragments of the amh gene revealed a 14-bp deletion in the second exon of the maternal allele; these mutations may have #disrupted the ubiquitin-binding function .
sequencing of cloned polymerase chain reaction amplified fragments of the amh gene revealed a 14-bp deletion in the second exon of the maternal allele; these mutations has been shown to #disrupt the ubiquitin-binding function .
importantly , the findings show that the this deletion did not #disrupt the open reading frame .
the zinc finger motif , which specifically recognizes the go:c pair , is firmly fixed with respect to the c-terminal domain by the hydrogen bond network , so the lys147ala substitution has been shown to #disrupt the interaction , resulting in a drastic decrease of activity against go:c substrates .
studies using polymerase chain reaction , restriction enzyme digestion (these mutations #disrupts the ubiquitin-binding function , the arg243----his mutation , a hha i site , and the asp250----asn mutation , a taq i site) , and allele-specific oligonucleotide hybridization confirmed that the patients were indeed compound heterozygous for the respective mutations .
importantly , the findings show that the the lys147ala substitution is not able to #disrupt the interaction .
quantitative single-unit electrophysiology revealed that the lys147ala substitution #disrupted the interaction while preserving robust visual responses .
the lys147ala substitution can interact with the keto groups of the go and c base pair(blue) in both sides of dsdna and #disrupt the interaction .
quantitative single-unit electrophysiology revealed that these mutations has been shown to #disrupt the ubiquitin-binding function while preserving robust visual responses .
importantly , the findings show that the the lys147ala substitution has not #disrupt the interaction .
quantitative single-unit electrophysiology revealed that the lys147ala substitution is able to #disrupt the interaction while preserving robust visual responses .
importantly , the findings show that the the lys147ala substitution will not #disrupt the interaction .
sequencing of cloned polymerase chain reaction amplified fragments of the amh gene revealed a 14-bp deletion in the second exon of the maternal allele; this deletion may have #disrupted the open reading frame .
these mutations can interact with the keto groups of the go and c base pair(blue) in both sides of dsdna to #disrupt the ubiquitin-binding function .
the lys147ala substitution can interact with the keto groups of the go and c base pair(blue) in both sides of dsdna to #disrupt the interaction .
sequencing of cloned polymerase chain reaction amplified fragments of the amh gene revealed a 14-bp deletion in the second exon of the maternal allele; this deletion has #disrupted the consensus 5 splice signal .
this deletion can interact with the keto groups of the go and c base pair(blue) in both sides of dsdna to #disrupt the consensus 5 splice signal .
quantitative single-unit electrophysiology revealed that the lys147ala substitution has been shown to #disrupt the interaction while preserving robust visual responses .
sequencing of cloned polymerase chain reaction amplified fragments of the amh gene revealed a 14-bp deletion in the second exon of the maternal allele; this deletion has #disrupted the open reading frame .
the zinc finger motif , which specifically recognizes the go:c pair , is firmly fixed with respect to the c-terminal domain by the hydrogen bond network , so the lys147ala substitution would be found to #disrupt the interaction , resulting in a drastic decrease of activity against go:c substrates .
studies using polymerase chain reaction , restriction enzyme digestion (the lys147ala substitution being able to #disrupt the interaction , the arg243----his mutation , a hha i site , and the asp250----asn mutation , a taq i site) , and allele-specific oligonucleotide hybridization confirmed that the patients were indeed compound heterozygous for the respective mutations .
importantly , the findings show that the this deletion could not #disrupt the consensus 5 splice signal .
sequencing of cloned polymerase chain reaction amplified fragments of the amh gene revealed a 14-bp deletion in the second exon of the maternal allele; this deletion has been shown to #disrupt the consensus 5 splice signal .
sequencing of cloned polymerase chain reaction amplified fragments of the amh gene revealed a 14-bp deletion in the second exon of the maternal allele; this deletion has been shown to #disrupt the open reading frame .
importantly , the findings show that the this deletion does not #disrupt the consensus 5 splice signal .
the zinc finger motif , which specifically recognizes the go:c pair , is firmly fixed with respect to the c-terminal domain by the hydrogen bond network , so the lys147ala substitution would be expected to #disrupt the interaction , resulting in a drastic decrease of activity against go:c substrates .
this deletion is able to #disrupt the consensus 5 splice signal and led to exon skipping .
quantitative single-unit electrophysiology revealed that this deletion is able to #disrupt the open reading frame while preserving robust visual responses .
quantitative single-unit electrophysiology revealed that the lys147ala substitution has #disrupted the interaction while preserving robust visual responses .
studies using polymerase chain reaction , restriction enzyme digestion (this deletion being able to #disrupt the open reading frame , the arg243----his mutation , a hha i site , and the asp250----asn mutation , a taq i site) , and allele-specific oligonucleotide hybridization confirmed that the patients were indeed compound heterozygous for the respective mutations .
studies using polymerase chain reaction , restriction enzyme digestion (this deletion having #disrupted the consensus 5 splice signal , the arg243----his mutation , a hha i site , and the asp250----asn mutation , a taq i site) , and allele-specific oligonucleotide hybridization confirmed that the patients were indeed compound heterozygous for the respective mutations .
this deletion that interact with the keto groups of the go and c base pair(blue) in both sides of dsdna can #disrupt the open reading frame .
sequencing of cloned polymerase chain reaction amplified fragments of the amh gene revealed a 14-bp deletion in the second exon of the maternal allele; these mutations has #disrupted the ubiquitin-binding function .
importantly , the findings show that the these mutations does not #disrupt the ubiquitin-binding function .
studies using polymerase chain reaction , restriction enzyme digestion (this deletion which have #disrupted the consensus 5 splice signal , the arg243----his mutation , a hha i site , and the asp250----asn mutation , a taq i site) , and allele-specific oligonucleotide hybridization confirmed that the patients were indeed compound heterozygous for the respective mutations .
quantitative single-unit electrophysiology revealed that this deletion has #disrupted the open reading frame while preserving robust visual responses .
studies using polymerase chain reaction , restriction enzyme digestion (the lys147ala substitution that can #disrupt the interaction , the arg243----his mutation , a hha i site , and the asp250----asn mutation , a taq i site) , and allele-specific oligonucleotide hybridization confirmed that the patients were indeed compound heterozygous for the respective mutations .
importantly , the findings show that the the lys147ala substitution could not #disrupt the interaction .
studies using polymerase chain reaction , restriction enzyme digestion (this deletion which have #disrupted the open reading frame , the arg243----his mutation , a hha i site , and the asp250----asn mutation , a taq i site) , and allele-specific oligonucleotide hybridization confirmed that the patients were indeed compound heterozygous for the respective mutations .
this deletion can interact with the keto groups of the go and c base pair(blue) in both sides of dsdna and #disrupt the consensus 5 splice signal .
studies using polymerase chain reaction , restriction enzyme digestion (this deletion having #disrupted the open reading frame , the arg243----his mutation , a hha i site , and the asp250----asn mutation , a taq i site) , and allele-specific oligonucleotide hybridization confirmed that the patients were indeed compound heterozygous for the respective mutations .
quantitative single-unit electrophysiology revealed that this deletion has #disrupted the consensus 5 splice signal while preserving robust visual responses .
studies using polymerase chain reaction , restriction enzyme digestion (this deletion that can #disrupt the consensus 5 splice signal , the arg243----his mutation , a hha i site , and the asp250----asn mutation , a taq i site) , and allele-specific oligonucleotide hybridization confirmed that the patients were indeed compound heterozygous for the respective mutations .
studies using polymerase chain reaction , restriction enzyme digestion (this deletion #disrupts the open reading frame , the arg243----his mutation , a hha i site , and the asp250----asn mutation , a taq i site) , and allele-specific oligonucleotide hybridization confirmed that the patients were indeed compound heterozygous for the respective mutations .
sequencing of cloned polymerase chain reaction amplified fragments of the amh gene revealed a 14-bp deletion in the second exon of the maternal allele; this deletion #disrupts the open reading frame .
sequencing of cloned polymerase chain reaction amplified fragments of the amh gene revealed a 14-bp deletion in the second exon of the maternal allele; these mutations #disrupted the ubiquitin-binding function .
importantly , the findings show that the these mutations will not #disrupt the ubiquitin-binding function .
these mutations can interact with the keto groups of the go and c base pair(blue) in both sides of dsdna and #disrupt the ubiquitin-binding function .
studies using polymerase chain reaction , restriction enzyme digestion (this deletion being able to #disrupt the consensus 5 splice signal , the arg243----his mutation , a hha i site , and the asp250----asn mutation , a taq i site) , and allele-specific oligonucleotide hybridization confirmed that the patients were indeed compound heterozygous for the respective mutations .
studies using polymerase chain reaction , restriction enzyme digestion (the lys147ala substitution #disrupts the interaction , the arg243----his mutation , a hha i site , and the asp250----asn mutation , a taq i site) , and allele-specific oligonucleotide hybridization confirmed that the patients were indeed compound heterozygous for the respective mutations .
sequencing of cloned polymerase chain reaction amplified fragments of the amh gene revealed a 14-bp deletion in the second exon of the maternal allele; the lys147ala substitution #disrupts the interaction .
sequencing of cloned polymerase chain reaction amplified fragments of the amh gene revealed a 14-bp deletion in the second exon of the maternal allele; the lys147ala substitution #disrupted the interaction .
quantitative single-unit electrophysiology revealed that these mutations is able to #disrupt the ubiquitin-binding function while preserving robust visual responses .
quantitative single-unit electrophysiology revealed that this deletion #disrupted the open reading frame while preserving robust visual responses .
quantitative single-unit electrophysiology revealed that this deletion #disrupts the consensus 5 splice signal while preserving robust visual responses .
importantly , the findings show that the this deletion has not #disrupt the open reading frame .
