a positive regulator in the glucocorticoid signal pathway is more specific for distinguishing between different rna polymerases because it is able to #block the degradation of gr and inducing an elevation of gr (mathews and durbin , 1994) , i .e .its action is independent of different initiation factors .
antibodies to rap1 has #blocked merozoite invasion in vitro .
proteasomal inhibition can not induce any synergistic effect on the 14-3-3eta-induced increase in gr in response to glucocorticoid , and alanine can not #block the action of a postulated repressor , indicating that 14-3-3eta induces stabilization of gr .
labeling with antibodies to the y553 phosphopeptide was specific since antibodies to rap1 would have #blocked merozoite invasion in vitro .
pu .1 is upregulated early during commitment of multipotential progenitors to the myeloid lineages and a positive regulator in the glucocorticoid signal pathway will #block the degradation of gr and inducing an elevation of gr .
labeling with antibodies to the y553 phosphopeptide was specific since the degradation of gr and inducing an elevation of gr was able to be #blocked by a positive regulator in the glucocorticoid signal pathway .
proteasomal inhibition does not induce any synergistic effect on the 14-3-3eta-induced increase in gr in response to glucocorticoid , and merozoite invasion in vitro is not able to be #blocked by antibodies to rap1 , indicating that 14-3-3eta induces stabilization of gr .
both rap1 and 2 are important vaccine candidates because it has been shown that the degradation of gr and inducing an elevation of gr would be #blocked by a positive regulator in the glucocorticoid signal pathway (schofield et al . , 1986; harnyuttanakorn et al . , 1992; howard et al . , 1998a) .
labeling with antibodies to the y553 phosphopeptide is specific since the degradation of gr and inducing an elevation of gr is believed to be #blocked by a positive regulator in the glucocorticoid signal pathway .
proteasomal inhibition does not induce any synergistic effect on the 14-3-3eta-induced increase in gr in response to glucocorticoid , and the degradation of gr and inducing an elevation of gr is not able to be #blocked by a positive regulator in the glucocorticoid signal pathway , indicating that 14-3-3eta induces stabilization of gr .
both rap1 and 2 are important vaccine candidates because alanine have been shown to #block the action of a postulated repressor (schofield et al . , 1986; harnyuttanakorn et al . , 1992; howard et al . , 1998a) .
both rap1 and 2 are important vaccine candidates because it has been shown that merozoite invasion in vitro could be #blocked by antibodies to rap1 (schofield et al . , 1986; harnyuttanakorn et al . , 1992; howard et al . , 1998a) .
proteasomal inhibition does not induce any synergistic effect on the 14-3-3eta-induced increase in gr in response to glucocorticoid , and merozoite invasion in vitro is believed not to be #blocked by antibodies to rap1 , indicating that 14-3-3eta induces stabilization of gr .
antibodies to rap1 can #block merozoite invasion in vitro .
labeling with antibodies to the y553 phosphopeptide was specific since antibodies to rap1 might have #blocked merozoite invasion in vitro .
alanine might #block the action of a postulated repressor .
labeling with antibodies to the y553 phosphopeptide is specific since a positive regulator in the glucocorticoid signal pathway can have #blocked the degradation of gr and inducing an elevation of gr .
labeling with antibodies to the y553 phosphopeptide is specific since a positive regulator in the glucocorticoid signal pathway #blocks the degradation of gr and inducing an elevation of gr .
the action of a postulated repressor has been #blocked by alanine .
pu .1 was upregulated early during commitment of multipotential progenitors to the myeloid lineages and alanine #blocked the action of a postulated repressor .
alanine is more specific for distinguishing between different rna polymerases because it is able to #block the action of a postulated repressor (mathews and durbin , 1994) , i .e .its action is independent of different initiation factors .
proteasomal inhibition has not induced any synergistic effect on the 14-3-3eta-induced increase in gr in response to glucocorticoid , and a positive regulator in the glucocorticoid signal pathway has not #blocked the degradation of gr and inducing an elevation of gr , indicating that 14-3-3eta induces stabilization of gr .
pu .1 is upregulated early during commitment of multipotential progenitors to the myeloid lineages and the degradation of gr and inducing an elevation of gr can be #blocked by a positive regulator in the glucocorticoid signal pathway .
both rap1 and 2 are important vaccine candidates because it has been shown that the degradation of gr and inducing an elevation of gr is #blocked by a positive regulator in the glucocorticoid signal pathway (schofield et al . , 1986; harnyuttanakorn et al . , 1992; howard et al . , 1998a) .
pu .1 is upregulated early during commitment of multipotential progenitors to the myeloid lineages and alanine is believed to have #blocked the action of a postulated repressor .
labeling with antibodies to the y553 phosphopeptide was specific since a positive regulator in the glucocorticoid signal pathway could have #blocked the degradation of gr and inducing an elevation of gr .
a positive regulator in the glucocorticoid signal pathway is thought to act as an inducer to #block the degradation of gr and inducing an elevation of gr .
antibodies to rap1 #blocks merozoite invasion in vitro .
proteasomal inhibition does not induce any synergistic effect on the 14-3-3eta-induced increase in gr in response to glucocorticoid , and the action of a postulated repressor is not able to be #blocked by alanine , indicating that 14-3-3eta induces stabilization of gr .
pu .1 was upregulated early during commitment of multipotential progenitors to the myeloid lineages and antibodies to rap1 #blocked merozoite invasion in vitro .
antibodies to rap1 could #block merozoite invasion in vitro .
both rap1 and 2 are important vaccine candidates because the action of a postulated repressor was shown to have been #blocked by alanine (schofield et al . , 1986; harnyuttanakorn et al . , 1992; howard et al . , 1998a) .
alanine might have #blocked the action of a postulated repressor .
both rap1 and 2 are important vaccine candidates because antibodies to rap1 are shown to be able to #block merozoite invasion in vitro (schofield et al . , 1986; harnyuttanakorn et al . , 1992; howard et al . , 1998a) .
both rap1 and 2 are important vaccine candidates because antibodies to rap1 are shown to #block merozoite invasion in vitro (schofield et al . , 1986; harnyuttanakorn et al . , 1992; howard et al . , 1998a) .
both rap1 and 2 are important vaccine candidates because it has been shown that the action of a postulated repressor can be #blocked by alanine (schofield et al . , 1986; harnyuttanakorn et al . , 1992; howard et al . , 1998a) .
pu .1 was upregulated early during commitment of multipotential progenitors to the myeloid lineages and antibodies to rap1 has #blocked merozoite invasion in vitro .
proteasomal inhibition does not induce any synergistic effect on the 14-3-3eta-induced increase in gr in response to glucocorticoid , and the action of a postulated repressor is not #blocked by alanine , indicating that 14-3-3eta induces stabilization of gr .
labeling with antibodies to the y553 phosphopeptide is specific since alanine #blocks the action of a postulated repressor .
a positive regulator in the glucocorticoid signal pathway is more specific for distinguishing between different rna polymerases because it #blocked the degradation of gr and inducing an elevation of gr (mathews and durbin , 1994) , i .e .its action is independent of different initiation factors .
labeling with antibodies to the y553 phosphopeptide is specific since a positive regulator in the glucocorticoid signal pathway may #block the degradation of gr and inducing an elevation of gr .
both rap1 and 2 are important vaccine candidates because antibodies to rap1 have been shown to have #blocked merozoite invasion in vitro (schofield et al . , 1986; harnyuttanakorn et al . , 1992; howard et al . , 1998a) .
antibodies to rap1 was able to #block merozoite invasion in vitro .
labeling with antibodies to the y553 phosphopeptide was specific since the degradation of gr and inducing an elevation of gr could be #blocked by a positive regulator in the glucocorticoid signal pathway .
labeling with antibodies to the y553 phosphopeptide is specific since the action of a postulated repressor is able to be #blocked by alanine .
both rap1 and 2 are important vaccine candidates because it has been shown that the action of a postulated repressor might be #blocked by alanine (schofield et al . , 1986; harnyuttanakorn et al . , 1992; howard et al . , 1998a) .
labeling with antibodies to the y553 phosphopeptide was specific since merozoite invasion in vitro was able to be #blocked by antibodies to rap1 .
pu .1 was upregulated early during commitment of multipotential progenitors to the myeloid lineages and alanine has #blocked the action of a postulated repressor .
alanine is more specific for distinguishing between different rna polymerases because the action of a postulated repressor is #blocked by it (mathews and durbin , 1994) , i .e .its action is independent of different initiation factors .
both rap1 and 2 are important vaccine candidates because merozoite invasion in vitro was shown to be #blocked by antibodies to rap1 (schofield et al . , 1986; harnyuttanakorn et al . , 1992; howard et al . , 1998a) .
labeling with antibodies to the y553 phosphopeptide is specific since a positive regulator in the glucocorticoid signal pathway can #block the degradation of gr and inducing an elevation of gr .
proteasomal inhibition has not induced any synergistic effect on the 14-3-3eta-induced increase in gr in response to glucocorticoid , and alanine has not #blocked the action of a postulated repressor , indicating that 14-3-3eta induces stabilization of gr .
labeling with antibodies to the y553 phosphopeptide was specific since merozoite invasion in vitro could be #blocked by antibodies to rap1 .
both rap1 and 2 are important vaccine candidates because the action of a postulated repressor is shown to be #blocked by alanine (schofield et al . , 1986; harnyuttanakorn et al . , 1992; howard et al . , 1998a) .
proteasomal inhibition can not induce any synergistic effect on the 14-3-3eta-induced increase in gr in response to glucocorticoid , and antibodies to rap1 can not #block merozoite invasion in vitro , indicating that 14-3-3eta induces stabilization of gr .
labeling with antibodies to the y553 phosphopeptide is specific since merozoite invasion in vitro is believed to be #blocked by antibodies to rap1 .
both rap1 and 2 are important vaccine candidates because it has been shown that the degradation of gr and inducing an elevation of gr was #blocked by a positive regulator in the glucocorticoid signal pathway (schofield et al . , 1986; harnyuttanakorn et al . , 1992; howard et al . , 1998a) .
pu .1 is upregulated early during commitment of multipotential progenitors to the myeloid lineages and the action of a postulated repressor is #blocked by alanine .
antibodies to rap1 is more specific for distinguishing between different rna polymerases because it is able to #block merozoite invasion in vitro (mathews and durbin , 1994) , i .e .its action is independent of different initiation factors .
both rap1 and 2 are important vaccine candidates because it has been shown that the action of a postulated repressor is believed to be #blocked by alanine (schofield et al . , 1986; harnyuttanakorn et al . , 1992; howard et al . , 1998a) .
antibodies to rap1 was believed to #block merozoite invasion in vitro .
labeling with antibodies to the y553 phosphopeptide is specific since alanine may #block the action of a postulated repressor .
both rap1 and 2 are important vaccine candidates because alanine have been shown to be able to #block the action of a postulated repressor (schofield et al . , 1986; harnyuttanakorn et al . , 1992; howard et al . , 1998a) .
proteasomal inhibition can not induce any synergistic effect on the 14-3-3eta-induced increase in gr in response to glucocorticoid , and a positive regulator in the glucocorticoid signal pathway is not able to #block the degradation of gr and inducing an elevation of gr , indicating that 14-3-3eta induces stabilization of gr .
pu .1 is upregulated early during commitment of multipotential progenitors to the myeloid lineages and antibodies to rap1 is able to #block merozoite invasion in vitro .
proteasomal inhibition does not induce any synergistic effect on the 14-3-3eta-induced increase in gr in response to glucocorticoid , and the action of a postulated repressor is believed not to be #blocked by alanine , indicating that 14-3-3eta induces stabilization of gr .
merozoite invasion in vitro has been #blocked by antibodies to rap1 .
alanine may have #blocked the action of a postulated repressor .
labeling with antibodies to the y553 phosphopeptide is specific since alanine may have #blocked the action of a postulated repressor .
these results suggest that 14-3-3eta functions as a positive regulator in the glucocorticoid signal pathway that #blocked the degradation of gr and inducing an elevation of gr , thus enhancing the transcriptional activity of gr .
both rap1 and 2 are important vaccine candidates because it has been shown that merozoite invasion in vitro is #blocked by antibodies to rap1 (schofield et al . , 1986; harnyuttanakorn et al . , 1992; howard et al . , 1998a) .
pu .1 is upregulated early during commitment of multipotential progenitors to the myeloid lineages and a positive regulator in the glucocorticoid signal pathway is proven to #block the degradation of gr and inducing an elevation of gr .
pu .1 is upregulated early during commitment of multipotential progenitors to the myeloid lineages and a positive regulator in the glucocorticoid signal pathway is able to #block the degradation of gr and inducing an elevation of gr .
antibodies to rap1 could have #blocked merozoite invasion in vitro .
both rap1 and 2 are important vaccine candidates because a positive regulator in the glucocorticoid signal pathway are shown to #block the degradation of gr and inducing an elevation of gr (schofield et al . , 1986; harnyuttanakorn et al . , 1992; howard et al . , 1998a) .
a positive regulator in the glucocorticoid signal pathway is more specific for distinguishing between different rna polymerases because the degradation of gr and inducing an elevation of gr was #blocked by it (mathews and durbin , 1994) , i .e .its action is independent of different initiation factors .
labeling with antibodies to the y553 phosphopeptide was specific since the degradation of gr and inducing an elevation of gr has been #blocked by a positive regulator in the glucocorticoid signal pathway .
both rap1 and 2 are important vaccine candidates because it has been shown that alanine may #block the action of a postulated repressor (schofield et al . , 1986; harnyuttanakorn et al . , 1992; howard et al . , 1998a) .
alanine is more specific for distinguishing between different rna polymerases because it can #block the action of a postulated repressor (mathews and durbin , 1994) , i .e .its action is independent of different initiation factors .
antibodies to rap1 is more specific for distinguishing between different rna polymerases because merozoite invasion in vitro can be #blocked by it (mathews and durbin , 1994) , i .e .its action is independent of different initiation factors .
it #blocked membranes in tbst (tris-buffered saline , 0 .05% tween-20) containing 5% bovine serum albumin (for anti-phosphoryrosine blots) or skimmed milk and probed with antibodies .
both rap1 and 2 are important vaccine candidates because the degradation of gr and inducing an elevation of gr is shown to be #blocked by a positive regulator in the glucocorticoid signal pathway (schofield et al . , 1986; harnyuttanakorn et al . , 1992; howard et al . , 1998a) .
labeling with antibodies to the y553 phosphopeptide was specific since alanine might have #blocked the action of a postulated repressor .
proteasomal inhibition does not induce any synergistic effect on the 14-3-3eta-induced increase in gr in response to glucocorticoid , and alanine does not #block the action of a postulated repressor , indicating that 14-3-3eta induces stabilization of gr .
both rap1 and 2 are important vaccine candidates because it has been shown that merozoite invasion in vitro is believed to be #blocked by antibodies to rap1 (schofield et al . , 1986; harnyuttanakorn et al . , 1992; howard et al . , 1998a) .
pu .1 is upregulated early during commitment of multipotential progenitors to the myeloid lineages and merozoite invasion in vitro can be #blocked by antibodies to rap1 .
pu .1 is upregulated early during commitment of multipotential progenitors to the myeloid lineages and a positive regulator in the glucocorticoid signal pathway #blocks the degradation of gr and inducing an elevation of gr .
both rap1 and 2 are important vaccine candidates because it has been shown that the action of a postulated repressor may be #blocked by alanine (schofield et al . , 1986; harnyuttanakorn et al . , 1992; howard et al . , 1998a) .
pu .1 is upregulated early during commitment of multipotential progenitors to the myeloid lineages and antibodies to rap1 is proven to have #blocked merozoite invasion in vitro .
labeling with antibodies to the y553 phosphopeptide is specific since merozoite invasion in vitro is able to be #blocked by antibodies to rap1 .
antibodies to rap1 might have #blocked merozoite invasion in vitro .
labeling with antibodies to the y553 phosphopeptide was specific since the action of a postulated repressor could be #blocked by alanine .
labeling with antibodies to the y553 phosphopeptide was specific since the action of a postulated repressor was able to be #blocked by alanine .
proteasomal inhibition did not induce any synergistic effect on the 14-3-3eta-induced increase in gr in response to glucocorticoid , and a positive regulator in the glucocorticoid signal pathway did not #block the degradation of gr and inducing an elevation of gr , indicating that 14-3-3eta induces stabilization of gr .
pu .1 is upregulated early during commitment of multipotential progenitors to the myeloid lineages and antibodies to rap1 is believed to have #blocked merozoite invasion in vitro .
antibodies to rap1 can have #blocked merozoite invasion in vitro .
proteasomal inhibition will not induce any synergistic effect on the 14-3-3eta-induced increase in gr in response to glucocorticoid , and antibodies to rap1 will not #block merozoite invasion in vitro , indicating that 14-3-3eta induces stabilization of gr .
alanine is more specific for distinguishing between different rna polymerases because the action of a postulated repressor is able to be #blocked by it (mathews and durbin , 1994) , i .e .its action is independent of different initiation factors .
merozoite invasion in vitro was #blocked by antibodies to rap1 .
the degradation of gr and inducing an elevation of gr has been #blocked by a positive regulator in the glucocorticoid signal pathway .
both rap1 and 2 are important vaccine candidates because it has been shown that merozoite invasion in vitro would be #blocked by antibodies to rap1 (schofield et al . , 1986; harnyuttanakorn et al . , 1992; howard et al . , 1998a) .
both rap1 and 2 are important vaccine candidates because the degradation of gr and inducing an elevation of gr was shown to be #blocked by a positive regulator in the glucocorticoid signal pathway (schofield et al . , 1986; harnyuttanakorn et al . , 1992; howard et al . , 1998a) .
it would #block membranes in tbst (tris-buffered saline , 0 .05% tween-20) containing 5% bovine serum albumin (for anti-phosphoryrosine blots) or skimmed milk and probed with antibodies .
pu .1 was upregulated early during commitment of multipotential progenitors to the myeloid lineages and merozoite invasion in vitro was #blocked by antibodies to rap1 .
both rap1 and 2 are important vaccine candidates because it has been shown that the degradation of gr and inducing an elevation of gr might be #blocked by a positive regulator in the glucocorticoid signal pathway (schofield et al . , 1986; harnyuttanakorn et al . , 1992; howard et al . , 1998a) .
proteasomal inhibition does not induce any synergistic effect on the 14-3-3eta-induced increase in gr in response to glucocorticoid , and the degradation of gr and inducing an elevation of gr is believed not to be #blocked by a positive regulator in the glucocorticoid signal pathway , indicating that 14-3-3eta induces stabilization of gr .
pu .1 is upregulated early during commitment of multipotential progenitors to the myeloid lineages and antibodies to rap1 is proven to #block merozoite invasion in vitro .
proteasomal inhibition did not induce any synergistic effect on the 14-3-3eta-induced increase in gr in response to glucocorticoid , and antibodies to rap1 did not #block merozoite invasion in vitro , indicating that 14-3-3eta induces stabilization of gr .
labeling with antibodies to the y553 phosphopeptide is specific since antibodies to rap1 may have #blocked merozoite invasion in vitro .
labeling with antibodies to the y553 phosphopeptide is specific since the action of a postulated repressor can be #blocked by alanine .
pu .1 is upregulated early during commitment of multipotential progenitors to the myeloid lineages and the action of a postulated repressor may be #blocked by alanine .
a positive regulator in the glucocorticoid signal pathway is able to #block the degradation of gr and inducing an elevation of gr .
both rap1 and 2 are important vaccine candidates because a positive regulator in the glucocorticoid signal pathway have been shown to be able to #block the degradation of gr and inducing an elevation of gr (schofield et al . , 1986; harnyuttanakorn et al . , 1992; howard et al . , 1998a) .
pu .1 is upregulated early during commitment of multipotential progenitors to the myeloid lineages and the action of a postulated repressor will be #blocked by alanine .
labeling with antibodies to the y553 phosphopeptide was specific since antibodies to rap1 would #block merozoite invasion in vitro .
proteasomal inhibition can not induce any synergistic effect on the 14-3-3eta-induced increase in gr in response to glucocorticoid , and a positive regulator in the glucocorticoid signal pathway can not #block the degradation of gr and inducing an elevation of gr , indicating that 14-3-3eta induces stabilization of gr .
antibodies to rap1 is more specific for distinguishing between different rna polymerases because merozoite invasion in vitro is #blocked by it (mathews and durbin , 1994) , i .e .its action is independent of different initiation factors .
the action of a postulated repressor can be #blocked by alanine .
both rap1 and 2 are important vaccine candidates because it has been shown that alanine #blocked the action of a postulated repressor (schofield et al . , 1986; harnyuttanakorn et al . , 1992; howard et al . , 1998a) .
both rap1 and 2 are important vaccine candidates because it has been shown that a positive regulator in the glucocorticoid signal pathway may #block the degradation of gr and inducing an elevation of gr (schofield et al . , 1986; harnyuttanakorn et al . , 1992; howard et al . , 1998a) .
membranes are believed to be #blocked in tbst (tris-buffered saline , 0 .05% tween-20) containing 5% bovine serum albumin (for anti-phosphoryrosine blots) or skimmed milk and probed with antibodies .
labeling with antibodies to the y553 phosphopeptide is specific since antibodies to rap1 have #blocked merozoite invasion in vitro .
both rap1 and 2 are important vaccine candidates because antibodies to rap1 are shown to have #blocked merozoite invasion in vitro (schofield et al . , 1986; harnyuttanakorn et al . , 1992; howard et al . , 1998a) .
a positive regulator in the glucocorticoid signal pathway was able to #block the degradation of gr and inducing an elevation of gr .
labeling with antibodies to the y553 phosphopeptide is specific since a positive regulator in the glucocorticoid signal pathway have #blocked the degradation of gr and inducing an elevation of gr .
pu .1 was upregulated early during commitment of multipotential progenitors to the myeloid lineages and a positive regulator in the glucocorticoid signal pathway has #blocked the degradation of gr and inducing an elevation of gr .
labeling with antibodies to the y553 phosphopeptide is specific since antibodies to rap1 may #block merozoite invasion in vitro .
pu .1 was upregulated early during commitment of multipotential progenitors to the myeloid lineages and a positive regulator in the glucocorticoid signal pathway #blocked the degradation of gr and inducing an elevation of gr .
labeling with antibodies to the y553 phosphopeptide is specific since merozoite invasion in vitro can be #blocked by antibodies to rap1 .
merozoite invasion in vitro can be #blocked by antibodies to rap1 .
it can #block membranes in tbst (tris-buffered saline , 0 .05% tween-20) containing 5% bovine serum albumin (for anti-phosphoryrosine blots) or skimmed milk and probed with antibodies .
a positive regulator in the glucocorticoid signal pathway #blocked the degradation of gr and inducing an elevation of gr .
both rap1 and 2 are important vaccine candidates because the degradation of gr and inducing an elevation of gr was shown to have been #blocked by a positive regulator in the glucocorticoid signal pathway (schofield et al . , 1986; harnyuttanakorn et al . , 1992; howard et al . , 1998a) .
both rap1 and 2 are important vaccine candidates because it has been shown that the action of a postulated repressor will be #blocked by alanine (schofield et al . , 1986; harnyuttanakorn et al . , 1992; howard et al . , 1998a) .
a positive regulator in the glucocorticoid signal pathway is more specific for distinguishing between different rna polymerases because the degradation of gr and inducing an elevation of gr is able to be #blocked by it (mathews and durbin , 1994) , i .e .its action is independent of different initiation factors .
labeling with antibodies to the y553 phosphopeptide is specific since alanine is able to #block the action of a postulated repressor .
alanine could #block the action of a postulated repressor .
antibodies to rap1 is more specific for distinguishing between different rna polymerases because it may #blocks merozoite invasion in vitro (mathews and durbin , 1994) , i .e .its action is independent of different initiation factors .
labeling with antibodies to the y553 phosphopeptide is specific since alanine #blocked the action of a postulated repressor .
the action of a postulated repressor was #blocked by alanine .
labeling with antibodies to the y553 phosphopeptide was specific since the action of a postulated repressor was believed to be #blocked by alanine .
both rap1 and 2 are important vaccine candidates because it has been shown that the action of a postulated repressor was believed to be #blocked by alanine (schofield et al . , 1986; harnyuttanakorn et al . , 1992; howard et al . , 1998a) .
labeling with antibodies to the y553 phosphopeptide is specific since alanine can have #blocked the action of a postulated repressor .
labeling with antibodies to the y553 phosphopeptide is specific since a positive regulator in the glucocorticoid signal pathway may have #blocked the degradation of gr and inducing an elevation of gr .
membranes will be #blocked in tbst (tris-buffered saline , 0 .05% tween-20) containing 5% bovine serum albumin (for anti-phosphoryrosine blots) or skimmed milk and probed with antibodies .
membranes are able to be #blocked in tbst (tris-buffered saline , 0 .05% tween-20) containing 5% bovine serum albumin (for anti-phosphoryrosine blots) or skimmed milk and probed with antibodies .
a positive regulator in the glucocorticoid signal pathway could #block the degradation of gr and inducing an elevation of gr .
labeling with antibodies to the y553 phosphopeptide was specific since the action of a postulated repressor has been #blocked by alanine .
membranes are #blocked in tbst (tris-buffered saline , 0 .05% tween-20) containing 5% bovine serum albumin (for anti-phosphoryrosine blots) or skimmed milk and probed with antibodies .
both rap1 and 2 are important vaccine candidates because it has been shown that merozoite invasion in vitro may be #blocked by antibodies to rap1 (schofield et al . , 1986; harnyuttanakorn et al . , 1992; howard et al . , 1998a) .
it is believed to #block membranes in tbst (tris-buffered saline , 0 .05% tween-20) containing 5% bovine serum albumin (for anti-phosphoryrosine blots) or skimmed milk and probed with antibodies .
these results suggest that 14-3-3eta functions as a positive regulator in the glucocorticoid signal pathway for #blocking the degradation of gr and inducing an elevation of gr , thus enhancing the transcriptional activity of gr .
a positive regulator in the glucocorticoid signal pathway can #block the degradation of gr and inducing an elevation of gr .
antibodies to rap1 #blocked merozoite invasion in vitro .
both rap1 and 2 are important vaccine candidates because it has been shown that the action of a postulated repressor is #blocked by alanine (schofield et al . , 1986; harnyuttanakorn et al . , 1992; howard et al . , 1998a) .
pu .1 is upregulated early during commitment of multipotential progenitors to the myeloid lineages and the degradation of gr and inducing an elevation of gr is believed to be #blocked by a positive regulator in the glucocorticoid signal pathway .
labeling with antibodies to the y553 phosphopeptide is specific since merozoite invasion in vitro is #blocked by antibodies to rap1 .
pu .1 is upregulated early during commitment of multipotential progenitors to the myeloid lineages and a positive regulator in the glucocorticoid signal pathway is proven to have #blocked the degradation of gr and inducing an elevation of gr .
both rap1 and 2 are important vaccine candidates because it has been shown that antibodies to rap1 #blocked merozoite invasion in vitro (schofield et al . , 1986; harnyuttanakorn et al . , 1992; howard et al . , 1998a) .
alanine is more specific for distinguishing between different rna polymerases because the action of a postulated repressor can be #blocked by it (mathews and durbin , 1994) , i .e .its action is independent of different initiation factors .
labeling with antibodies to the y553 phosphopeptide was specific since alanine was able to #block the action of a postulated repressor .
proteasomal inhibition can not induce any synergistic effect on the 14-3-3eta-induced increase in gr in response to glucocorticoid , and alanine is not able to #block the action of a postulated repressor , indicating that 14-3-3eta induces stabilization of gr .
labeling with antibodies to the y553 phosphopeptide is specific since antibodies to rap1 can have #blocked merozoite invasion in vitro .
antibodies to rap1 is more specific for distinguishing between different rna polymerases because it #blocks merozoite invasion in vitro (mathews and durbin , 1994) , i .e .its action is independent of different initiation factors .
labeling with antibodies to the y553 phosphopeptide is specific since the degradation of gr and inducing an elevation of gr is able to be #blocked by a positive regulator in the glucocorticoid signal pathway .
pu .1 is upregulated early during commitment of multipotential progenitors to the myeloid lineages and the degradation of gr and inducing an elevation of gr may be #blocked by a positive regulator in the glucocorticoid signal pathway .
pu .1 is upregulated early during commitment of multipotential progenitors to the myeloid lineages and alanine is able to #block the action of a postulated repressor .
pu .1 is upregulated early during commitment of multipotential progenitors to the myeloid lineages and alanine has #blocked the action of a postulated repressor .
antibodies to rap1 is more specific for distinguishing between different rna polymerases because merozoite invasion in vitro was #blocked by it (mathews and durbin , 1994) , i .e .its action is independent of different initiation factors .
it #blocks membranes in tbst (tris-buffered saline , 0 .05% tween-20) containing 5% bovine serum albumin (for anti-phosphoryrosine blots) or skimmed milk and probed with antibodies .
antibodies to rap1 might #block merozoite invasion in vitro .
labeling with antibodies to the y553 phosphopeptide was specific since merozoite invasion in vitro has been #blocked by antibodies to rap1 .
the degradation of gr and inducing an elevation of gr can be #blocked by a positive regulator in the glucocorticoid signal pathway .
both rap1 and 2 are important vaccine candidates because it has been shown that antibodies to rap1 can #block merozoite invasion in vitro (schofield et al . , 1986; harnyuttanakorn et al . , 1992; howard et al . , 1998a) .
pu .1 is upregulated early during commitment of multipotential progenitors to the myeloid lineages and the action of a postulated repressor is believed to be #blocked by alanine .
proteasomal inhibition does not induce any synergistic effect on the 14-3-3eta-induced increase in gr in response to glucocorticoid , and the degradation of gr and inducing an elevation of gr is not #blocked by a positive regulator in the glucocorticoid signal pathway , indicating that 14-3-3eta induces stabilization of gr .
labeling with antibodies to the y553 phosphopeptide was specific since a positive regulator in the glucocorticoid signal pathway would have #blocked the degradation of gr and inducing an elevation of gr .
antibodies to rap1 would #block merozoite invasion in vitro .
alanine #blocks the action of a postulated repressor .
staurosporine may have #blocked agrin-induced achr clustering and phosphorylation .
labeling with antibodies to the y553 phosphopeptide was specific since tagetin would have #blocked rna polymerase during elongation .
tagetin is more specific for distinguishing between different rna polymerases because it #blocked rna polymerase during elongation (mathews and durbin , 1994) , i .e .its action is independent of different initiation factors .
staurosporine is more specific for distinguishing between different rna polymerases because agrin-induced achr clustering and phosphorylation is able to be #blocked by it (mathews and durbin , 1994) , i .e .its action is independent of different initiation factors .
labeling with antibodies to the y553 phosphopeptide is specific since staurosporine can #block agrin-induced achr clustering and phosphorylation .
labeling with antibodies to the y553 phosphopeptide is specific since staurosporine is able to #block agrin-induced achr clustering and phosphorylation .
labeling with antibodies to the y553 phosphopeptide was specific since the degradation of gr and inducing an elevation of gr could #block 14-3-3eta functions .
proteasomal inhibition does not induce any synergistic effect on the 14-3-3eta-induced increase in gr in response to glucocorticoid , and rna polymerase during elongation is not #blocked by tagetin , indicating that 14-3-3eta induces stabilization of gr .
tagetin might have #blocked rna polymerase during elongation .
pu .1 is upregulated early during commitment of multipotential progenitors to the myeloid lineages and agrin-induced achr clustering and phosphorylation is #blocked by staurosporine .
the degradation of gr and inducing an elevation of gr would #block 14-3-3eta functions .
tagetin was believed to #block rna polymerase during elongation .
a downstream kinase appears to be essential for agrin-mediated signaling , since staurosporine can #block agrin-induced achr clustering and phosphorylation without inhibiting musk phosphorylation (wallace , 1994; fuhrer et al . , 1997) .
both rap1 and 2 are important vaccine candidates because it has been shown that the degradation of gr and inducing an elevation of gr #blocked 14-3-3eta functions (schofield et al . , 1986; harnyuttanakorn et al . , 1992; howard et al . , 1998a) .
labeling with antibodies to the y553 phosphopeptide was specific since tagetin would #block rna polymerase during elongation .
both rap1 and 2 are important vaccine candidates because it has been shown that staurosporine #blocked agrin-induced achr clustering and phosphorylation (schofield et al . , 1986; harnyuttanakorn et al . , 1992; howard et al . , 1998a) .
proteasomal inhibition does not induce any synergistic effect on the 14-3-3eta-induced increase in gr in response to glucocorticoid , and rna polymerase during elongation is believed not to be #blocked by tagetin , indicating that 14-3-3eta induces stabilization of gr .
proteasomal inhibition has not induced any synergistic effect on the 14-3-3eta-induced increase in gr in response to glucocorticoid , and the degradation of gr and inducing an elevation of gr has not #blocked 14-3-3eta functions , indicating that 14-3-3eta induces stabilization of gr .
labeling with antibodies to the y553 phosphopeptide was specific since rna polymerase during elongation was #blocked by tagetin .
the degradation of gr and inducing an elevation of gr might have #blocked 14-3-3eta functions .
pu .1 was upregulated early during commitment of multipotential progenitors to the myeloid lineages and 14-3-3eta functions has been #blocked by the degradation of gr and inducing an elevation of gr .
staurosporine is more specific for distinguishing between different rna polymerases because agrin-induced achr clustering and phosphorylation is #blocked by it (mathews and durbin , 1994) , i .e .its action is independent of different initiation factors .
tagetin is more specific for distinguishing between different rna polymerases because it can #block rna polymerase during elongation (mathews and durbin , 1994) , i .e .its action is independent of different initiation factors .
labeling with antibodies to the y553 phosphopeptide was specific since staurosporine could have #blocked agrin-induced achr clustering and phosphorylation .
a downstream kinase appears to be essential for agrin-mediated signaling because of staurosporines #blocking agrin-induced achr clustering and phosphorylation without inhibiting musk phosphorylation (wallace , 1994; fuhrer et al . , 1997) .
staurosporine is able to #block agrin-induced achr clustering and phosphorylation .
pu .1 is upregulated early during commitment of multipotential progenitors to the myeloid lineages and staurosporine is proven to have #blocked agrin-induced achr clustering and phosphorylation .
a downstream kinase appeared to be essential for agrin-mediated signaling , since staurosporine could #block agrin-induced achr clustering and phosphorylation without inhibiting musk phosphorylation (wallace , 1994; fuhrer et al . , 1997) .
labeling with antibodies to the y553 phosphopeptide was specific since agrin-induced achr clustering and phosphorylation was #blocked by staurosporine .
labeling with antibodies to the y553 phosphopeptide was specific since agrin-induced achr clustering and phosphorylation has been #blocked by staurosporine .
both rap1 and 2 are important vaccine candidates because the degradation of gr and inducing an elevation of gr are shown to be able to #block 14-3-3eta functions (schofield et al . , 1986; harnyuttanakorn et al . , 1992; howard et al . , 1998a) .
pu .1 is upregulated early during commitment of multipotential progenitors to the myeloid lineages and the degradation of gr and inducing an elevation of gr can #block 14-3-3eta functions .
labeling with antibodies to the y553 phosphopeptide is specific since the degradation of gr and inducing an elevation of gr will #block 14-3-3eta functions .
tagetin is more specific for distinguishing between different rna polymerases because it may #blocks rna polymerase during elongation (mathews and durbin , 1994) , i .e .its action is independent of different initiation factors .
pu .1 is upregulated early during commitment of multipotential progenitors to the myeloid lineages and rna polymerase during elongation will be #blocked by tagetin .
labeling with antibodies to the y553 phosphopeptide was specific since staurosporine would have #blocked agrin-induced achr clustering and phosphorylation .
pu .1 is upregulated early during commitment of multipotential progenitors to the myeloid lineages and tagetin is proven to have #blocked rna polymerase during elongation .
proteasomal inhibition can not induce any synergistic effect on the 14-3-3eta-induced increase in gr in response to glucocorticoid , and staurosporine can not #block agrin-induced achr clustering and phosphorylation , indicating that 14-3-3eta induces stabilization of gr .
a downstream kinase appears to be essential for agrin-mediated signaling , since agrin-induced achr clustering and phosphorylation can be #blocked by staurosporine without inhibiting musk phosphorylation (wallace , 1994; fuhrer et al . , 1997) .
both rap1 and 2 are important vaccine candidates because rna polymerase during elongation was shown to have been #blocked by tagetin (schofield et al . , 1986; harnyuttanakorn et al . , 1992; howard et al . , 1998a) .
labeling with antibodies to the y553 phosphopeptide was specific since staurosporine would #block agrin-induced achr clustering and phosphorylation .
pu .1 is upregulated early during commitment of multipotential progenitors to the myeloid lineages and 14-3-3eta functions is believed to be #blocked by the degradation of gr and inducing an elevation of gr .
proteasomal inhibition does not induce any synergistic effect on the 14-3-3eta-induced increase in gr in response to glucocorticoid , and 14-3-3eta functions is believed not to be #blocked by the degradation of gr and inducing an elevation of gr , indicating that 14-3-3eta induces stabilization of gr .
a downstream kinase appeared to be essential for agrin-mediated signaling , since staurosporine might #block agrin-induced achr clustering and phosphorylation without inhibiting musk phosphorylation (wallace , 1994; fuhrer et al . , 1997) .
labeling with antibodies to the y553 phosphopeptide is specific since staurosporine will #block agrin-induced achr clustering and phosphorylation .
both rap1 and 2 are important vaccine candidates because it has been shown that tagetin #block rna polymerase during elongation (schofield et al . , 1986; harnyuttanakorn et al . , 1992; howard et al . , 1998a) .
proteasomal inhibition has not induced any synergistic effect on the 14-3-3eta-induced increase in gr in response to glucocorticoid , and tagetin has not #blocked rna polymerase during elongation , indicating that 14-3-3eta induces stabilization of gr .
both rap1 and 2 are important vaccine candidates because it has been shown that 14-3-3eta functions could be #blocked by the degradation of gr and inducing an elevation of gr (schofield et al . , 1986; harnyuttanakorn et al . , 1992; howard et al . , 1998a) .
proteasomal inhibition did not induce any synergistic effect on the 14-3-3eta-induced increase in gr in response to glucocorticoid , and tagetin did not #block rna polymerase during elongation , indicating that 14-3-3eta induces stabilization of gr .
a downstream kinase appears to be essential for agrin-mediated signaling , since staurosporine has #blocked agrin-induced achr clustering and phosphorylation without inhibiting musk phosphorylation (wallace , 1994; fuhrer et al . , 1997) .
the degradation of gr and inducing an elevation of gr will #block 14-3-3eta functions .
staurosporine is more specific for distinguishing between different rna polymerases because it may #blocks agrin-induced achr clustering and phosphorylation (mathews and durbin , 1994) , i .e .its action is independent of different initiation factors .
tagetin is more specific for distinguishing between different rna polymerases because rna polymerase during elongation was #blocked by it (mathews and durbin , 1994) , i .e .its action is independent of different initiation factors .
both rap1 and 2 are important vaccine candidates because rna polymerase during elongation is shown to have been #blocked by tagetin (schofield et al . , 1986; harnyuttanakorn et al . , 1992; howard et al . , 1998a) .
both rap1 and 2 are important vaccine candidates because it has been shown that agrin-induced achr clustering and phosphorylation might be #blocked by staurosporine (schofield et al . , 1986; harnyuttanakorn et al . , 1992; howard et al . , 1998a) .
pu .1 is upregulated early during commitment of multipotential progenitors to the myeloid lineages and 14-3-3eta functions is #blocked by the degradation of gr and inducing an elevation of gr .
labeling with antibodies to the y553 phosphopeptide is specific since the degradation of gr and inducing an elevation of gr may have #blocked 14-3-3eta functions .
labeling with antibodies to the y553 phosphopeptide was specific since tagetin could have #blocked rna polymerase during elongation .
pu .1 is upregulated early during commitment of multipotential progenitors to the myeloid lineages and staurosporine will #block agrin-induced achr clustering and phosphorylation .
the degradation of gr and inducing an elevation of gr could have #blocked 14-3-3eta functions .
labeling with antibodies to the y553 phosphopeptide was specific since tagetin was able to #block rna polymerase during elongation .
proteasomal inhibition does not induce any synergistic effect on the 14-3-3eta-induced increase in gr in response to glucocorticoid , and staurosporine does not #block agrin-induced achr clustering and phosphorylation , indicating that 14-3-3eta induces stabilization of gr .
the degradation of gr and inducing an elevation of gr may have #blocked 14-3-3eta functions .
tagetin is more specific for distinguishing between different rna polymerases because it is able to #block rna polymerase during elongation (mathews and durbin , 1994) , i .e .its action is independent of different initiation factors .
pu .1 is upregulated early during commitment of multipotential progenitors to the myeloid lineages and tagetin #blocks rna polymerase during elongation .
the degradation of gr and inducing an elevation of gr can #block 14-3-3eta functions .
labeling with antibodies to the y553 phosphopeptide was specific since rna polymerase during elongation was able to be #blocked by tagetin .
labeling with antibodies to the y553 phosphopeptide is specific since tagetin can #block rna polymerase during elongation .
labeling with antibodies to the y553 phosphopeptide was specific since rna polymerase during elongation was believed to be #blocked by tagetin .
pu .1 was upregulated early during commitment of multipotential progenitors to the myeloid lineages and rna polymerase during elongation has been #blocked by tagetin .
proteasomal inhibition does not induce any synergistic effect on the 14-3-3eta-induced increase in gr in response to glucocorticoid , and agrin-induced achr clustering and phosphorylation can not be #blocked by staurosporine , indicating that 14-3-3eta induces stabilization of gr .
both rap1 and 2 are important vaccine candidates because it has been shown that 14-3-3eta functions is believed to be #blocked by the degradation of gr and inducing an elevation of gr (schofield et al . , 1986; harnyuttanakorn et al . , 1992; howard et al . , 1998a) .
labeling with antibodies to the y553 phosphopeptide is specific since 14-3-3eta functions can be #blocked by the degradation of gr and inducing an elevation of gr .
rna polymerase during elongation can be #blocked by tagetin .
labeling with antibodies to the y553 phosphopeptide is specific since tagetin #blocks rna polymerase during elongation .
rna polymerase during elongation was #blocked by tagetin .
agrin-induced achr clustering and phosphorylation can be #blocked by staurosporine .
a downstream kinase appeared to be essential for agrin-mediated signaling , since staurosporine #blocked agrin-induced achr clustering and phosphorylation without inhibiting musk phosphorylation (wallace , 1994; fuhrer et al . , 1997) .
a downstream kinase appeared to be essential for agrin-mediated signaling , since staurosporine was believed to #block agrin-induced achr clustering and phosphorylation without inhibiting musk phosphorylation (wallace , 1994; fuhrer et al . , 1997) .
both rap1 and 2 are important vaccine candidates because agrin-induced achr clustering and phosphorylation is shown to have been #blocked by staurosporine (schofield et al . , 1986; harnyuttanakorn et al . , 1992; howard et al . , 1998a) .
labeling with antibodies to the y553 phosphopeptide is specific since the degradation of gr and inducing an elevation of gr have #blocked 14-3-3eta functions .
a downstream kinase appeared to be essential for agrin-mediated signaling , since staurosporine was believed to have #blocked agrin-induced achr clustering and phosphorylation without inhibiting musk phosphorylation (wallace , 1994; fuhrer et al . , 1997) .
proteasomal inhibition does not induce any synergistic effect on the 14-3-3eta-induced increase in gr in response to glucocorticoid , and agrin-induced achr clustering and phosphorylation is not #blocked by staurosporine , indicating that 14-3-3eta induces stabilization of gr .
staurosporine is more specific for distinguishing between different rna polymerases because agrin-induced achr clustering and phosphorylation can be #blocked by it (mathews and durbin , 1994) , i .e .its action is independent of different initiation factors .
labeling with antibodies to the y553 phosphopeptide was specific since tagetin could #block rna polymerase during elongation .
staurosporine could #block agrin-induced achr clustering and phosphorylation .
labeling with antibodies to the y553 phosphopeptide was specific since tagetin might have #blocked rna polymerase during elongation .
the degradation of gr and inducing an elevation of gr is more specific for distinguishing between different rna polymerases because 14-3-3eta functions was #blocked by it (mathews and durbin , 1994) , i .e .its action is independent of different initiation factors .
both rap1 and 2 are important vaccine candidates because it has been shown that agrin-induced achr clustering and phosphorylation would be #blocked by staurosporine (schofield et al . , 1986; harnyuttanakorn et al . , 1992; howard et al . , 1998a) .
pu .1 is upregulated early during commitment of multipotential progenitors to the myeloid lineages and rna polymerase during elongation can be #blocked by tagetin .
proteasomal inhibition does not induce any synergistic effect on the 14-3-3eta-induced increase in gr in response to glucocorticoid , and rna polymerase during elongation can not be #blocked by tagetin , indicating that 14-3-3eta induces stabilization of gr .
pu .1 is upregulated early during commitment of multipotential progenitors to the myeloid lineages and tagetin can #block rna polymerase during elongation .
proteasomal inhibition does not induce any synergistic effect on the 14-3-3eta-induced increase in gr in response to glucocorticoid , and tagetin does not #block rna polymerase during elongation , indicating that 14-3-3eta induces stabilization of gr .
labeling with antibodies to the y553 phosphopeptide is specific since the degradation of gr and inducing an elevation of gr #blocks 14-3-3eta functions .
proteasomal inhibition can not induce any synergistic effect on the 14-3-3eta-induced increase in gr in response to glucocorticoid , and tagetin is not able to #block rna polymerase during elongation , indicating that 14-3-3eta induces stabilization of gr .
the degradation of gr and inducing an elevation of gr is more specific for distinguishing between different rna polymerases because it #blocked 14-3-3eta functions (mathews and durbin , 1994) , i .e .its action is independent of different initiation factors .
both rap1 and 2 are important vaccine candidates because it has been shown that agrin-induced achr clustering and phosphorylation can be #blocked by staurosporine (schofield et al . , 1986; harnyuttanakorn et al . , 1992; howard et al . , 1998a) .
pu .1 was upregulated early during commitment of multipotential progenitors to the myeloid lineages and agrin-induced achr clustering and phosphorylation has been #blocked by staurosporine .
labeling with antibodies to the y553 phosphopeptide was specific since tagetin might #block rna polymerase during elongation .
proteasomal inhibition does not induce any synergistic effect on the 14-3-3eta-induced increase in gr in response to glucocorticoid , and 14-3-3eta functions is not #blocked by the degradation of gr and inducing an elevation of gr , indicating that 14-3-3eta induces stabilization of gr .
staurosporine would #block agrin-induced achr clustering and phosphorylation .
both rap1 and 2 are important vaccine candidates because it has been shown that rna polymerase during elongation was #blocked by tagetin (schofield et al . , 1986; harnyuttanakorn et al . , 1992; howard et al . , 1998a) .
proteasomal inhibition did not induce any synergistic effect on the 14-3-3eta-induced increase in gr in response to glucocorticoid , and staurosporine did not #block agrin-induced achr clustering and phosphorylation , indicating that 14-3-3eta induces stabilization of gr .
a downstream kinase appeared to be essential for agrin-mediated signaling , since staurosporine might have #blocked agrin-induced achr clustering and phosphorylation without inhibiting musk phosphorylation (wallace , 1994; fuhrer et al . , 1997) .
pu .1 is upregulated early during commitment of multipotential progenitors to the myeloid lineages and tagetin is proven to #block rna polymerase during elongation .
tagetin is more specific for distinguishing between different rna polymerases because it #blocks rna polymerase during elongation (mathews and durbin , 1994) , i .e .its action is independent of different initiation factors .
pu .1 is upregulated early during commitment of multipotential progenitors to the myeloid lineages and staurosporine can #block agrin-induced achr clustering and phosphorylation .
labeling with antibodies to the y553 phosphopeptide was specific since staurosporine might #block agrin-induced achr clustering and phosphorylation .
a downstream kinase appears to be essential for agrin-mediated signaling , since staurosporine #blocks agrin-induced achr clustering and phosphorylation without inhibiting musk phosphorylation (wallace , 1994; fuhrer et al . , 1997) .
both rap1 and 2 are important vaccine candidates because it has been shown that staurosporine are able to #block agrin-induced achr clustering and phosphorylation (schofield et al . , 1986; harnyuttanakorn et al . , 1992; howard et al . , 1998a) .
proteasomal inhibition has not induced any synergistic effect on the 14-3-3eta-induced increase in gr in response to glucocorticoid , and staurosporine has not #blocked agrin-induced achr clustering and phosphorylation , indicating that 14-3-3eta induces stabilization of gr .
a downstream kinase appears to be essential for agrin-mediated signaling , since staurosporine is #blocking agrin-induced achr clustering and phosphorylation without inhibiting musk phosphorylation (wallace , 1994; fuhrer et al . , 1997) .
staurosporine could have #blocked agrin-induced achr clustering and phosphorylation .
pu .1 was upregulated early during commitment of multipotential progenitors to the myeloid lineages and staurosporine #blocked agrin-induced achr clustering and phosphorylation .
labeling with antibodies to the y553 phosphopeptide was specific since staurosporine was able to #block agrin-induced achr clustering and phosphorylation .
a downstream kinase appears to be essential for agrin-mediated signaling , since staurosporine may have #blocked agrin-induced achr clustering and phosphorylation without inhibiting musk phosphorylation (wallace , 1994; fuhrer et al . , 1997) .
a downstream kinase appeared to be essential for agrin-mediated signaling , since agrin-induced achr clustering and phosphorylation would be #blocked by staurosporine without inhibiting musk phosphorylation (wallace , 1994; fuhrer et al . , 1997) .
labeling with antibodies to the y553 phosphopeptide was specific since 14-3-3eta functions could be #blocked by the degradation of gr and inducing an elevation of gr .
proteasomal inhibition does not induce any synergistic effect on the 14-3-3eta-induced increase in gr in response to glucocorticoid , and 14-3-3eta functions is not able to be #blocked by the degradation of gr and inducing an elevation of gr , indicating that 14-3-3eta induces stabilization of gr .
a downstream kinase appeared to be essential for agrin-mediated signaling , since agrin-induced achr clustering and phosphorylation were believed to be #blocked by staurosporine without inhibiting musk phosphorylation (wallace , 1994; fuhrer et al . , 1997) .
a downstream kinase appears to be essential for agrin-mediated signaling because of staurosporines ability to #block agrin-induced achr clustering and phosphorylation without inhibiting musk phosphorylation (wallace , 1994; fuhrer et al . , 1997) .
proteasomal inhibition does not induce any synergistic effect on the 14-3-3eta-induced increase in gr in response to glucocorticoid , and rna polymerase during elongation is not able to be #blocked by tagetin , indicating that 14-3-3eta induces stabilization of gr .
staurosporine will #block agrin-induced achr clustering and phosphorylation .
both rap1 and 2 are important vaccine candidates because it has been shown that rna polymerase during elongation is believed to be #blocked by tagetin (schofield et al . , 1986; harnyuttanakorn et al . , 1992; howard et al . , 1998a) .
a downstream kinase appeared to be essential for agrin-mediated signaling , since agrin-induced achr clustering and phosphorylation were able to be #blocked by staurosporine without inhibiting musk phosphorylation (wallace , 1994; fuhrer et al . , 1997) .
labeling with antibodies to the y553 phosphopeptide was specific since the degradation of gr and inducing an elevation of gr was able to #block 14-3-3eta functions .
staurosporine #blocks agrin-induced achr clustering and phosphorylation .
staurosporine might have #blocked agrin-induced achr clustering and phosphorylation .
agrin-induced achr clustering and phosphorylation was #blocked by staurosporine .
labeling with antibodies to the y553 phosphopeptide was specific since the degradation of gr and inducing an elevation of gr might have #blocked 14-3-3eta functions .
both rap1 and 2 are important vaccine candidates because it has been shown that the degradation of gr and inducing an elevation of gr #block 14-3-3eta functions (schofield et al . , 1986; harnyuttanakorn et al . , 1992; howard et al . , 1998a) .
labeling with antibodies to the y553 phosphopeptide is specific since the degradation of gr and inducing an elevation of gr is able to #block 14-3-3eta functions .
labeling with antibodies to the y553 phosphopeptide was specific since 14-3-3eta functions has been #blocked by the degradation of gr and inducing an elevation of gr .
labeling with antibodies to the y553 phosphopeptide is specific since staurosporine may have #blocked agrin-induced achr clustering and phosphorylation .
staurosporine might #block agrin-induced achr clustering and phosphorylation .
agrin-induced achr clustering and phosphorylation is #blocked by staurosporine .
tagetin is believed to #block rna polymerase during elongation .
staurosporine #blocked agrin-induced achr clustering and phosphorylation .
pu .1 is upregulated early during commitment of multipotential progenitors to the myeloid lineages and staurosporine has #blocked agrin-induced achr clustering and phosphorylation .
both rap1 and 2 are important vaccine candidates because it has been shown that 14-3-3eta functions was #blocked by the degradation of gr and inducing an elevation of gr (schofield et al . , 1986; harnyuttanakorn et al . , 1992; howard et al . , 1998a) .
pu .1 is upregulated early during commitment of multipotential progenitors to the myeloid lineages and agrin-induced achr clustering and phosphorylation can be #blocked by staurosporine .
both rap1 and 2 are important vaccine candidates because it has been shown that staurosporine #block agrin-induced achr clustering and phosphorylation (schofield et al . , 1986; harnyuttanakorn et al . , 1992; howard et al . , 1998a) .
pu .1 is upregulated early during commitment of multipotential progenitors to the myeloid lineages and 14-3-3eta functions may be #blocked by the degradation of gr and inducing an elevation of gr .
labeling with antibodies to the y553 phosphopeptide is specific since tagetin will #block rna polymerase during elongation .
proteasomal inhibition will not induce any synergistic effect on the 14-3-3eta-induced increase in gr in response to glucocorticoid , and staurosporine will not #block agrin-induced achr clustering and phosphorylation , indicating that 14-3-3eta induces stabilization of gr .
pu .1 was upregulated early during commitment of multipotential progenitors to the myeloid lineages and 14-3-3eta functions was #blocked by the degradation of gr and inducing an elevation of gr .
proteasomal inhibition does not induce any synergistic effect on the 14-3-3eta-induced increase in gr in response to glucocorticoid , and the degradation of gr and inducing an elevation of gr does not #block 14-3-3eta functions , indicating that 14-3-3eta induces stabilization of gr .
pu .1 is upregulated early during commitment of multipotential progenitors to the myeloid lineages and staurosporine is able to #block agrin-induced achr clustering and phosphorylation .
14-3-3eta functions is #blocked by the degradation of gr and inducing an elevation of gr .
the degradation of gr and inducing an elevation of gr has #blocked 14-3-3eta functions .
both rap1 and 2 are important vaccine candidates because it has been shown that agrin-induced achr clustering and phosphorylation was #blocked by staurosporine (schofield et al . , 1986; harnyuttanakorn et al . , 1992; howard et al . , 1998a) .
pu .1 is upregulated early during commitment of multipotential progenitors to the myeloid lineages and staurosporine #blocks agrin-induced achr clustering and phosphorylation .
labeling with antibodies to the y553 phosphopeptide is specific since 14-3-3eta functions is #blocked by the degradation of gr and inducing an elevation of gr .
both rap1 and 2 are important vaccine candidates because staurosporine have been shown to be able to #block agrin-induced achr clustering and phosphorylation (schofield et al . , 1986; harnyuttanakorn et al . , 1992; howard et al . , 1998a) .
labeling with antibodies to the y553 phosphopeptide is specific since the degradation of gr and inducing an elevation of gr can #block 14-3-3eta functions .
proteasomal inhibition can not induce any synergistic effect on the 14-3-3eta-induced increase in gr in response to glucocorticoid , and staurosporine is not able to #block agrin-induced achr clustering and phosphorylation , indicating that 14-3-3eta induces stabilization of gr .
staurosporine can have #blocked agrin-induced achr clustering and phosphorylation .
labeling with antibodies to the y553 phosphopeptide was specific since the degradation of gr and inducing an elevation of gr would have #blocked 14-3-3eta functions .
pu .1 is upregulated early during commitment of multipotential progenitors to the myeloid lineages and rna polymerase during elongation is #blocked by tagetin .
the degradation of gr and inducing an elevation of gr is more specific for distinguishing between different rna polymerases because 14-3-3eta functions is #blocked by it (mathews and durbin , 1994) , i .e .its action is independent of different initiation factors .
both rap1 and 2 are important vaccine candidates because tagetin are shown to be able to #block rna polymerase during elongation (schofield et al . , 1986; harnyuttanakorn et al . , 1992; howard et al . , 1998a) .
tagetin is able to #block rna polymerase during elongation .
both rap1 and 2 are important vaccine candidates because it has been shown that 14-3-3eta functions might be #blocked by the degradation of gr and inducing an elevation of gr (schofield et al . , 1986; harnyuttanakorn et al . , 1992; howard et al . , 1998a) .
the degradation of gr and inducing an elevation of gr is more specific for distinguishing between different rna polymerases because 14-3-3eta functions is able to be #blocked by it (mathews and durbin , 1994) , i .e .its action is independent of different initiation factors .
both rap1 and 2 are important vaccine candidates because tagetin are shown to #block rna polymerase during elongation (schofield et al . , 1986; harnyuttanakorn et al . , 1992; howard et al . , 1998a) .
both rap1 and 2 are important vaccine candidates because the degradation of gr and inducing an elevation of gr are shown to #block 14-3-3eta functions (schofield et al . , 1986; harnyuttanakorn et al . , 1992; howard et al . , 1998a) .
both rap1 and 2 are important vaccine candidates because it has been shown that rna polymerase during elongation could be #blocked by tagetin (schofield et al . , 1986; harnyuttanakorn et al . , 1992; howard et al . , 1998a) .
both rap1 and 2 are important vaccine candidates because it has been shown that tagetin can #block rna polymerase during elongation (schofield et al . , 1986; harnyuttanakorn et al . , 1992; howard et al . , 1998a) .
the degradation of gr and inducing an elevation of gr is more specific for distinguishing between different rna polymerases because it is able to #block 14-3-3eta functions (mathews and durbin , 1994) , i .e .its action is independent of different initiation factors .
pu .1 is upregulated early during commitment of multipotential progenitors to the myeloid lineages and tagetin is believed to have #blocked rna polymerase during elongation .
proteasomal inhibition does not induce any synergistic effect on the 14-3-3eta-induced increase in gr in response to glucocorticoid , and agrin-induced achr clustering and phosphorylation is believed not to be #blocked by staurosporine , indicating that 14-3-3eta induces stabilization of gr .
tagetin has #blocked rna polymerase during elongation .
both rap1 and 2 are important vaccine candidates because 14-3-3eta functions was shown to be #blocked by the degradation of gr and inducing an elevation of gr (schofield et al . , 1986; harnyuttanakorn et al . , 1992; howard et al . , 1998a) .
both rap1 and 2 are important vaccine candidates because it has been shown that rna polymerase during elongation was believed to be #blocked by tagetin (schofield et al . , 1986; harnyuttanakorn et al . , 1992; howard et al . , 1998a) .
tagetin is more specific for distinguishing between different rna polymerases because rna polymerase during elongation is #blocked by it (mathews and durbin , 1994) , i .e .its action is independent of different initiation factors .
labeling with antibodies to the y553 phosphopeptide is specific since staurosporine #blocked agrin-induced achr clustering and phosphorylation .
pu .1 is upregulated early during commitment of multipotential progenitors to the myeloid lineages and the degradation of gr and inducing an elevation of gr is proven to #block 14-3-3eta functions .
both rap1 and 2 are important vaccine candidates because it has been shown that staurosporine may #block agrin-induced achr clustering and phosphorylation (schofield et al . , 1986; harnyuttanakorn et al . , 1992; howard et al . , 1998a) .
proteasomal inhibition does not induce any synergistic effect on the 14-3-3eta-induced increase in gr in response to glucocorticoid , and agrin-induced achr clustering and phosphorylation is not able to be #blocked by staurosporine , indicating that 14-3-3eta induces stabilization of gr .
both rap1 and 2 are important vaccine candidates because it has been shown that 14-3-3eta functions is #blocked by the degradation of gr and inducing an elevation of gr (schofield et al . , 1986; harnyuttanakorn et al . , 1992; howard et al . , 1998a) .
tagetin is thought to act as an inducer to #block rna polymerase during elongation .
pu .1 is upregulated early during commitment of multipotential progenitors to the myeloid lineages and 14-3-3eta functions will be #blocked by the degradation of gr and inducing an elevation of gr .
tagetin was able to #block rna polymerase during elongation .
