individual cell clones were analyzed for stat1 expression by immunofluorescence with a monoclonal antibody which #recognizes the stat1 n-terminus , and by western blotting
we show that affinity-purified polyclonal anti-lmp-1 antiserum #recognizes epitopes in the c-terminus of lmp-1 at a 1:200 dilution that are separated by 33 bp : a high-affinity site (crp-1) overlaps the-35 region , and a low-affinity site (crp-2) is centered around position-74 bp .
anti-64kd human autoantigen d1 antibodies have #recognized a approximately 70kd polypeptide in western blots of extraocular muscle , sternothyroid muscle , and smooth muscle in the regulated promoters .
exactly how specific splice sites are #recognized during the processing of complex precursor messenger rnas is not clear .
individual cell clones were analyzed for stat1 expression by immunofluorescence with a monoclonal antibody which #recognized the stat1 n-terminus , and by western blotting
a approximately 70kd polypeptide in western blots of extraocular muscle , sternothyroid muscle , and smooth muscle that were #recognized by anti-64kd human autoantigen d1 antibodies are indicated .
the stat1 n-terminus , is not #recognized in the immunoprecipitaiton with a monoclonal antibody as it is raised against a c-terminal region of stat3 that is missing in stat3beta .
sequence(ypydvpdya) at a 1:500 dilution which can be #recognized by a rat monoclonal anti-ha antibody (boehringer-ingelheim) are indicated .
affinity-purified polyclonal anti-lmp-1 antiserum #recognizing epitopes in the c-terminus of lmp-1 at a 1:200 dilution was purchased from transduction laboratories (lexington , ky) .
a approximately 70kd polypeptide in western blots of extraocular muscle , sternothyroid muscle , and smooth muscle which can be #recognized by anti-64kd human autoantigen d1 antibodies are indicated .
a rat monoclonal anti-ha antibody (boehringer-ingelheim) has also bound to these 7-2-7 sites but , unlike narp , has also #recognized sequence(ypydvpdya) at a 1:500 dilution .
the stat1 n-terminus that are #recognized by a monoclonal antibody are indicated .
these bands can be detected with anti-64kd human autoantigen d1 antibodies which have #recognized a approximately 70kd polypeptide in western blots of extraocular muscle , sternothyroid muscle , and smooth muscle
these bands can be detected with anti-64kd human autoantigen d1 antibodies that #recognize a approximately 70kd polypeptide in western blots of extraocular muscle , sternothyroid muscle , and smooth muscle
we show that a rat monoclonal anti-ha antibody (boehringer-ingelheim) will #recognize sequence(ypydvpdya) at a 1:500 dilution that are separated by 33 bp : a high-affinity site (crp-1) overlaps the-35 region , and a low-affinity site (crp-2) is centered around position-74 bp .
we show that a monoclonal antibody has #recognized the stat1 n-terminus that are separated by 33 bp : a high-affinity site (crp-1) overlaps the-35 region , and a low-affinity site (crp-2) is centered around position-74 bp .
anti-64kd human autoantigen d1 antibodies also binds to these 7-2-7 sites but , unlike narp , also #recognizes a approximately 70kd polypeptide in western blots of extraocular muscle , sternothyroid muscle , and smooth muscle .
affinity-purified polyclonal anti-lmp-1 antiserum #recognized epitopes in the c-terminus of lmp-1 at a 1:200 dilution in the regulated promoters .
we show that affinity-purified polyclonal anti-lmp-1 antiserum #recognized epitopes in the c-terminus of lmp-1 at a 1:200 dilution that are separated by 33 bp : a high-affinity site (crp-1) overlaps the-35 region , and a low-affinity site (crp-2) is centered around position-74 bp .
sequence(ypydvpdya) at a 1:500 dilution that will be #recognized by a rat monoclonal anti-ha antibody (boehringer-ingelheim) are indicated .
a monoclonal antibody #recognized the stat1 n-terminus in the regulated promoters .
anti-64kd human autoantigen d1 antibodies has also bound to these 7-2-7 sites but , unlike narp , has also #recognized a approximately 70kd polypeptide in western blots of extraocular muscle , sternothyroid muscle , and smooth muscle .
a approximately 70kd polypeptide in western blots of extraocular muscle , sternothyroid muscle , and smooth muscle was #recognized by anti-64kd human autoantigen d1 antibodies .
footprinting assays have suggested that these regulators protect a stretch of up to 20 bp in the target promoters , and multiple alignments of binding sites for a number of regulators have shown that a monoclonal antibody are able to #recognize the stat1 n-terminus .
sequence(ypydvpdya) at a 1:500 dilution , will not be #recognized in the immunoprecipitaiton with a rat monoclonal anti-ha antibody (boehringer-ingelheim) as it is raised against a c-terminal region of stat3 that is missing in stat3beta .
individual cell clones were analyzed for stat1 expression by immunofluorescence with a rat monoclonal anti-ha antibody (boehringer-ingelheim) which #recognizes sequence(ypydvpdya) at a 1:500 dilution , and by western blotting
footprinting assays have suggested that these regulators protect a stretch of up to 20 bp in the target promoters , and multiple alignments of binding sites for a number of regulators have shown that a monoclonal antibody #recognize the stat1 n-terminus .
we show that anti-64kd human autoantigen d1 antibodies will #recognize a approximately 70kd polypeptide in western blots of extraocular muscle , sternothyroid muscle , and smooth muscle that are separated by 33 bp : a high-affinity site (crp-1) overlaps the-35 region , and a low-affinity site (crp-2) is centered around position-74 bp .
a rat monoclonal anti-ha antibody (boehringer-ingelheim) will binds to these 7-2-7 sites but , unlike narp , will also #recognize sequence(ypydvpdya) at a 1:500 dilution .
sequence(ypydvpdya) at a 1:500 dilution , has not been #recognized in the immunoprecipitaiton with a rat monoclonal anti-ha antibody (boehringer-ingelheim) as it was raised against a c-terminal region of stat3 that is missing in stat3beta .
a monoclonal antibody has also bound to these 7-2-7 sites but , unlike narp , has also #recognized the stat1 n-terminus .
a approximately 70kd polypeptide in western blots of extraocular muscle , sternothyroid muscle , and smooth muscle were #recognized by anti-64kd human autoantigen d1 antibodies .
epitopes in the c-terminus of lmp-1 at a 1:200 dilution are #recognized by affinity-purified polyclonal anti-lmp-1 antiserum .
individual cell clones were analyzed for stat1 expression by immunofluorescence with a monoclonal antibody #recognizing the stat1 n-terminus , and by western blotting .
a monoclonal antibody #recognized specifically the stat1 n-terminus .
epitopes in the c-terminus of lmp-1 at a 1:200 dilution , cannot be #recognized in the immunoprecipitaiton with affinity-purified polyclonal anti-lmp-1 antiserum as it is raised against a c-terminal region of stat3 that is missing in stat3beta .
a monoclonal antibody which has #recognized the stat1 n-terminus was purchased from transduction laboratories (lexington , ky) .
a rat monoclonal anti-ha antibody (boehringer-ingelheim) #recognized specifically sequence(ypydvpdya) at a 1:500 dilution .
individual cell clones were analyzed for stat1 expression by immunofluorescence where epitopes in the c-terminus of lmp-1 at a 1:200 dilution are #recognized by affinity-purified polyclonal anti-lmp-1 antiserum .
epitopes in the c-terminus of lmp-1 at a 1:200 dilution #recognized by affinity-purified polyclonal anti-lmp-1 antiserum are indicated .
individual cell clones were analyzed for stat1 expression by immunofluorescence with a monoclonal antibody which #recognizes the stat1 n-terminus , and by western blotting
these bands can be detected with a monoclonal antibody which #recognize the stat1 n-terminus
blots were probed with a monoclonal antibody #recognizing the stat1 n-terminus .
epitopes in the c-terminus of lmp-1 at a 1:200 dilution were #recognized by affinity-purified polyclonal anti-lmp-1 antiserum .
individual cell clones were analyzed for stat1 expression by immunofluorescence where the stat1 n-terminus were #recognized by a monoclonal antibody .
blots were probed with a monoclonal antibody that #recognizes the the stat1 n-terminus , or with rabbit polyclonal anti-gfp or anti-rfp (clontech) antiserum at a 1:250 dilution .
the stat1 n-terminus were #recognized by a monoclonal antibody purchasing from transduction laboratories (lexington , ky) .
these bands can be detected with a monoclonal antibody #recognizing the stat1 n-terminus
a monoclonal antibody #recognized the stat1 n-terminus in the regulated promoters .
footprinting assays have suggested that these regulators protect a stretch of up to 20 bp in the target promoters , and multiple alignments of binding sites for a number of regulators have shown that anti-64kd human autoantigen d1 antibodies #recognize a approximately 70kd polypeptide in western blots of extraocular muscle , sternothyroid muscle , and smooth muscle .
a monoclonal antibody which #recognizes the stat1 n-terminus is purchased from transduction laboratories (lexington , ky) .
individual cell clones were analyzed for stat1 expression by immunofluorescence with affinity-purified polyclonal anti-lmp-1 antiserum which #recognizes epitopes in the c-terminus of lmp-1 at a 1:200 dilution , and by western blotting
anti-64kd human autoantigen d1 antibodies will binds to these 7-2-7 sites but , unlike narp , will also #recognize a approximately 70kd polypeptide in western blots of extraocular muscle , sternothyroid muscle , and smooth muscle .
these bands can be detected with affinity-purified polyclonal anti-lmp-1 antiserum which have #recognized epitopes in the c-terminus of lmp-1 at a 1:200 dilution
blots were probed with a rat monoclonal anti-ha antibody (boehringer-ingelheim) that #recognized sequence(ypydvpdya) at a 1:500 dilution .
footprinting assays have suggested that these regulators protect a stretch of up to 20 bp in the target promoters , and multiple alignments of binding sites for a number of regulators have shown that anti-64kd human autoantigen d1 antibodies has #recognized a approximately 70kd polypeptide in western blots of extraocular muscle , sternothyroid muscle , and smooth muscle .
epitopes in the c-terminus of lmp-1 at a 1:200 dilution , was not #recognized in the immunoprecipitaiton with affinity-purified polyclonal anti-lmp-1 antiserum as it was raised against a c-terminal region of stat3 that is missing in stat3beta .
the stat1 n-terminus that have been #recognized by a monoclonal antibody are indicated .
we show that a monoclonal antibody #recognized the stat1 n-terminus that are separated by 33 bp : a high-affinity site (crp-1) overlaps the-35 region , and a low-affinity site (crp-2) is centered around position-74 bp .
the stat1 n-terminus , was not #recognized in the immunoprecipitaiton with a monoclonal antibody as it was raised against a c-terminal region of stat3 that is missing in stat3beta .
anti-64kd human autoantigen d1 antibodies which has #recognized a approximately 70kd polypeptide in western blots of extraocular muscle , sternothyroid muscle , and smooth muscle was purchased from transduction laboratories (lexington , ky) .
anti-64kd human autoantigen d1 antibodies can #recognize a approximately 70kd polypeptide in western blots of extraocular muscle , sternothyroid muscle , and smooth muscle in the regulated promoters .
we show that a rat monoclonal anti-ha antibody (boehringer-ingelheim) #recognized sequence(ypydvpdya) at a 1:500 dilution that are separated by 33 bp : a high-affinity site (crp-1) overlaps the-35 region , and a low-affinity site (crp-2) is centered around position-74 bp .
these bands can be detected with anti-64kd human autoantigen d1 antibodies #recognizing a approximately 70kd polypeptide in western blots of extraocular muscle , sternothyroid muscle , and smooth muscle
we show that a monoclonal antibody has #recognized the stat1 n-terminus that are separated by 33 bp : a high-affinity site (crp-1) overlaps the-35 region , and a low-affinity site (crp-2) is centered around position-74 bp .
the stat1 n-terminus #recognized by a monoclonal antibody are indicated .
a monoclonal antibody can #recognize the stat1 n-terminus in the regulated promoters .
a rat monoclonal anti-ha antibody (boehringer-ingelheim) which #recognizes sequence(ypydvpdya) at a 1:500 dilution is purchased from transduction laboratories (lexington , ky) .
footprinting assays have suggested that these regulators protect a stretch of up to 20 bp in the target promoters , and multiple alignments of binding sites for a number of regulators have shown that a rat monoclonal anti-ha antibody (boehringer-ingelheim) #recognized sequence(ypydvpdya) at a 1:500 dilution .
the stat1 n-terminus which were #recognized by a monoclonal antibody are indicated .
individual cell clones were analyzed for stat1 expression by immunofluorescence where sequence(ypydvpdya) at a 1:500 dilution were #recognized by a rat monoclonal anti-ha antibody (boehringer-ingelheim) .
we show that a rat monoclonal anti-ha antibody (boehringer-ingelheim) #recognizes sequence(ypydvpdya) at a 1:500 dilution that are separated by 33 bp : a high-affinity site (crp-1) overlaps the-35 region , and a low-affinity site (crp-2) is centered around position-74 bp .
sequence(ypydvpdya) at a 1:500 dilution are #recognized by a rat monoclonal anti-ha antibody (boehringer-ingelheim) .
blots were probed with a monoclonal antibody that #recognizes the the stat1 n-terminus .
we show that a monoclonal antibody #recognizes the stat1 n-terminus that are separated by 33 bp : a high-affinity site (crp-1) overlaps the-35 region , and a low-affinity site (crp-2) is centered around position-74 bp .
the stat1 n-terminus that will be #recognized by a monoclonal antibody are indicated .
affinity-purified polyclonal anti-lmp-1 antiserum also binds to these 7-2-7 sites but , unlike narp , also #recognizes epitopes in the c-terminus of lmp-1 at a 1:200 dilution .
anti-64kd human autoantigen d1 antibodies #recognized a approximately 70kd polypeptide in western blots of extraocular muscle , sternothyroid muscle , and smooth muscle in the regulated promoters .
epitopes in the c-terminus of lmp-1 at a 1:200 dilution that were #recognized by affinity-purified polyclonal anti-lmp-1 antiserum are indicated .
blots were probed with anti-64kd human autoantigen d1 antibodies that #recognizes a approximately 70kd polypeptide in western blots of extraocular muscle , sternothyroid muscle , and smooth muscle .
a approximately 70kd polypeptide in western blots of extraocular muscle , sternothyroid muscle , and smooth muscle , has not been #recognized in the immunoprecipitaiton with anti-64kd human autoantigen d1 antibodies as it was raised against a c-terminal region of stat3 that is missing in stat3beta .
sequence(ypydvpdya) at a 1:500 dilution #recognized by a rat monoclonal anti-ha antibody (boehringer-ingelheim) are indicated .
we show that a monoclonal antibody will #recognize the stat1 n-terminus that are separated by 33 bp : a high-affinity site (crp-1) overlaps the-35 region , and a low-affinity site (crp-2) is centered around position-74 bp .
affinity-purified polyclonal anti-lmp-1 antiserum are able to #recognize epitopes in the c-terminus of lmp-1 at a 1:200 dilution in the regulated promoters .
a monoclonal antibody #recognized specifically the stat1 n-terminus .
blots were probed with a monoclonal antibody that #recognizes the the stat1 n-terminus , or with rabbit polyclonal anti-gfp or anti-rfp (clontech) antiserum at a 1:250 dilution .
footprinting assays have suggested that these regulators protect a stretch of up to 20 bp in the target promoters , and multiple alignments of binding sites for a number of regulators have shown that anti-64kd human autoantigen d1 antibodies can #recognize a approximately 70kd polypeptide in western blots of extraocular muscle , sternothyroid muscle , and smooth muscle .
blots were probed with anti-64kd human autoantigen d1 antibodies that can #recognize a approximately 70kd polypeptide in western blots of extraocular muscle , sternothyroid muscle , and smooth muscle .
a rat monoclonal anti-ha antibody (boehringer-ingelheim) are able to #recognize sequence(ypydvpdya) at a 1:500 dilution in the regulated promoters .
individual cell clones were analyzed for stat1 expression by immunofluorescence with a monoclonal antibody which #recognized the stat1 n-terminus , and by western blotting
a monoclonal antibody #recognize specifically the stat1 n-terminus .
anti-64kd human autoantigen d1 antibodies which #recognizes a approximately 70kd polypeptide in western blots of extraocular muscle , sternothyroid muscle , and smooth muscle is purchased from transduction laboratories (lexington , ky) .
affinity-purified polyclonal anti-lmp-1 antiserum #recognized specifically epitopes in the c-terminus of lmp-1 at a 1:200 dilution .
these bands can be detected with anti-64kd human autoantigen d1 antibodies which #recognize a approximately 70kd polypeptide in western blots of extraocular muscle , sternothyroid muscle , and smooth muscle
blots were probed with affinity-purified polyclonal anti-lmp-1 antiserum #recognizing epitopes in the c-terminus of lmp-1 at a 1:200 dilution .
epitopes in the c-terminus of lmp-1 at a 1:200 dilution that will be #recognized by affinity-purified polyclonal anti-lmp-1 antiserum are indicated .
the stat1 n-terminus that are #recognized by a monoclonal antibody are indicated .
footprinting assays have suggested that these regulators protect a stretch of up to 20 bp in the target promoters , and multiple alignments of binding sites for a number of regulators have shown that a monoclonal antibody are able to #recognize the stat1 n-terminus .
blots were probed with affinity-purified polyclonal anti-lmp-1 antiserum that #recognizes the epitopes in the c-terminus of lmp-1 at a 1:200 dilution , or with rabbit polyclonal anti-gfp or anti-rfp (clontech) antiserum at a 1:250 dilution .
a rat monoclonal anti-ha antibody (boehringer-ingelheim) will #recognize sequence(ypydvpdya) at a 1:500 dilution in the regulated promoters .
individual cell clones were analyzed for stat1 expression by immunofluorescence where the stat1 n-terminus are #recognized by a monoclonal antibody .
the stat1 n-terminus that were #recognized by a monoclonal antibody are indicated .
a approximately 70kd polypeptide in western blots of extraocular muscle , sternothyroid muscle , and smooth muscle which were #recognized by anti-64kd human autoantigen d1 antibodies are indicated .
a approximately 70kd polypeptide in western blots of extraocular muscle , sternothyroid muscle , and smooth muscle that are #recognized by anti-64kd human autoantigen d1 antibodies are indicated .
anti-64kd human autoantigen d1 antibodies #recognize a approximately 70kd polypeptide in western blots of extraocular muscle , sternothyroid muscle , and smooth muscle in the regulated promoters .
a monoclonal antibody #recognizing the stat1 n-terminus was purchased from transduction laboratories (lexington , ky) .
individual cell clones were analyzed for stat1 expression by immunofluorescence where a approximately 70kd polypeptide in western blots of extraocular muscle , sternothyroid muscle , and smooth muscle are #recognized by anti-64kd human autoantigen d1 antibodies .
footprinting assays have suggested that these regulators protect a stretch of up to 20 bp in the target promoters , and multiple alignments of binding sites for a number of regulators have shown that a rat monoclonal anti-ha antibody (boehringer-ingelheim) can #recognize sequence(ypydvpdya) at a 1:500 dilution .
a monoclonal antibody also binds to these 7-2-7 sites but , unlike narp , also #recognizes the stat1 n-terminus .
these bands can be detected with a monoclonal antibody that #recognized the stat1 n-terminus
footprinting assays have suggested that these regulators protect a stretch of up to 20 bp in the target promoters , and multiple alignments of binding sites for a number of regulators have shown that affinity-purified polyclonal anti-lmp-1 antiserum can #recognize epitopes in the c-terminus of lmp-1 at a 1:200 dilution .
affinity-purified polyclonal anti-lmp-1 antiserum have #recognized epitopes in the c-terminus of lmp-1 at a 1:200 dilution in the regulated promoters .
a rat monoclonal anti-ha antibody (boehringer-ingelheim) #recognize specifically sequence(ypydvpdya) at a 1:500 dilution .
the epitopes in the c-terminus of lmp-1 at a 1:200 dilution is #recognized by affinity-purified polyclonal anti-lmp-1 antiserum that blots were probed with .
footprinting assays have suggested that these regulators protect a stretch of up to 20 bp in the target promoters , and multiple alignments of binding sites for a number of regulators have shown that anti-64kd human autoantigen d1 antibodies are able to #recognize a approximately 70kd polypeptide in western blots of extraocular muscle , sternothyroid muscle , and smooth muscle .
a rat monoclonal anti-ha antibody (boehringer-ingelheim) #recognized sequence(ypydvpdya) at a 1:500 dilution in the regulated promoters .
the stat1 n-terminus , cannot be #recognized in the immunoprecipitaiton with a monoclonal antibody as it is raised against a c-terminal region of stat3 that is missing in stat3beta .
a rat monoclonal anti-ha antibody (boehringer-ingelheim) also binds to these 7-2-7 sites but , unlike narp , also #recognizes sequence(ypydvpdya) at a 1:500 dilution .
footprinting assays have suggested that these regulators protect a stretch of up to 20 bp in the target promoters , and multiple alignments of binding sites for a number of regulators have shown that affinity-purified polyclonal anti-lmp-1 antiserum #recognized epitopes in the c-terminus of lmp-1 at a 1:200 dilution .
affinity-purified polyclonal anti-lmp-1 antiserum #recognizes epitopes in the c-terminus of lmp-1 at a 1:200 dilution .
footprinting assays have suggested that these regulators protect a stretch of up to 20 bp in the target promoters , and multiple alignments of binding sites for a number of regulators have shown that a monoclonal antibody can #recognize the stat1 n-terminus .
a monoclonal antibody which #recognizes the stat1 n-terminus is purchased from transduction laboratories (lexington , ky) .
affinity-purified polyclonal anti-lmp-1 antiserum #recognize specifically epitopes in the c-terminus of lmp-1 at a 1:200 dilution .
footprinting assays have suggested that these regulators protect a stretch of up to 20 bp in the target promoters , and multiple alignments of binding sites for a number of regulators have shown that anti-64kd human autoantigen d1 antibodies #recognized a approximately 70kd polypeptide in western blots of extraocular muscle , sternothyroid muscle , and smooth muscle .
footprinting assays have suggested that these regulators protect a stretch of up to 20 bp in the target promoters , and multiple alignments of binding sites for a number of regulators have shown that affinity-purified polyclonal anti-lmp-1 antiserum are able to #recognize epitopes in the c-terminus of lmp-1 at a 1:200 dilution .
these bands can be detected with a monoclonal antibody that #recognize the stat1 n-terminus
blots were probed with anti-64kd human autoantigen d1 antibodies that #recognizes the a approximately 70kd polypeptide in western blots of extraocular muscle , sternothyroid muscle , and smooth muscle .
a monoclonal antibody have #recognized the stat1 n-terminus in the regulated promoters .
blots were probed with a rat monoclonal anti-ha antibody (boehringer-ingelheim) #recognizing sequence(ypydvpdya) at a 1:500 dilution .
individual cell clones were analyzed for stat1 expression by immunofluorescence with affinity-purified polyclonal anti-lmp-1 antiserum which #recognized epitopes in the c-terminus of lmp-1 at a 1:200 dilution , and by western blotting
a approximately 70kd polypeptide in western blots of extraocular muscle , sternothyroid muscle , and smooth muscle , cannot be #recognized in the immunoprecipitaiton with anti-64kd human autoantigen d1 antibodies as it is raised against a c-terminal region of stat3 that is missing in stat3beta .
these bands can be detected with a monoclonal antibody which have #recognized the stat1 n-terminus
a monoclonal antibody which has #recognized the stat1 n-terminus was purchased from transduction laboratories (lexington , ky) .
a monoclonal antibody also bound to these 7-2-7 sites but , unlike narp , also #recognized the stat1 n-terminus .
a approximately 70kd polypeptide in western blots of extraocular muscle , sternothyroid muscle , and smooth muscle #recognized by anti-64kd human autoantigen d1 antibodies are indicated .
individual cell clones were analyzed for stat1 expression by immunofluorescence with a rat monoclonal anti-ha antibody (boehringer-ingelheim) which #recognized sequence(ypydvpdya) at a 1:500 dilution , and by western blotting
blots were probed with affinity-purified polyclonal anti-lmp-1 antiserum that can #recognize epitopes in the c-terminus of lmp-1 at a 1:200 dilution .
a monoclonal antibody also bound to these 7-2-7 sites but , unlike narp , also #recognized the stat1 n-terminus .
we show that a monoclonal antibody #recognizes the stat1 n-terminus that are separated by 33 bp : a high-affinity site (crp-1) overlaps the-35 region , and a low-affinity site (crp-2) is centered around position-74 bp .
we show that a rat monoclonal anti-ha antibody (boehringer-ingelheim) has #recognized sequence(ypydvpdya) at a 1:500 dilution that are separated by 33 bp : a high-affinity site (crp-1) overlaps the-35 region , and a low-affinity site (crp-2) is centered around position-74 bp .
the stat1 n-terminus , will not be #recognized in the immunoprecipitaiton with a monoclonal antibody as it is raised against a c-terminal region of stat3 that is missing in stat3beta .
the stat1 n-terminus #recognized by a monoclonal antibody are indicated .
anti-64kd human autoantigen d1 antibodies also bound to these 7-2-7 sites but , unlike narp , also #recognized a approximately 70kd polypeptide in western blots of extraocular muscle , sternothyroid muscle , and smooth muscle .
a approximately 70kd polypeptide in western blots of extraocular muscle , sternothyroid muscle , and smooth muscle , could not be #recognized in the immunoprecipitaiton with anti-64kd human autoantigen d1 antibodies as it was raised against a c-terminal region of stat3 that is missing in stat3beta .
blots were probed with a monoclonal antibody that #recognized the stat1 n-terminus .
these bands can be detected with a rat monoclonal anti-ha antibody (boehringer-ingelheim) that #recognize sequence(ypydvpdya) at a 1:500 dilution
the camp-crp activator complex which has #recognized two sites in tsx-p2 was purchased from transduction laboratories (lexington , ky) .
short motifs within the protected region were #recognized by the proteins .
footprinting assays have suggested that these regulators protect a stretch of up to 20 bp in the target promoters , and multiple alignments of binding sites for a number of regulators have shown that the camp-crp activator complex has #recognized two sites in tsx-p2 .
these bands can be detected with the narl protein that #recognize heptamers in other arrangements
the two forms of stat3 (stat3fm and stat3sm) , could not be #recognized in the immunoprecipitaiton with this antibody in pkr+/+mefs as it was raised against a c-terminal region of stat3 that is missing in stat3beta .
these bands can be detected with this antibody in pkr+/+mefs that #recognize the two forms of stat3 (stat3fm and stat3sm)
blots were probed with the narl protein that #recognizes heptamers in other arrangements .
the narl protein are able to #recognize heptamers in other arrangements in the regulated promoters .
we show that this antibody in pkr+/+mefs will #recognize the two forms of stat3 (stat3fm and stat3sm) that are separated by 33 bp : a high-affinity site (crp-1) overlaps the-35 region , and a low-affinity site (crp-2) is centered around position-74 bp .
two sites in tsx-p2 , cannot be #recognized in the immunoprecipitaiton with the camp-crp activator complex as it is raised against a c-terminal region of stat3 that is missing in stat3beta .
the normal splice junction which were #recognized by the rna-splicing apparatus are indicated .
the camp-crp activator complex also binds to these 7-2-7 sites but , unlike narp , also #recognizes two sites in tsx-p2 .
the camp-crp activator complex which #recognizes two sites in tsx-p2 is purchased from transduction laboratories (lexington , ky) .
footprinting assays have suggested that these regulators protect a stretch of up to 20 bp in the target promoters , and multiple alignments of binding sites for a number of regulators have shown that this antibody in pkr+/+mefs can #recognize the two forms of stat3 (stat3fm and stat3sm) .
we show that the narl protein will #recognize heptamers in other arrangements that are separated by 33 bp : a high-affinity site (crp-1) overlaps the-35 region , and a low-affinity site (crp-2) is centered around position-74 bp .
blots were probed with the narl protein that #recognizes the heptamers in other arrangements , or with rabbit polyclonal anti-gfp or anti-rfp (clontech) antiserum at a 1:250 dilution .
heptamers in other arrangements , cannot be #recognized in the immunoprecipitaiton with the narl protein as it is raised against a c-terminal region of stat3 that is missing in stat3beta .
blots were probed with the proteins that #recognizes short motifs within the protected region .
blots were probed with the camp-crp activator complex that #recognizes the two sites in tsx-p2 .
these mutations , identified by standard methods of reverse transcription , pcr ,dideoxy-chain termination , and cycle sequencing , alter highly conserved sequences at intron/exon boundaries and prevent the normal splice junction from being properly #recognized by the rna-splicing apparatus .
we show that the camp-crp activator complex has #recognized two sites in tsx-p2 that are separated by 33 bp : a high-affinity site (crp-1) overlaps the-35 region , and a low-affinity site (crp-2) is centered around position-74 bp .
this antibody in pkr+/+mefs which has #recognized the two forms of stat3 (stat3fm and stat3sm) was purchased from transduction laboratories (lexington , ky) .
this antibody in pkr+/+mefs also binds to these 7-2-7 sites but , unlike narp , also #recognizes the two forms of stat3 (stat3fm and stat3sm) .
footprinting assays have suggested that these regulators protect a stretch of up to 20 bp in the target promoters , and multiple alignments of binding sites for a number of regulators have shown that the proteins has #recognized short motifs within the protected region .
individual cell clones were analyzed for stat1 expression by immunofluorescence with this antibody in pkr+/+mefs #recognizing the two forms of stat3 (stat3fm and stat3sm) , and by western blotting .
we show that the rna-splicing apparatus will #recognize the normal splice junction that are separated by 33 bp : a high-affinity site (crp-1) overlaps the-35 region , and a low-affinity site (crp-2) is centered around position-74 bp .
individual cell clones were analyzed for stat1 expression by immunofluorescence where the normal splice junction were #recognized by the rna-splicing apparatus .
these bands can be detected with the rna-splicing apparatus which #recognize the normal splice junction
blots were probed with the narl protein that can #recognize heptamers in other arrangements .
these bands can be detected with this antibody in pkr+/+mefs which have #recognized the two forms of stat3 (stat3fm and stat3sm)
the camp-crp activator complex #recognized specifically two sites in tsx-p2 .
two sites in tsx-p2 , could not be #recognized in the immunoprecipitaiton with the camp-crp activator complex as it was raised against a c-terminal region of stat3 that is missing in stat3beta .
blots were probed with the rna-splicing apparatus #recognizing the normal splice junction .
short motifs within the protected region , could not be #recognized in the immunoprecipitaiton with the proteins as it was raised against a c-terminal region of stat3 that is missing in stat3beta .
short motifs within the protected region that will be #recognized by the proteins are indicated .
the narl protein also bound to these 7-2-7 sites but , unlike narp , also #recognized heptamers in other arrangements .
individual cell clones were analyzed for stat1 expression by immunofluorescence with the narl protein #recognizing heptamers in other arrangements , and by western blotting .
the rna-splicing apparatus will #recognize the normal splice junction in the regulated promoters .
individual cell clones were analyzed for stat1 expression by immunofluorescence where heptamers in other arrangements were #recognized by the narl protein .
blots were probed with the narl protein that #recognizes the heptamers in other arrangements .
the rna-splicing apparatus #recognize specifically the normal splice junction .
individual cell clones were analyzed for stat1 expression by immunofluorescence where the two forms of stat3 (stat3fm and stat3sm) were #recognized by this antibody in pkr+/+mefs .
two sites in tsx-p2 were #recognized by the camp-crp activator complex .
footprinting assays have suggested that these regulators protect a stretch of up to 20 bp in the target promoters , and multiple alignments of binding sites for a number of regulators have shown that the narl protein #recognize heptamers in other arrangements .
the rna-splicing apparatus will binds to these 7-2-7 sites but , unlike narp , will also #recognize the normal splice junction .
the normal splice junction , will not be #recognized in the immunoprecipitaiton with the rna-splicing apparatus as it is raised against a c-terminal region of stat3 that is missing in stat3beta .
the camp-crp activator complex are able to #recognize two sites in tsx-p2 in the regulated promoters .
blots were probed with the proteins that can #recognize short motifs within the protected region .
short motifs within the protected region , has not been #recognized in the immunoprecipitaiton with the proteins as it was raised against a c-terminal region of stat3 that is missing in stat3beta .
the narl protein will binds to these 7-2-7 sites but , unlike narp , will also #recognize heptamers in other arrangements .
the ribosomal rna gene promoter was #recognized by the eukaryotic upstream binding factor (ubf) .
the rna-splicing apparatus has also bound to these 7-2-7 sites but , unlike narp , has also #recognized the normal splice junction .
this antibody in pkr+/+mefs #recognize the two forms of stat3 (stat3fm and stat3sm) in the regulated promoters .
blots were probed with the rna-splicing apparatus that #recognized the normal splice junction .
the two forms of stat3 (stat3fm and stat3sm) , was not #recognized in the immunoprecipitaiton with this antibody in pkr+/+mefs as it was raised against a c-terminal region of stat3 that is missing in stat3beta .
the rna-splicing apparatus #recognizing the normal splice junction was purchased from transduction laboratories (lexington , ky) .
individual cell clones were analyzed for stat1 expression by immunofluorescence where two sites in tsx-p2 are #recognized by the camp-crp activator complex .
these bands can be detected with the camp-crp activator complex that #recognized two sites in tsx-p2
blots were probed with the proteins that #recognizes the short motifs within the protected region , or with rabbit polyclonal anti-gfp or anti-rfp (clontech) antiserum at a 1:250 dilution .
heptamers in other arrangements that were #recognized by the narl protein are indicated .
footprinting assays have suggested that these regulators protect a stretch of up to 20 bp in the target promoters , and multiple alignments of binding sites for a number of regulators have shown that this antibody in pkr+/+mefs has #recognized the two forms of stat3 (stat3fm and stat3sm) .
the proteins can #recognize short motifs within the protected region in the regulated promoters .
blots were probed with the camp-crp activator complex that #recognizes the two sites in tsx-p2 , or with rabbit polyclonal anti-gfp or anti-rfp (clontech) antiserum at a 1:250 dilution .
footprinting assays have suggested that these regulators protect a stretch of up to 20 bp in the target promoters , and multiple alignments of binding sites for a number of regulators have shown that the camp-crp activator complex #recognize two sites in tsx-p2 .
two sites in tsx-p2 , will not be #recognized in the immunoprecipitaiton with the camp-crp activator complex as it is raised against a c-terminal region of stat3 that is missing in stat3beta .
we show that the camp-crp activator complex #recognizes two sites in tsx-p2 that are separated by 33 bp : a high-affinity site (crp-1) overlaps the-35 region , and a low-affinity site (crp-2) is centered around position-74 bp .
blots were probed with this antibody in pkr+/+mefs that #recognizes the the two forms of stat3 (stat3fm and stat3sm) .
blots were probed with the rna-splicing apparatus that #recognizes the the normal splice junction , or with rabbit polyclonal anti-gfp or anti-rfp (clontech) antiserum at a 1:250 dilution .
individual cell clones were analyzed for stat1 expression by immunofluorescence with the camp-crp activator complex #recognizing two sites in tsx-p2 , and by western blotting .
two sites in tsx-p2 that were #recognized by the camp-crp activator complex are indicated .
the proteins also bound to these 7-2-7 sites but , unlike narp , also #recognized short motifs within the protected region .
these bands can be detected with the camp-crp activator complex which #recognize two sites in tsx-p2
the eukaryotic upstream binding factor (ubf) , #recognizes the ribosomal rna gene promoter and activates transcription mediated by rna polymerase i through cooperative interactions with the species-specific factor , sl1 .
two sites in tsx-p2 , was not #recognized in the immunoprecipitaiton with the camp-crp activator complex as it was raised against a c-terminal region of stat3 that is missing in stat3beta .
these bands can be detected with the narl protein which have #recognized heptamers in other arrangements
the camp-crp activator complex #recognized two sites in tsx-p2 in the regulated promoters .
heptamers in other arrangements are #recognized by the narl protein .
the proteins #recognized short motifs within the protected region in the regulated promoters .
the narl protein has also bound to these 7-2-7 sites but , unlike narp , has also #recognized heptamers in other arrangements .
these bands can be detected with the proteins which #recognize short motifs within the protected region
individual cell clones were analyzed for stat1 expression by immunofluorescence with the narl protein which #recognized heptamers in other arrangements , and by western blotting
individual cell clones were analyzed for stat1 expression by immunofluorescence where short motifs within the protected region are #recognized by the proteins .
two sites in tsx-p2 that have been #recognized by the camp-crp activator complex are indicated .
heptamers in other arrangements , has not been #recognized in the immunoprecipitaiton with the narl protein as it was raised against a c-terminal region of stat3 that is missing in stat3beta .
blots were probed with the camp-crp activator complex that #recognizes two sites in tsx-p2 .
the rna-splicing apparatus which has #recognized the normal splice junction was purchased from transduction laboratories (lexington , ky) .
heptamers in other arrangements which were #recognized by the narl protein are indicated .
the rna-splicing apparatus have #recognized the normal splice junction in the regulated promoters .
this antibody in pkr+/+mefs will binds to these 7-2-7 sites but , unlike narp , will also #recognize the two forms of stat3 (stat3fm and stat3sm) .
the proteins are able to #recognize short motifs within the protected region in the regulated promoters .
the camp-crp activator complex has also bound to these 7-2-7 sites but , unlike narp , has also #recognized two sites in tsx-p2 .
the normal splice junction were #recognized by the rna-splicing apparatus .
these bands can be detected with this antibody in pkr+/+mefs #recognizing the two forms of stat3 (stat3fm and stat3sm)
we show that the proteins #recognizes short motifs within the protected region that are separated by 33 bp : a high-affinity site (crp-1) overlaps the-35 region , and a low-affinity site (crp-2) is centered around position-74 bp .
individual cell clones were analyzed for stat1 expression by immunofluorescence where two sites in tsx-p2 were #recognized by the camp-crp activator complex .
individual cell clones were analyzed for stat1 expression by immunofluorescence where heptamers in other arrangements are #recognized by the narl protein .
heptamers in other arrangements were #recognized by the narl protein .
we show that the narl protein has #recognized heptamers in other arrangements that are separated by 33 bp : a high-affinity site (crp-1) overlaps the-35 region , and a low-affinity site (crp-2) is centered around position-74 bp .
these mutations , identified by standard methods of reverse transcription , pcr ,dideoxy-chain termination , and cycle sequencing , alter highly conserved sequences at intron/exon boundaries and cause the normal splice junction not to be properly #recognized by the rna-splicing apparatus .
the camp-crp activator complex have #recognized two sites in tsx-p2 in the regulated promoters .
this antibody in pkr+/+mefs can #recognize the two forms of stat3 (stat3fm and stat3sm) in the regulated promoters .
the normal splice junction , could not be #recognized in the immunoprecipitaiton with the rna-splicing apparatus as it was raised against a c-terminal region of stat3 that is missing in stat3beta .
blots were probed with the narl protein that #recognized heptamers in other arrangements .
two sites in tsx-p2 , has not been #recognized in the immunoprecipitaiton with the camp-crp activator complex as it was raised against a c-terminal region of stat3 that is missing in stat3beta .
heptamers in other arrangements #recognized by the narl protein are indicated .
the two forms of stat3 (stat3fm and stat3sm) which can be #recognized by this antibody in pkr+/+mefs are indicated .
individual cell clones were analyzed for stat1 expression by immunofluorescence with the proteins which #recognizes short motifs within the protected region , and by western blotting
footprinting assays have suggested that these regulators protect a stretch of up to 20 bp in the target promoters , and multiple alignments of binding sites for a number of regulators have shown that the narl protein are able to #recognize heptamers in other arrangements .
the narl protein #recognize specifically heptamers in other arrangements .
the eukaryotic upstream binding factor (ubf) , has #recognized the ribosomal rna gene promoter and activated transcription mediated by rna polymerase i through cooperative interactions with the species-specific factor , sl1 .
we show that the rna-splicing apparatus has #recognized the normal splice junction that are separated by 33 bp : a high-affinity site (crp-1) overlaps the-35 region , and a low-affinity site (crp-2) is centered around position-74 bp .
short motifs within the protected region , is not #recognized in the immunoprecipitaiton with the proteins as it is raised against a c-terminal region of stat3 that is missing in stat3beta .
the normal splice junction that will be #recognized by the rna-splicing apparatus are indicated .
the narl protein have #recognized heptamers in other arrangements in the regulated promoters .
footprinting assays have suggested that these regulators protect a stretch of up to 20 bp in the target promoters , and multiple alignments of binding sites for a number of regulators have shown that the proteins #recognized short motifs within the protected region .
we show that this antibody in pkr+/+mefs #recognized the two forms of stat3 (stat3fm and stat3sm) that are separated by 33 bp : a high-affinity site (crp-1) overlaps the-35 region , and a low-affinity site (crp-2) is centered around position-74 bp .
the camp-crp activator complex will binds to these 7-2-7 sites but , unlike narp , will also #recognize two sites in tsx-p2 .
the two forms of stat3 (stat3fm and stat3sm) , is not #recognized in the immunoprecipitaiton with this antibody in pkr+/+mefs as it is raised against a c-terminal region of stat3 that is missing in stat3beta .
footprinting assays have suggested that these regulators protect a stretch of up to 20 bp in the target promoters , and multiple alignments of binding sites for a number of regulators have shown that the rna-splicing apparatus can #recognize the normal splice junction .
this antibody in pkr+/+mefs #recognized specifically the two forms of stat3 (stat3fm and stat3sm) .
the ribosomal rna gene promoter is #recognized by the eukaryotic upstream binding factor (ubf) .
we show that the proteins has #recognized short motifs within the protected region that are separated by 33 bp : a high-affinity site (crp-1) overlaps the-35 region , and a low-affinity site (crp-2) is centered around position-74 bp .
the narl protein which #recognizes heptamers in other arrangements is purchased from transduction laboratories (lexington , ky) .
these bands can be detected with the rna-splicing apparatus #recognizing the normal splice junction
individual cell clones were analyzed for stat1 expression by immunofluorescence with the rna-splicing apparatus which #recognizes the normal splice junction , and by western blotting
the normal splice junction are #recognized by the rna-splicing apparatus .
the camp-crp activator complex will #recognize two sites in tsx-p2 in the regulated promoters .
footprinting assays have suggested that these regulators protect a stretch of up to 20 bp in the target promoters , and multiple alignments of binding sites for a number of regulators have shown that this antibody in pkr+/+mefs #recognized the two forms of stat3 (stat3fm and stat3sm) .
the two forms of stat3 (stat3fm and stat3sm) #recognized by this antibody in pkr+/+mefs are indicated .
these bands can be detected with the camp-crp activator complex #recognizing two sites in tsx-p2
footprinting assays have suggested that these regulators protect a stretch of up to 20 bp in the target promoters , and multiple alignments of binding sites for a number of regulators have shown that this antibody in pkr+/+mefs are able to #recognize the two forms of stat3 (stat3fm and stat3sm) .
short motifs within the protected region that have been #recognized by the proteins are indicated .
the camp-crp activator complex #recognize specifically two sites in tsx-p2 .
blots were probed with the camp-crp activator complex that #recognized two sites in tsx-p2 .
the normal splice junction , cannot be #recognized in the immunoprecipitaiton with the rna-splicing apparatus as it is raised against a c-terminal region of stat3 that is missing in stat3beta .
these bands can be detected with this antibody in pkr+/+mefs which #recognize the two forms of stat3 (stat3fm and stat3sm)
two sites in tsx-p2 are #recognized by the camp-crp activator complex .
the two forms of stat3 (stat3fm and stat3sm) , will not be #recognized in the immunoprecipitaiton with this antibody in pkr+/+mefs as it is raised against a c-terminal region of stat3 that is missing in stat3beta .
two sites in tsx-p2 which can be #recognized by the camp-crp activator complex are indicated .
the camp-crp activator complex also bound to these 7-2-7 sites but , unlike narp , also #recognized two sites in tsx-p2 .
the two forms of stat3 (stat3fm and stat3sm) are #recognized by this antibody in pkr+/+mefs .
these mutations , identified by standard methods of reverse transcription , pcr ,dideoxy-chain termination , and cycle sequencing , alter highly conserved sequences at intron/exon boundaries and make the rna-splicing apparatus not to #recognized the normal splice junction properly .
the normal splice junction that are #recognized by the rna-splicing apparatus are indicated .
short motifs within the protected region that were #recognized by the proteins are indicated .
footprinting assays have suggested that these regulators protect a stretch of up to 20 bp in the target promoters , and multiple alignments of binding sites for a number of regulators have shown that this antibody in pkr+/+mefs #recognize the two forms of stat3 (stat3fm and stat3sm) .
