cotransfection of gata-4 with mef2a , mef2c or mef2d can #lead us to a synergistic 40-to 50-fold activation of the anf promoter .
7 missense mutations , 2 mutations is able to #lead to frameshift (figure 3a) .
a complex splice site mutation was caused by this which has #led to an abnormal jag1 mrna , resulting in a premature stop codon .
closer examination of the putative signal transduction pathway modulating htra transcription , in turn , has #led to the identification of two new genes independently of the dna-binding activity of mef2 .
these data suggest that a point mutation (gtc----atc) at codon 383 has #led to the conservative substitution of isoleucine for valine in the putative fifth extracellular loop of the transporter that functions to stimulate phosphorylation and clustering of achrs .
cotransfection of gata-4 with mef2a , mef2c or mef2d , in turn , will #lead to a synergistic 40-to 50-fold activation of the anf promoter independently of the dna-binding activity of mef2 .
closer examination of the putative signal transduction pathway modulating htra transcription has #led us to the identification of two new genes .
7 missense mutations , 2 mutations , in turn , #led to frameshift independently of the dna-binding activity of mef2 .
7 missense mutations , 2 mutations is #leading to frameshift .
in this homologous part of the genes , gpb lacks one exon due to a point mutation at the 5 splicing site of the third intron , which inactivated the 5 cleavage event of splicing and can #lead to ligation of the second to the fourth exon .
closer examination of the putative signal transduction pathway modulating htra transcription #led to the identification of two new genes .
this was caused by cotransfection of gata-4 with mef2a , mef2c or mef2d , which #leads to a synergistic 40-to 50-fold activation of the anf promoter .
further , experiments with an antisense-ref cdna expression vector introduced into cultured cells suggested that a c----a transversion in the splice acceptor sequence of the last intron of the only ercc-3 allele could #lead to a 4 bp insertion in the mrna and an inactivating frameshift in the c-terminus of the protein .
this was caused by cotransfection of gata-4 with mef2a , mef2c or mef2d that #leads to a synergistic 40-to 50-fold activation of the anf promoter .
a c----a transversion in the splice acceptor sequence of the last intron of the only ercc-3 allele g:c base pair is also the strongest determinant in this that #leads to a 4 bp insertion in the mrna and an inactivating frameshift in the c-terminus of the protein (lagrange et al . , 1998) .
these data suggested that a c----a transversion in the splice acceptor sequence of the last intron of the only ercc-3 allele #led to a 4 bp insertion in the mrna and an inactivating frameshift in the c-terminus of the protein that functions to stimulate phosphorylation and clustering of achrs .
this was caused by cotransfection of gata-4 with mef2a , mef2c or mef2d which can #lead to a synergistic 40-to 50-fold activation of the anf promoter .
closer examination of the putative signal transduction pathway modulating htra transcription will #lead us to the identification of two new genes .
these data suggested that cotransfection of gata-4 with mef2a , mef2c or mef2d #led to a synergistic 40-to 50-fold activation of the anf promoter that functions to stimulate phosphorylation and clustering of achrs .
7 missense mutations , 2 mutations #led to frameshift (figure 3a) .
by direct sequencing of aberrant ssca conformers were revealed 15 different mutations in a total of 18 unrelated families and 13 single patients . of these , 10 were novel (a c----a transversion in the splice acceptor sequence of the last intron of the only ercc-3 allele #leading to a 4 bp insertion in the mrna and an inactivating frameshift in the c-terminus of the protein , and 1 mutation predicted to affect normal splicing) .
further , experiments with an antisense-ref cdna expression vector introduced into cultured cells suggests that a point mutation at the 5 splicing site of the third intron #leads to ligation of the second to the fourth exon .
7 missense mutations , 2 mutations can #lead us to frameshift .
further , experiments with an antisense-ref cdna expression vector introduced into cultured cells suggested that a complex splice site mutation could #lead to an abnormal jag1 mrna , resulting in a premature stop codon .
a complex splice site mutation has #led to an abnormal jag1 mrna , resulting in a premature stop codon .
a point mutation at the 5 splicing site of the third intron #led to ligation of the second to the fourth exon (figure 3a) .
this was caused by cotransfection of gata-4 with mef2a , mef2c or mef2d #leading to a synergistic 40-to 50-fold activation of the anf promoter .
these data suggested that 7 missense mutations , 2 mutations #led to frameshift that functions to stimulate phosphorylation and clustering of achrs .
it has been shown that cotransfection of gata-4 with mef2a , mef2c or mef2d , #leading to a synergistic 40-to 50-fold activation of the anf promoter .
a c----a transversion in the splice acceptor sequence of the last intron of the only ercc-3 allele has #led us to a 4 bp insertion in the mrna and an inactivating frameshift in the c-terminus of the protein .
this g:c base pair is also the strongest determinant in a point mutation at the 5 splicing site of the third intron which #led to ligation of the second to the fourth exon (lagrange et al . , 1998) .
these data suggest that cotransfection of gata-4 with mef2a , mef2c or mef2d can #lead to a synergistic 40-to 50-fold activation of the anf promoter that functions to stimulate phosphorylation and clustering of achrs .
a point mutation at the 5 splicing site of the third intron that #leads to ligation of the second to the fourth exon .
a point mutation (gtc----atc) at codon 383 is #leading to the conservative substitution of isoleucine for valine in the putative fifth extracellular loop of the transporter .
a point mutation at the 5 splicing site of the third intron is able to #lead to ligation of the second to the fourth exon (figure 3a) .
these data suggested that cotransfection of gata-4 with mef2a , mef2c or mef2d was able to #lead to a synergistic 40-to 50-fold activation of the anf promoter that functions to stimulate phosphorylation and clustering of achrs .
this was caused by closer examination of the putative signal transduction pathway modulating htra transcription , which #leads to the identification of two new genes .
this was caused by a c----a transversion in the splice acceptor sequence of the last intron of the only ercc-3 allele that #led to a 4 bp insertion in the mrna and an inactivating frameshift in the c-terminus of the protein .
we also study in detail a complex splice site mutation , 3332dupl8bp , #leading to an abnormal jag1 mrna , resulting in a premature stop codon .
a point mutation (gtc----atc) at codon 383 may #lead to the conservative substitution of isoleucine for valine in the putative fifth extracellular loop of the transporter .
cotransfection of gata-4 with mef2a , mef2c or mef2d is #leading to a synergistic 40-to 50-fold activation of the anf promoter .
frameshift was #led to by 7 missense mutations , 2 mutations .
these data suggest that cotransfection of gata-4 with mef2a , mef2c or mef2d will #lead to a synergistic 40-to 50-fold activation of the anf promoter that functions to stimulate phosphorylation and clustering of achrs .
these data suggested that a point mutation at the 5 splicing site of the third intron #led to ligation of the second to the fourth exon that functions to stimulate phosphorylation and clustering of achrs .
a complex splice site mutation can #lead to an abnormal jag1 mrna , resulting in a premature stop codon .
in this homologous part of the genes , gpb lacks one exon due to a point mutation at the 5 splicing site of the third intron , which inactivated the 5 cleavage event of splicing and has #led to ligation of the second to the fourth exon .
a point mutation at the 5 splicing site of the third intron has #led to ligation of the second to the fourth exon .
a point mutation at the 5 splicing site of the third intron was caused by this which has #led to ligation of the second to the fourth exon .
a point mutation at the 5 splicing site of the third intron , in turn , is able to #lead to ligation of the second to the fourth exon independently of the dna-binding activity of mef2 .
by direct sequencing of aberrant ssca conformers were revealed 15 different mutations in a total of 18 unrelated families and 13 single patients . of these , 10 were novel (a point mutation (gtc----atc) at codon 383 which #lead to the conservative substitution of isoleucine for valine in the putative fifth extracellular loop of the transporter , and 1 mutation predicted to affect normal splicing) .
a c----a transversion in the splice acceptor sequence of the last intron of the only ercc-3 allele was caused by this which has #led to a 4 bp insertion in the mrna and an inactivating frameshift in the c-terminus of the protein .
cotransfection of gata-4 with mef2a , mef2c or mef2d can #lead to a synergistic 40-to 50-fold activation of the anf promoter .
by direct sequencing of aberrant ssca conformers were revealed 15 different mutations in a total of 18 unrelated families and 13 single patients . of these , 10 were novel (cotransfection of gata-4 with mef2a , mef2c or mef2d #leading to a synergistic 40-to 50-fold activation of the anf promoter , and 1 mutation predicted to affect normal splicing) .
a point mutation at the 5 splicing site of the third intron #leads to ligation of the second to the fourth exon , an atypical form of tay-sachs disease (gm2 gangliosidosis variant ab) .
this patients dna contains a c----a transversion in the splice acceptor sequence of the last intron of the only ercc-3 allele which #leads to a 4 bp insertion in the mrna and an inactivating frameshift in the c-terminus of the protein .
by direct sequencing of aberrant ssca conformers were revealed 15 different mutations in a total of 18 unrelated families and 13 single patients . of these , 10 were novel (closer examination of the putative signal transduction pathway modulating htra transcription which #led to the identification of two new genes , and 1 mutation predicted to affect normal splicing) .
7 missense mutations , 2 mutations #led to frameshift .
this g:c base pair is also the strongest determinant in a c----a transversion in the splice acceptor sequence of the last intron of the only ercc-3 allele which #led to a 4 bp insertion in the mrna and an inactivating frameshift in the c-terminus of the protein (lagrange et al . , 1998) .
this was caused by a point mutation (gtc----atc) at codon 383 #leading to the conservative substitution of isoleucine for valine in the putative fifth extracellular loop of the transporter .
this g:c base pair is also the strongest determinant in 7 missense mutations , 2 mutations #leading to frameshift (lagrange et al . , 1998) .
a c----a transversion in the splice acceptor sequence of the last intron of the only ercc-3 allele may #lead to a 4 bp insertion in the mrna and an inactivating frameshift in the c-terminus of the protein .
a point mutation (gtc----atc) at codon 383 can #lead us to the conservative substitution of isoleucine for valine in the putative fifth extracellular loop of the transporter .
a c----a transversion in the splice acceptor sequence of the last intron of the only ercc-3 allele g:c base pair is also the strongest determinant in this which #led to a 4 bp insertion in the mrna and an inactivating frameshift in the c-terminus of the protein (lagrange et al . , 1998) .
by direct sequencing of aberrant ssca conformers were revealed 15 different mutations in a total of 18 unrelated families and 13 single patients . of these , 10 were novel (a point mutation at the 5 splicing site of the third intron that #lead to ligation of the second to the fourth exon , and 1 mutation predicted to affect normal splicing) .
this was caused by a point mutation at the 5 splicing site of the third intron which has #led to ligation of the second to the fourth exon .
this g:c base pair is also the strongest determinant in cotransfection of gata-4 with mef2a , mef2c or mef2d , which #led to a synergistic 40-to 50-fold activation of the anf promoter (lagrange et al . , 1998) .
frameshift is #led to by 7 missense mutations , 2 mutations .
a complex splice site mutation , in turn , is able to #lead to an abnormal jag1 mrna , resulting in a premature stop codon independently of the dna-binding activity of mef2 .
7 missense mutations , 2 mutations , in turn , has #led to frameshift independently of the dna-binding activity of mef2 .
a point mutation at the 5 splicing site of the third intron #leads us to ligation of the second to the fourth exon .
a point mutation (gtc----atc) at codon 383 , in turn , is able to #lead to the conservative substitution of isoleucine for valine in the putative fifth extracellular loop of the transporter independently of the dna-binding activity of mef2 .
by direct sequencing of aberrant ssca conformers were revealed 15 different mutations in a total of 18 unrelated families and 13 single patients . of these , 10 were novel (a point mutation (gtc----atc) at codon 383 that #led to the conservative substitution of isoleucine for valine in the putative fifth extracellular loop of the transporter , and 1 mutation predicted to affect normal splicing) .
this g:c base pair is also the strongest determinant in closer examination of the putative signal transduction pathway modulating htra transcription which #leads to the identification of two new genes (lagrange et al . , 1998) .
these data suggest that a point mutation (gtc----atc) at codon 383 can #lead to the conservative substitution of isoleucine for valine in the putative fifth extracellular loop of the transporter that functions to stimulate phosphorylation and clustering of achrs .
a point mutation at the 5 splicing site of the third intron #leads to ligation of the second to the fourth exon (figure 3a) .
this g:c base pair is also the strongest determinant in a c----a transversion in the splice acceptor sequence of the last intron of the only ercc-3 allele that #leads to a 4 bp insertion in the mrna and an inactivating frameshift in the c-terminus of the protein (lagrange et al . , 1998) .
closer examination of the putative signal transduction pathway modulating htra transcription #led us to the identification of two new genes .
closer examination of the putative signal transduction pathway modulating htra transcription has #led to the identification of two new genes , an atypical form of tay-sachs disease (gm2 gangliosidosis variant ab) .
this g:c base pair is also the strongest determinant in cotransfection of gata-4 with mef2a , mef2c or mef2d which has #led to a synergistic 40-to 50-fold activation of the anf promoter (lagrange et al . , 1998) .
7 missense mutations , 2 mutations , in turn , is #leading to frameshift independently of the dna-binding activity of mef2 .
this g:c base pair is also the strongest determinant in a point mutation (gtc----atc) at codon 383 that #leads to the conservative substitution of isoleucine for valine in the putative fifth extracellular loop of the transporter (lagrange et al . , 1998) .
a c----a transversion in the splice acceptor sequence of the last intron of the only ercc-3 allele may #lead to a 4 bp insertion in the mrna and an inactivating frameshift in the c-terminus of the protein (figure 3a) .
in this homologous part of the genes , gpb lacks one exon due to a point mutation at the 5 splicing site of the third intron , which inactivates the 5 cleavage event of splicing and is able to #lead to ligation of the second to the fourth exon .
further , experiments with an antisense-ref cdna expression vector introduced into cultured cells suggested that cotransfection of gata-4 with mef2a , mef2c or mef2d was able to #lead to a synergistic 40-to 50-fold activation of the anf promoter .
by direct sequencing of aberrant ssca conformers were revealed 15 different mutations in a total of 18 unrelated families and 13 single patients . of these , 10 were novel (closer examination of the putative signal transduction pathway modulating htra transcription #leading to the identification of two new genes , and 1 mutation predicted to affect normal splicing) .
a point mutation (gtc----atc) at codon 383 #leads to the conservative substitution of isoleucine for valine in the putative fifth extracellular loop of the transporter .
this g:c base pair is also the strongest determinant in a c----a transversion in the splice acceptor sequence of the last intron of the only ercc-3 allele which #leads to a 4 bp insertion in the mrna and an inactivating frameshift in the c-terminus of the protein (lagrange et al . , 1998) .
this g:c base pair is also the strongest determinant in 7 missense mutations , 2 mutations which #led to frameshift (lagrange et al . , 1998) .
a point mutation at the 5 splicing site of the third intron was caused by this which can #lead to ligation of the second to the fourth exon .
this was caused by a complex splice site mutation #leading to an abnormal jag1 mrna , resulting in a premature stop codon .
7 missense mutations , 2 mutations #leads to frameshift , an atypical form of tay-sachs disease (gm2 gangliosidosis variant ab) .
7 missense mutations , 2 mutations , in turn , will #lead to frameshift independently of the dna-binding activity of mef2 .
this g:c base pair is also the strongest determinant in a point mutation at the 5 splicing site of the third intron which has #led to ligation of the second to the fourth exon (lagrange et al . , 1998) .
this g:c base pair is also the strongest determinant in a complex splice site mutation which has #led to an abnormal jag1 mrna , resulting in a premature stop codon (lagrange et al . , 1998) .
further , experiments with an antisense-ref cdna expression vector introduced into cultured cells suggested that a point mutation (gtc----atc) at codon 383 could #lead to the conservative substitution of isoleucine for valine in the putative fifth extracellular loop of the transporter .
in this homologous part of the genes , gpb lacks one exon due to a point mutation at the 5 splicing site of the third intron , which inactivated the 5 cleavage event of splicing and will #lead to ligation of the second to the fourth exon .
these data suggest that a point mutation at the 5 splicing site of the third intron has #led to ligation of the second to the fourth exon that functions to stimulate phosphorylation and clustering of achrs .
an abnormal jag1 mrna , resulting in a premature stop codon was #led to by a complex splice site mutation .
this was caused by a point mutation at the 5 splicing site of the third intron that #led to ligation of the second to the fourth exon .
a point mutation at the 5 splicing site of the third intron , but not a wild-type strain , #led to ligation of the second to the fourth exon .
a c----a transversion in the splice acceptor sequence of the last intron of the only ercc-3 allele can #lead to a 4 bp insertion in the mrna and an inactivating frameshift in the c-terminus of the protein (figure 3a) .
a complex splice site mutation is able to #lead to an abnormal jag1 mrna , resulting in a premature stop codon (figure 3a) .
cotransfection of gata-4 with mef2a , mef2c or mef2d has #led to a synergistic 40-to 50-fold activation of the anf promoter .
this g:c base pair is also the strongest determinant in a c----a transversion in the splice acceptor sequence of the last intron of the only ercc-3 allele #leading to a 4 bp insertion in the mrna and an inactivating frameshift in the c-terminus of the protein (lagrange et al . , 1998) .
a c----a transversion in the splice acceptor sequence of the last intron of the only ercc-3 allele #leads to a 4 bp insertion in the mrna and an inactivating frameshift in the c-terminus of the protein (figure 3a) .
further , experiments with an antisense-ref cdna expression vector introduced into cultured cells suggested that a c----a transversion in the splice acceptor sequence of the last intron of the only ercc-3 allele had #led to a 4 bp insertion in the mrna and an inactivating frameshift in the c-terminus of the protein .
further , experiments with an antisense-ref cdna expression vector introduced into cultured cells suggests that a complex splice site mutation #leads to an abnormal jag1 mrna , resulting in a premature stop codon .
a complex splice site mutation may #lead to an abnormal jag1 mrna , resulting in a premature stop codon .
this was caused by a c----a transversion in the splice acceptor sequence of the last intron of the only ercc-3 allele which can #lead to a 4 bp insertion in the mrna and an inactivating frameshift in the c-terminus of the protein .
cotransfection of gata-4 with mef2a , mef2c or mef2d has #led us to a synergistic 40-to 50-fold activation of the anf promoter .
these data suggest that a point mutation at the 5 splicing site of the third intron #leads to ligation of the second to the fourth exon that functions to stimulate phosphorylation and clustering of achrs .
further , experiments with an antisense-ref cdna expression vector introduced into cultured cells suggested that 7 missense mutations , 2 mutations could #lead to frameshift .
a c----a transversion in the splice acceptor sequence of the last intron of the only ercc-3 allele was caused by this that #led to a 4 bp insertion in the mrna and an inactivating frameshift in the c-terminus of the protein .
the conservative substitution of isoleucine for valine in the putative fifth extracellular loop of the transporter is #led to by a point mutation (gtc----atc) at codon 383 .
a point mutation (gtc----atc) at codon 383 #lead to the conservative substitution of isoleucine for valine in the putative fifth extracellular loop of the transporter .
a point mutation at the 5 splicing site of the third intron will #lead us to ligation of the second to the fourth exon .
closer examination of the putative signal transduction pathway modulating htra transcription , in turn , is able to #lead to the identification of two new genes independently of the dna-binding activity of mef2 .
cotransfection of gata-4 with mef2a , mef2c or mef2d #leads us to a synergistic 40-to 50-fold activation of the anf promoter .
by direct sequencing of aberrant ssca conformers were revealed 15 different mutations in a total of 18 unrelated families and 13 single patients . of these , 10 were novel (a c----a transversion in the splice acceptor sequence of the last intron of the only ercc-3 allele that #lead to a 4 bp insertion in the mrna and an inactivating frameshift in the c-terminus of the protein , and 1 mutation predicted to affect normal splicing) .
by direct sequencing of aberrant ssca conformers were revealed 15 different mutations in a total of 18 unrelated families and 13 single patients . of these , 10 were novel (closer examination of the putative signal transduction pathway modulating htra transcription that #lead to the identification of two new genes , and 1 mutation predicted to affect normal splicing) .
this was caused by a c----a transversion in the splice acceptor sequence of the last intron of the only ercc-3 allele #leading to a 4 bp insertion in the mrna and an inactivating frameshift in the c-terminus of the protein .
a c----a transversion in the splice acceptor sequence of the last intron of the only ercc-3 allele #led us to a 4 bp insertion in the mrna and an inactivating frameshift in the c-terminus of the protein .
a c----a transversion in the splice acceptor sequence of the last intron of the only ercc-3 allele is #leading to a 4 bp insertion in the mrna and an inactivating frameshift in the c-terminus of the protein , an atypical form of tay-sachs disease (gm2 gangliosidosis variant ab) .
these data suggested that a point mutation (gtc----atc) at codon 383 was able to #lead to the conservative substitution of isoleucine for valine in the putative fifth extracellular loop of the transporter that functions to stimulate phosphorylation and clustering of achrs .
a point mutation (gtc----atc) at codon 383 , in turn , is #leading to the conservative substitution of isoleucine for valine in the putative fifth extracellular loop of the transporter independently of the dna-binding activity of mef2 .
these data suggest that a c----a transversion in the splice acceptor sequence of the last intron of the only ercc-3 allele can #lead to a 4 bp insertion in the mrna and an inactivating frameshift in the c-terminus of the protein that functions to stimulate phosphorylation and clustering of achrs .
further , experiments with an antisense-ref cdna expression vector introduced into cultured cells suggested that a c----a transversion in the splice acceptor sequence of the last intron of the only ercc-3 allele was able to #lead to a 4 bp insertion in the mrna and an inactivating frameshift in the c-terminus of the protein .
further , experiments with an antisense-ref cdna expression vector introduced into cultured cells suggested that closer examination of the putative signal transduction pathway modulating htra transcription was able to #lead to the identification of two new genes .
a point mutation at the 5 splicing site of the third intron was caused by this that #leads to ligation of the second to the fourth exon .
a c----a transversion in the splice acceptor sequence of the last intron of the only ercc-3 allele #leads to a 4 bp insertion in the mrna and an inactivating frameshift in the c-terminus of the protein , an atypical form of tay-sachs disease (gm2 gangliosidosis variant ab) .
further , experiments with an antisense-ref cdna expression vector introduced into cultured cells suggested that a point mutation at the 5 splicing site of the third intron had #led to ligation of the second to the fourth exon .
cotransfection of gata-4 with mef2a , mef2c or mef2d #led to a synergistic 40-to 50-fold activation of the anf promoter .
by direct sequencing of aberrant ssca conformers were revealed 15 different mutations in a total of 18 unrelated families and 13 single patients . of these , 10 were novel (7 missense mutations , 2 mutations that #lead to frameshift , and 1 mutation predicted to affect normal splicing) .
cotransfection of gata-4 with mef2a , mef2c or mef2d , in turn , has #led to a synergistic 40-to 50-fold activation of the anf promoter independently of the dna-binding activity of mef2 .
these data suggest that a c----a transversion in the splice acceptor sequence of the last intron of the only ercc-3 allele will #lead to a 4 bp insertion in the mrna and an inactivating frameshift in the c-terminus of the protein that functions to stimulate phosphorylation and clustering of achrs .
a point mutation at the 5 splicing site of the third intron g:c base pair is also the strongest determinant in this that #leads to ligation of the second to the fourth exon (lagrange et al . , 1998) .
a point mutation (gtc----atc) at codon 383 has #led us to the conservative substitution of isoleucine for valine in the putative fifth extracellular loop of the transporter .
a complex splice site mutation #leads to an abnormal jag1 mrna , resulting in a premature stop codon (figure 3a) .
a complex splice site mutation can #lead us to an abnormal jag1 mrna , resulting in a premature stop codon .
a complex splice site mutation , in turn , #led to an abnormal jag1 mrna , resulting in a premature stop codon independently of the dna-binding activity of mef2 .
a c----a transversion in the splice acceptor sequence of the last intron of the only ercc-3 allele has #led to a 4 bp insertion in the mrna and an inactivating frameshift in the c-terminus of the protein , an atypical form of tay-sachs disease (gm2 gangliosidosis variant ab) .
a synergistic 40-to 50-fold activation of the anf promoter was #led to by cotransfection of gata-4 with mef2a , mef2c or mef2d .
this g:c base pair is also the strongest determinant in a point mutation at the 5 splicing site of the third intron which #leads to ligation of the second to the fourth exon (lagrange et al . , 1998) .
cotransfection of gata-4 with mef2a , mef2c or mef2d #lead to a synergistic 40-to 50-fold activation of the anf promoter .
a point mutation at the 5 splicing site of the third intron #leads to ligation of the second to the fourth exon .
a point mutation at the 5 splicing site of the third intron can #lead to ligation of the second to the fourth exon , an atypical form of tay-sachs disease (gm2 gangliosidosis variant ab) .
these data suggest that a c----a transversion in the splice acceptor sequence of the last intron of the only ercc-3 allele has #led to a 4 bp insertion in the mrna and an inactivating frameshift in the c-terminus of the protein that functions to stimulate phosphorylation and clustering of achrs .
further , experiments with an antisense-ref cdna expression vector introduced into cultured cells suggests that closer examination of the putative signal transduction pathway modulating htra transcription #leads to the identification of two new genes .
this was caused by cotransfection of gata-4 with mef2a , mef2c or mef2d which has #led to a synergistic 40-to 50-fold activation of the anf promoter .
cotransfection of gata-4 with mef2a , mef2c or mef2d is #leading to a synergistic 40-to 50-fold activation of the anf promoter , an atypical form of tay-sachs disease (gm2 gangliosidosis variant ab) .
by direct sequencing of aberrant ssca conformers were revealed 15 different mutations in a total of 18 unrelated families and 13 single patients . of these , 10 were novel (7 missense mutations , 2 mutations which #lead to frameshift , and 1 mutation predicted to affect normal splicing) .
a point mutation at the 5 splicing site of the third intron can #lead us to ligation of the second to the fourth exon .
closer examination of the putative signal transduction pathway modulating htra transcription is able to #lead to the identification of two new genes (figure 3a) .
this was caused by a complex splice site mutation that #led to an abnormal jag1 mrna , resulting in a premature stop codon .
this was caused by a complex splice site mutation that #leads to an abnormal jag1 mrna , resulting in a premature stop codon .
cotransfection of gata-4 with mef2a , mef2c or mef2d , in turn , #leads to a synergistic 40-to 50-fold activation of the anf promoter independently of the dna-binding activity of mef2 .
this patients dna contains a c----a transversion in the splice acceptor sequence of the last intron of the only ercc-3 allele that is detectably expressed , #leading to a 4 bp insertion in the mrna and an inactivating frameshift in the c-terminus of the protein .
this g:c base pair is also the strongest determinant in a point mutation (gtc----atc) at codon 383 , which #led to the conservative substitution of isoleucine for valine in the putative fifth extracellular loop of the transporter (lagrange et al . , 1998) .
further , experiments with an antisense-ref cdna expression vector introduced into cultured cells suggests that a complex splice site mutation is able to #lead to an abnormal jag1 mrna , resulting in a premature stop codon .
a point mutation at the 5 splicing site of the third intron has #led to ligation of the second to the fourth exon , an atypical form of tay-sachs disease (gm2 gangliosidosis variant ab) .
a complex splice site mutation was caused by this #leading to an abnormal jag1 mrna , resulting in a premature stop codon .
a synergistic 40-to 50-fold activation of the anf promoter is #led to by cotransfection of gata-4 with mef2a , mef2c or mef2d .
7 missense mutations , 2 mutations may #lead to frameshift .
this g:c base pair is also the strongest determinant in 7 missense mutations , 2 mutations , which #led to frameshift (lagrange et al . , 1998) .
this was caused by a point mutation (gtc----atc) at codon 383 which can #lead to the conservative substitution of isoleucine for valine in the putative fifth extracellular loop of the transporter .
a complex splice site mutation g:c base pair is also the strongest determinant in this , which #led to an abnormal jag1 mrna , resulting in a premature stop codon (lagrange et al . , 1998) .
this was caused by a point mutation at the 5 splicing site of the third intron , which #leads to ligation of the second to the fourth exon .
these data suggest that a complex splice site mutation can #lead to an abnormal jag1 mrna , resulting in a premature stop codon that functions to stimulate phosphorylation and clustering of achrs .
further , experiments with an antisense-ref cdna expression vector introduced into cultured cells suggests that cotransfection of gata-4 with mef2a , mef2c or mef2d #leads to a synergistic 40-to 50-fold activation of the anf promoter .
cotransfection of gata-4 with mef2a , mef2c or mef2d , but not a wild-type strain , #led to a synergistic 40-to 50-fold activation of the anf promoter .
7 missense mutations , 2 mutations , in turn , #leads to frameshift independently of the dna-binding activity of mef2 .
these data suggest that closer examination of the putative signal transduction pathway modulating htra transcription has #led to the identification of two new genes that functions to stimulate phosphorylation and clustering of achrs .
this was caused by a point mutation at the 5 splicing site of the third intron #leading to ligation of the second to the fourth exon .
this was caused by a point mutation (gtc----atc) at codon 383 that #led to the conservative substitution of isoleucine for valine in the putative fifth extracellular loop of the transporter .
this was caused by 7 missense mutations , 2 mutations , which #leads to frameshift .
a point mutation at the 5 splicing site of the third intron g:c base pair is also the strongest determinant in this which #led to ligation of the second to the fourth exon (lagrange et al . , 1998) .
by direct sequencing of aberrant ssca conformers were revealed 15 different mutations in a total of 18 unrelated families and 13 single patients . of these , 10 were novel (a c----a transversion in the splice acceptor sequence of the last intron of the only ercc-3 allele which #lead to a 4 bp insertion in the mrna and an inactivating frameshift in the c-terminus of the protein , and 1 mutation predicted to affect normal splicing) .
this g:c base pair is also the strongest determinant in 7 missense mutations , 2 mutations that #leads to frameshift (lagrange et al . , 1998) .
7 missense mutations , 2 mutations can #lead to frameshift (figure 3a) .
a c----a transversion in the splice acceptor sequence of the last intron of the only ercc-3 allele #leads to a 4 bp insertion in the mrna and an inactivating frameshift in the c-terminus of the protein .
a point mutation at the 5 splicing site of the third intron , in turn , will #lead to ligation of the second to the fourth exon independently of the dna-binding activity of mef2 .
ligation of the second to the fourth exon is #led to by a point mutation at the 5 splicing site of the third intron .
further , experiments with an antisense-ref cdna expression vector introduced into cultured cells suggested that a complex splice site mutation #led to an abnormal jag1 mrna , resulting in a premature stop codon .
further , experiments with an antisense-ref cdna expression vector introduced into cultured cells suggested that a point mutation at the 5 splicing site of the third intron was able to #lead to ligation of the second to the fourth exon .
by direct sequencing of aberrant ssca conformers were revealed 15 different mutations in a total of 18 unrelated families and 13 single patients . of these , 10 were novel (a point mutation at the 5 splicing site of the third intron #leading to ligation of the second to the fourth exon , and 1 mutation predicted to affect normal splicing) .
a complex splice site mutation can #lead to an abnormal jag1 mrna , resulting in a premature stop codon , an atypical form of tay-sachs disease (gm2 gangliosidosis variant ab) .
a point mutation (gtc----atc) at codon 383 can #lead to the conservative substitution of isoleucine for valine in the putative fifth extracellular loop of the transporter .
closer examination of the putative signal transduction pathway modulating htra transcription can #lead us to the identification of two new genes .
these data suggested that closer examination of the putative signal transduction pathway modulating htra transcription #led to the identification of two new genes that functions to stimulate phosphorylation and clustering of achrs .
this g:c base pair is also the strongest determinant in 7 missense mutations , 2 mutations which #leads to frameshift (lagrange et al . , 1998) .
closer examination of the putative signal transduction pathway modulating htra transcription has #led to the identification of two new genes .
this was caused by 7 missense mutations , 2 mutations which has #led to frameshift .
a c----a transversion in the splice acceptor sequence of the last intron of the only ercc-3 allele , but not a wild-type strain , #led to a 4 bp insertion in the mrna and an inactivating frameshift in the c-terminus of the protein .
this g:c base pair is also the strongest determinant in a complex splice site mutation that #leads to an abnormal jag1 mrna , resulting in a premature stop codon (lagrange et al . , 1998) .
it has been shown that 7 missense mutations , 2 mutations , #leading to frameshift .
a c----a transversion in the splice acceptor sequence of the last intron of the only ercc-3 allele has #led to a 4 bp insertion in the mrna and an inactivating frameshift in the c-terminus of the protein .
this was caused by closer examination of the putative signal transduction pathway modulating htra transcription that #led to the identification of two new genes .
a point mutation at the 5 splicing site of the third intron may #lead to ligation of the second to the fourth exon (figure 3a) .
closer examination of the putative signal transduction pathway modulating htra transcription can #lead to the identification of two new genes .
a c----a transversion in the splice acceptor sequence of the last intron of the only ercc-3 allele #led to a 4 bp insertion in the mrna and an inactivating frameshift in the c-terminus of the protein .
a c----a transversion in the splice acceptor sequence of the last intron of the only ercc-3 allele can #lead us to a 4 bp insertion in the mrna and an inactivating frameshift in the c-terminus of the protein .
a complex splice site mutation was caused by this that #leads to an abnormal jag1 mrna , resulting in a premature stop codon .
this was caused by closer examination of the putative signal transduction pathway modulating htra transcription which has #led to the identification of two new genes .
a complex splice site mutation , in turn , has #led to an abnormal jag1 mrna , resulting in a premature stop codon independently of the dna-binding activity of mef2 .
this patients dna contains a c----a transversion in the splice acceptor sequence of the last intron of the only ercc-3 allele that #leads to a 4 bp insertion in the mrna and an inactivating frameshift in the c-terminus of the protein .
a c----a transversion in the splice acceptor sequence of the last intron of the only ercc-3 allele will #lead us to a 4 bp insertion in the mrna and an inactivating frameshift in the c-terminus of the protein .
further , experiments with an antisense-ref cdna expression vector introduced into cultured cells suggests that a point mutation (gtc----atc) at codon 383 #leads to the conservative substitution of isoleucine for valine in the putative fifth extracellular loop of the transporter .
a c----a transversion in the splice acceptor sequence of the last intron of the only ercc-3 allele , in turn , has #led to a 4 bp insertion in the mrna and an inactivating frameshift in the c-terminus of the protein independently of the dna-binding activity of mef2 .
a complex splice site mutation g:c base pair is also the strongest determinant in this which has #led to an abnormal jag1 mrna , resulting in a premature stop codon (lagrange et al . , 1998) .
further , experiments with an antisense-ref cdna expression vector introduced into cultured cells suggested that a point mutation (gtc----atc) at codon 383 #led to the conservative substitution of isoleucine for valine in the putative fifth extracellular loop of the transporter .
further , experiments with an antisense-ref cdna expression vector introduced into cultured cells suggested that a point mutation (gtc----atc) at codon 383 was able to #lead to the conservative substitution of isoleucine for valine in the putative fifth extracellular loop of the transporter .
this g:c base pair is also the strongest determinant in a point mutation (gtc----atc) at codon 383 #leading to the conservative substitution of isoleucine for valine in the putative fifth extracellular loop of the transporter (lagrange et al . , 1998) .
these data suggest that a c----a transversion in the splice acceptor sequence of the last intron of the only ercc-3 allele #leads to a 4 bp insertion in the mrna and an inactivating frameshift in the c-terminus of the protein that functions to stimulate phosphorylation and clustering of achrs .
it has been shown that a c----a transversion in the splice acceptor sequence of the last intron of the only ercc-3 allele , #leading to a 4 bp insertion in the mrna and an inactivating frameshift in the c-terminus of the protein .
further , experiments with an antisense-ref cdna expression vector introduced into cultured cells suggested that a c----a transversion in the splice acceptor sequence of the last intron of the only ercc-3 allele #led to a 4 bp insertion in the mrna and an inactivating frameshift in the c-terminus of the protein .
a complex splice site mutation has #led to an abnormal jag1 mrna , resulting in a premature stop codon , an atypical form of tay-sachs disease (gm2 gangliosidosis variant ab) .
closer examination of the putative signal transduction pathway modulating htra transcription #led to the identification of two new genes , an atypical form of tay-sachs disease (gm2 gangliosidosis variant ab) .
this g:c base pair is also the strongest determinant in closer examination of the putative signal transduction pathway modulating htra transcription , which #led to the identification of two new genes (lagrange et al . , 1998) .
it has been shown that a point mutation at the 5 splicing site of the third intron , #leading to ligation of the second to the fourth exon .
a c----a transversion in the splice acceptor sequence of the last intron of the only ercc-3 allele , in turn , #leads to a 4 bp insertion in the mrna and an inactivating frameshift in the c-terminus of the protein independently of the dna-binding activity of mef2 .
closer examination of the putative signal transduction pathway modulating htra transcription , in turn , #leads to the identification of two new genes independently of the dna-binding activity of mef2 .
this g:c base pair is also the strongest determinant in a point mutation (gtc----atc) at codon 383 which #led to the conservative substitution of isoleucine for valine in the putative fifth extracellular loop of the transporter (lagrange et al . , 1998) .
a complex splice site mutation will #lead us to an abnormal jag1 mrna , resulting in a premature stop codon .
closer examination of the putative signal transduction pathway modulating htra transcription , in turn , will #lead to the identification of two new genes independently of the dna-binding activity of mef2 .
further , experiments with an antisense-ref cdna expression vector introduced into cultured cells suggested that cotransfection of gata-4 with mef2a , mef2c or mef2d #led to a synergistic 40-to 50-fold activation of the anf promoter .
this was caused by closer examination of the putative signal transduction pathway modulating htra transcription #leading to the identification of two new genes .
this was caused by a complex splice site mutation which has #led to an abnormal jag1 mrna , resulting in a premature stop codon .
a c----a transversion in the splice acceptor sequence of the last intron of the only ercc-3 allele g:c base pair is also the strongest determinant in this which has #led to a 4 bp insertion in the mrna and an inactivating frameshift in the c-terminus of the protein (lagrange et al . , 1998) .
a point mutation (gtc----atc) at codon 383 may #lead to the conservative substitution of isoleucine for valine in the putative fifth extracellular loop of the transporter (figure 3a) .
7 missense mutations , 2 mutations has #led to frameshift , an atypical form of tay-sachs disease (gm2 gangliosidosis variant ab) .
a point mutation (gtc----atc) at codon 383 #leads to the conservative substitution of isoleucine for valine in the putative fifth extracellular loop of the transporter (figure 3a) .
a point mutation at the 5 splicing site of the third intron g:c base pair is also the strongest determinant in this #leading to ligation of the second to the fourth exon (lagrange et al . , 1998) .
a c----a transversion in the splice acceptor sequence of the last intron of the only ercc-3 allele g:c base pair is also the strongest determinant in this which #leads to a 4 bp insertion in the mrna and an inactivating frameshift in the c-terminus of the protein (lagrange et al . , 1998) .
a complex splice site mutation g:c base pair is also the strongest determinant in this that #leads to an abnormal jag1 mrna , resulting in a premature stop codon (lagrange et al . , 1998) .
these data suggest that closer examination of the putative signal transduction pathway modulating htra transcription can #lead to the identification of two new genes that functions to stimulate phosphorylation and clustering of achrs .
a point mutation at the 5 splicing site of the third intron g:c base pair is also the strongest determinant in this which has #led to ligation of the second to the fourth exon (lagrange et al . , 1998) .
further , experiments with an antisense-ref cdna expression vector introduced into cultured cells suggests that a c----a transversion in the splice acceptor sequence of the last intron of the only ercc-3 allele is able to #lead to a 4 bp insertion in the mrna and an inactivating frameshift in the c-terminus of the protein .
cotransfection of gata-4 with mef2a , mef2c or mef2d , in turn , #led to a synergistic 40-to 50-fold activation of the anf promoter independently of the dna-binding activity of mef2 .
cotransfection of gata-4 with mef2a , mef2c or mef2d may #lead to a synergistic 40-to 50-fold activation of the anf promoter .
7 missense mutations , 2 mutations may #lead to frameshift (figure 3a) .
this g:c base pair is also the strongest determinant in a complex splice site mutation which #led to an abnormal jag1 mrna , resulting in a premature stop codon (lagrange et al . , 1998) .
this g:c base pair is also the strongest determinant in a c----a transversion in the splice acceptor sequence of the last intron of the only ercc-3 allele which has #led to a 4 bp insertion in the mrna and an inactivating frameshift in the c-terminus of the protein (lagrange et al . , 1998) .
this was caused by a point mutation (gtc----atc) at codon 383 that #leads to the conservative substitution of isoleucine for valine in the putative fifth extracellular loop of the transporter .
this g:c base pair is also the strongest determinant in closer examination of the putative signal transduction pathway modulating htra transcription that #leads to the identification of two new genes (lagrange et al . , 1998) .
a point mutation (gtc----atc) at codon 383 , but not a wild-type strain , #led to the conservative substitution of isoleucine for valine in the putative fifth extracellular loop of the transporter .
a complex splice site mutation was caused by this which can #lead to an abnormal jag1 mrna , resulting in a premature stop codon .
in this homologous part of the genes , gpb lacks one exon due to a point mutation at the 5 splicing site of the third intron , which inactivated the 5 cleavage event of splicing and #led to ligation of the second to the fourth exon .
the splice mutation in 5 end of intron 5 , but not a wild-type strain , #led to abnormal splice in exon 5 and exon 6 .
it has been shown that the sequence selection experiment , #leading to the identification of the bre .
these data suggested that the sequence selection experiment #led to the identification of the bre that functions to stimulate phosphorylation and clustering of achrs .
this was caused by this that #led to a substantial diversity of nebulin and nebulette isoforms .
transduction of the mara region from a mar strain can #lead to loss of ompf .
further , experiments with an antisense-ref cdna expression vector introduced into cultured cells suggests that the sequence selection experiment #leads to the identification of the bre .
this can #lead us to a substantial diversity of nebulin and nebulette isoforms .
further , experiments with an antisense-ref cdna expression vector introduced into cultured cells suggested that this was able to #lead to a substantial diversity of nebulin and nebulette isoforms .
this splice mutation in 5 end of intron 5 can #lead to abnormal splice in exon 5 and exon 6 .
further , experiments with an antisense-ref cdna expression vector introduced into cultured cells suggested that this splice mutation in 5 end of intron 5 could #lead to abnormal splice in exon 5 and exon 6 .
the sequence selection experiment can #lead us to the identification of the bre .
this splice mutation in 5 end of intron 5 may #lead to abnormal splice in exon 5 and exon 6 .
the splice mutation in 5 end of intron 5 #led to abnormal splice in exon 5 and exon 6 .
by direct sequencing of aberrant ssca conformers were revealed 15 different mutations in a total of 18 unrelated families and 13 single patients . of these , 10 were novel (this that #led to synergistic activation of the anf and other mef2 target promoters , and 1 mutation predicted to affect normal splicing) .
this was caused by transduction of the mara region from a mar strain that #led to loss of ompf .
it has been shown that this , #leading to synergistic activation of the anf and other mef2 target promoters .
the splice mutation in 5 end of intron 5 was caused by this which can #lead to abnormal splice in exon 5 and exon 6 .
this splice mutation in 5 end of intron 5 #leads to abnormal splice in exon 5 and exon 6 (figure 3a) .
these data suggested that this splice mutation in 5 end of intron 5 #led to abnormal splice in exon 5 and exon 6 that functions to stimulate phosphorylation and clustering of achrs .
it has been shown that two frameshifts and a splice site mutation , #leading to truncated oa1 proteins; a deletion of a threonine codon at position 290; and four missense mutations .
this was caused by the splice mutation in 5 end of intron 5 which has #led to abnormal splice in exon 5 and exon 6 .
two frameshifts and a splice site mutation , in turn , is able to #lead to truncated oa1 proteins; a deletion of a threonine codon at position 290; and four missense mutations independently of the dna-binding activity of mef2 .
the sequence selection experiment , in turn , #leads to the identification of the bre independently of the dna-binding activity of mef2 .
it has been shown that this , #leading to a substantial diversity of nebulin and nebulette isoforms .
the splice mutation in 5 end of intron 5 g:c base pair is also the strongest determinant in this which has #led to abnormal splice in exon 5 and exon 6 (lagrange et al . , 1998) .
this was caused by the splice mutation in 5 end of intron 5 which can #lead to abnormal splice in exon 5 and exon 6 .
two frameshifts and a splice site mutation , in turn , will #lead to truncated oa1 proteins; a deletion of a threonine codon at position 290; and four missense mutations independently of the dna-binding activity of mef2 .
it has been shown that this splice mutation in 5 end of intron 5 , #leading to abnormal splice in exon 5 and exon 6 .
two frameshifts and a splice site mutation #led to truncated oa1 proteins; a deletion of a threonine codon at position 290; and four missense mutations (figure 3a) .
this splice mutation in 5 end of intron 5 #leads to abnormal splice in exon 5 and exon 6 .
two frameshifts and a splice site mutation was caused by this which has #led to truncated oa1 proteins; a deletion of a threonine codon at position 290; and four missense mutations .
these data suggested that this was able to #lead to a substantial diversity of nebulin and nebulette isoforms that functions to stimulate phosphorylation and clustering of achrs .
the splice mutation in 5 end of intron 5 is #leading to abnormal splice in exon 5 and exon 6 .
further , experiments with an antisense-ref cdna expression vector introduced into cultured cells suggested that transduction of the mara region from a mar strain was able to #lead to loss of ompf .
this was caused by transduction of the mara region from a mar strain that #leads to loss of ompf .
by direct sequencing of aberrant ssca conformers were revealed 15 different mutations in a total of 18 unrelated families and 13 single patients . of these , 10 were novel (two frameshifts and a splice site mutation that #led to truncated oa1 proteins; a deletion of a threonine codon at position 290; and four missense mutations , and 1 mutation predicted to affect normal splicing) .
this splice mutation in 5 end of intron 5 , in turn , is able to #lead to abnormal splice in exon 5 and exon 6 independently of the dna-binding activity of mef2 .
by direct sequencing of aberrant ssca conformers were revealed 15 different mutations in a total of 18 unrelated families and 13 single patients . of these , 10 were novel (this splice mutation in 5 end of intron 5 which #lead to abnormal splice in exon 5 and exon 6 , and 1 mutation predicted to affect normal splicing) .
further , experiments with an antisense-ref cdna expression vector introduced into cultured cells suggested that this #led to a substantial diversity of nebulin and nebulette isoforms .
these data suggest that two frameshifts and a splice site mutation will #lead to truncated oa1 proteins; a deletion of a threonine codon at position 290; and four missense mutations that functions to stimulate phosphorylation and clustering of achrs .
this was caused by two frameshifts and a splice site mutation which can #lead to truncated oa1 proteins; a deletion of a threonine codon at position 290; and four missense mutations .
this g:c base pair is also the strongest determinant in this #leading to synergistic activation of the anf and other mef2 target promoters (lagrange et al . , 1998) .
further , experiments with an antisense-ref cdna expression vector introduced into cultured cells suggested that this could #lead to a substantial diversity of nebulin and nebulette isoforms .
further , experiments with an antisense-ref cdna expression vector introduced into cultured cells suggested that two frameshifts and a splice site mutation #led to truncated oa1 proteins; a deletion of a threonine codon at position 290; and four missense mutations .
the identification of the bre is #led to by the sequence selection experiment .
this #leads to a substantial diversity of nebulin and nebulette isoforms (figure 3a) .
this splice mutation in 5 end of intron 5 g:c base pair is also the strongest determinant in this which #led to abnormal splice in exon 5 and exon 6 (lagrange et al . , 1998) .
the splice mutation in 5 end of intron 5 has #led to abnormal splice in exon 5 and exon 6 .
transduction of the mara region from a mar strain can #lead to loss of ompf , an atypical form of tay-sachs disease (gm2 gangliosidosis variant ab) .
this was caused by the splice mutation in 5 end of intron 5 that #leads to abnormal splice in exon 5 and exon 6 .
abnormal splice in exon 5 and exon 6 is #led to by the splice mutation in 5 end of intron 5 .
by direct sequencing of aberrant ssca conformers were revealed 15 different mutations in a total of 18 unrelated families and 13 single patients . of these , 10 were novel (transduction of the mara region from a mar strain that #lead to loss of ompf , and 1 mutation predicted to affect normal splicing) .
by direct sequencing of aberrant ssca conformers were revealed 15 different mutations in a total of 18 unrelated families and 13 single patients . of these , 10 were novel (the sequence selection experiment which #led to the identification of the bre , and 1 mutation predicted to affect normal splicing) .
the splice mutation in 5 end of intron 5 may #lead to abnormal splice in exon 5 and exon 6 (figure 3a) .
further , experiments with an antisense-ref cdna expression vector introduced into cultured cells suggested that this splice mutation in 5 end of intron 5 had #led to abnormal splice in exon 5 and exon 6 .
by direct sequencing of aberrant ssca conformers were revealed 15 different mutations in a total of 18 unrelated families and 13 single patients . of these , 10 were novel (the splice mutation in 5 end of intron 5 which #led to abnormal splice in exon 5 and exon 6 , and 1 mutation predicted to affect normal splicing) .
two frameshifts and a splice site mutation , in turn , has #led to truncated oa1 proteins; a deletion of a threonine codon at position 290; and four missense mutations independently of the dna-binding activity of mef2 .
this g:c base pair is also the strongest determinant in the sequence selection experiment that #leads to the identification of the bre (lagrange et al . , 1998) .
this #leads to synergistic activation of the anf and other mef2 target promoters .
the splice mutation in 5 end of intron 5 #leads to abnormal splice in exon 5 and exon 6 appears to be one of the causes of x-linked recessive adrenoleukodystrophy .
these data suggested that transduction of the mara region from a mar strain was able to #lead to loss of ompf that functions to stimulate phosphorylation and clustering of achrs .
further , experiments with an antisense-ref cdna expression vector introduced into cultured cells suggested that transduction of the mara region from a mar strain #led to loss of ompf .
further , experiments with an antisense-ref cdna expression vector introduced into cultured cells suggested that the sequence selection experiment had #led to the identification of the bre .
this splice mutation in 5 end of intron 5 was caused by this which can #lead to abnormal splice in exon 5 and exon 6 .
the sequence selection experiment #leads to the identification of the bre .
the sequence selection experiment can #lead to the identification of the bre .
these data suggested that this #led to a substantial diversity of nebulin and nebulette isoforms that functions to stimulate phosphorylation and clustering of achrs .
this was caused by the sequence selection experiment that #led to the identification of the bre .
further , experiments with an antisense-ref cdna expression vector introduced into cultured cells suggested that the splice mutation in 5 end of intron 5 was able to #lead to abnormal splice in exon 5 and exon 6 .
these data suggested that transduction of the mara region from a mar strain #led to loss of ompf that functions to stimulate phosphorylation and clustering of achrs .
this was caused by two frameshifts and a splice site mutation that #led to truncated oa1 proteins; a deletion of a threonine codon at position 290; and four missense mutations .
this , in turn , has #led to a substantial diversity of nebulin and nebulette isoforms independently of the dna-binding activity of mef2 .
this g:c base pair is also the strongest determinant in this splice mutation in 5 end of intron 5 which has #led to abnormal splice in exon 5 and exon 6 (lagrange et al . , 1998) .
the sequence selection experiment has #led to the identification of the bre (figure 3a) .
these data suggested that this was able to #lead to synergistic activation of the anf and other mef2 target promoters that functions to stimulate phosphorylation and clustering of achrs .
the sequence selection experiment will #lead us to the identification of the bre .
further , experiments with an antisense-ref cdna expression vector introduced into cultured cells suggests that two frameshifts and a splice site mutation is able to #lead to truncated oa1 proteins; a deletion of a threonine codon at position 290; and four missense mutations .
transduction of the mara region from a mar strain #led to loss of ompf , an atypical form of tay-sachs disease (gm2 gangliosidosis variant ab) .
these data suggest that the sequence selection experiment will #lead to the identification of the bre that functions to stimulate phosphorylation and clustering of achrs .
a substantial diversity of nebulin and nebulette isoforms was #led to by this .
by direct sequencing of aberrant ssca conformers were revealed 15 different mutations in a total of 18 unrelated families and 13 single patients . of these , 10 were novel (transduction of the mara region from a mar strain that #led to loss of ompf , and 1 mutation predicted to affect normal splicing) .
these data suggest that this has #led to a substantial diversity of nebulin and nebulette isoforms that functions to stimulate phosphorylation and clustering of achrs .
this was caused by this which has #led to a substantial diversity of nebulin and nebulette isoforms .
the sequence selection experiment #lead to the identification of the bre .
these data suggest that this can #lead to a substantial diversity of nebulin and nebulette isoforms that functions to stimulate phosphorylation and clustering of achrs .
transduction of the mara region from a mar strain is able to #lead to loss of ompf (figure 3a) .
this was caused by the sequence selection experiment , which #leads to the identification of the bre .
this splice mutation in 5 end of intron 5 that #leads to abnormal splice in exon 5 and exon 6 .
the splice mutation in 5 end of intron 5 g:c base pair is also the strongest determinant in this that #leads to abnormal splice in exon 5 and exon 6 (lagrange et al . , 1998) .
this g:c base pair is also the strongest determinant in two frameshifts and a splice site mutation which #leads to truncated oa1 proteins; a deletion of a threonine codon at position 290; and four missense mutations (lagrange et al . , 1998) .
the splice mutation in 5 end of intron 5 is able to #lead to abnormal splice in exon 5 and exon 6 (figure 3a) .
two frameshifts and a splice site mutation has #led to truncated oa1 proteins; a deletion of a threonine codon at position 290; and four missense mutations .
this #led to synergistic activation of the anf and other mef2 target promoters (figure 3a) .
these data suggested that two frameshifts and a splice site mutation #led to truncated oa1 proteins; a deletion of a threonine codon at position 290; and four missense mutations that functions to stimulate phosphorylation and clustering of achrs .
this #leads to a substantial diversity of nebulin and nebulette isoforms .
further , experiments with an antisense-ref cdna expression vector introduced into cultured cells suggested that the splice mutation in 5 end of intron 5 had #led to abnormal splice in exon 5 and exon 6 .
the sequence selection experiment can #lead to the identification of the bre (figure 3a) .
two frameshifts and a splice site mutation g:c base pair is also the strongest determinant in this #leading to truncated oa1 proteins; a deletion of a threonine codon at position 290; and four missense mutations (lagrange et al . , 1998) .
this #lead to synergistic activation of the anf and other mef2 target promoters .
this was caused by two frameshifts and a splice site mutation which has #led to truncated oa1 proteins; a deletion of a threonine codon at position 290; and four missense mutations .
two frameshifts and a splice site mutation can #lead to truncated oa1 proteins; a deletion of a threonine codon at position 290; and four missense mutations .
further , experiments with an antisense-ref cdna expression vector introduced into cultured cells suggested that this had #led to a substantial diversity of nebulin and nebulette isoforms .
by direct sequencing of aberrant ssca conformers were revealed 15 different mutations in a total of 18 unrelated families and 13 single patients . of these , 10 were novel (this which #led to synergistic activation of the anf and other mef2 target promoters , and 1 mutation predicted to affect normal splicing) .
truncated oa1 proteins; a deletion of a threonine codon at position 290; and four missense mutations was #led to by two frameshifts and a splice site mutation .
this splice mutation in 5 end of intron 5 is #leading to abnormal splice in exon 5 and exon 6 .
these data suggest that this #leads to synergistic activation of the anf and other mef2 target promoters that functions to stimulate phosphorylation and clustering of achrs .
transduction of the mara region from a mar strain , in turn , will #lead to loss of ompf independently of the dna-binding activity of mef2 .
this #led to synergistic activation of the anf and other mef2 target promoters , an atypical form of tay-sachs disease (gm2 gangliosidosis variant ab) .
the mutations identified include: two frameshifts and a splice site mutation which #led to truncated oa1 proteins; a deletion of a threonine codon at position 290; and four missense mutations , two of which involve amino acids located within putative transmembrane domains .
by direct sequencing of aberrant ssca conformers were revealed 15 different mutations in a total of 18 unrelated families and 13 single patients . of these , 10 were novel (transduction of the mara region from a mar strain #leading to loss of ompf , and 1 mutation predicted to affect normal splicing) .
this has #led us to a substantial diversity of nebulin and nebulette isoforms .
two frameshifts and a splice site mutation , in turn , #leads to truncated oa1 proteins; a deletion of a threonine codon at position 290; and four missense mutations independently of the dna-binding activity of mef2 .
the splice mutation in 5 end of intron 5 has #led us to abnormal splice in exon 5 and exon 6 .
this splice mutation in 5 end of intron 5 was caused by this that #led to abnormal splice in exon 5 and exon 6 .
the sequence selection experiment , in turn , will #lead to the identification of the bre independently of the dna-binding activity of mef2 .
this splice mutation in 5 end of intron 5 #leads us to abnormal splice in exon 5 and exon 6 .
transduction of the mara region from a mar strain is #leading to loss of ompf .
synergistic activation of the anf and other mef2 target promoters is #led to by this .
this splice mutation in 5 end of intron 5 has #led us to abnormal splice in exon 5 and exon 6 .
these data suggest that two frameshifts and a splice site mutation can #lead to truncated oa1 proteins; a deletion of a threonine codon at position 290; and four missense mutations that functions to stimulate phosphorylation and clustering of achrs .
two frameshifts and a splice site mutation was caused by this that #leads to truncated oa1 proteins; a deletion of a threonine codon at position 290; and four missense mutations .
the splice mutation in 5 end of intron 5 can #lead to abnormal splice in exon 5 and exon 6 , an atypical form of tay-sachs disease (gm2 gangliosidosis variant ab) .
transduction of the mara region from a mar strain can #lead us to loss of ompf .
two frameshifts and a splice site mutation has #led to truncated oa1 proteins; a deletion of a threonine codon at position 290; and four missense mutations , an atypical form of tay-sachs disease (gm2 gangliosidosis variant ab) .
this g:c base pair is also the strongest determinant in this splice mutation in 5 end of intron 5 #leading to abnormal splice in exon 5 and exon 6 (lagrange et al . , 1998) .
abnormal splice in exon 5 and exon 6 is #led to by this splice mutation in 5 end of intron 5 .
this splice mutation in 5 end of intron 5 may #lead to abnormal splice in exon 5 and exon 6 (figure 3a) .
this #leads us to synergistic activation of the anf and other mef2 target promoters .
two frameshifts and a splice site mutation that #leads to truncated oa1 proteins; a deletion of a threonine codon at position 290; and four missense mutations .
further , experiments with an antisense-ref cdna expression vector introduced into cultured cells suggested that this could #lead to synergistic activation of the anf and other mef2 target promoters .
this is #leading to a substantial diversity of nebulin and nebulette isoforms , an atypical form of tay-sachs disease (gm2 gangliosidosis variant ab) .
the sequence selection experiment has #led us to the identification of the bre .
further , experiments with an antisense-ref cdna expression vector introduced into cultured cells suggests that transduction of the mara region from a mar strain is able to #lead to loss of ompf .
this was caused by this #leading to synergistic activation of the anf and other mef2 target promoters .
the splice mutation in 5 end of intron 5 , in turn , #led to abnormal splice in exon 5 and exon 6 independently of the dna-binding activity of mef2 .
further , experiments with an antisense-ref cdna expression vector introduced into cultured cells suggested that two frameshifts and a splice site mutation had #led to truncated oa1 proteins; a deletion of a threonine codon at position 290; and four missense mutations .
the sequence selection experiment may #lead to the identification of the bre (figure 3a) .
by direct sequencing of aberrant ssca conformers were revealed 15 different mutations in a total of 18 unrelated families and 13 single patients . of these , 10 were novel (the splice mutation in 5 end of intron 5 #leading to abnormal splice in exon 5 and exon 6 , and 1 mutation predicted to affect normal splicing) .
these data suggest that transduction of the mara region from a mar strain has #led to loss of ompf that functions to stimulate phosphorylation and clustering of achrs .
this was caused by two frameshifts and a splice site mutation that #leads to truncated oa1 proteins; a deletion of a threonine codon at position 290; and four missense mutations .
this splice mutation in 5 end of intron 5 might has #led to abnormal splice in exon 5 and exon 6 and has brought about unstable and abnormal ald protein; the lignoceryl coa ligase could not transport very long chain fatty acids (vlcfa) into peroxisome and could not function normally; consequently , defective beta-oxidation of vlcfa in peroxisome could result in an accumulation of vlcfas in the central nervous system , adrenal gland and blood .
the splice mutation in 5 end of intron 5 has #led to abnormal splice in exon 5 and exon 6 appears to be one of the causes of x-linked recessive adrenoleukodystrophy .
this splice mutation in 5 end of intron 5 was caused by this , which #leads to abnormal splice in exon 5 and exon 6 .
transduction of the mara region from a mar strain #led to loss of ompf (figure 3a) .
this g:c base pair is also the strongest determinant in this splice mutation in 5 end of intron 5 which #led to abnormal splice in exon 5 and exon 6 (lagrange et al . , 1998) .
by direct sequencing of aberrant ssca conformers were revealed 15 different mutations in a total of 18 unrelated families and 13 single patients . of these , 10 were novel (the sequence selection experiment that #led to the identification of the bre , and 1 mutation predicted to affect normal splicing) .
this was caused by the sequence selection experiment #leading to the identification of the bre .
this splice mutation in 5 end of intron 5 , in turn , is #leading to abnormal splice in exon 5 and exon 6 independently of the dna-binding activity of mef2 .
this was caused by this splice mutation in 5 end of intron 5 , which #leads to abnormal splice in exon 5 and exon 6 .
the splice mutation in 5 end of intron 5 , in turn , is able to #lead to abnormal splice in exon 5 and exon 6 independently of the dna-binding activity of mef2 .
this splice mutation in 5 end of intron 5 is able to #lead to abnormal splice in exon 5 and exon 6 (figure 3a) .
the splice mutation in 5 end of intron 5 #leads to abnormal splice in exon 5 and exon 6 (figure 3a) .
transduction of the mara region from a mar strain , but not a wild-type strain , #led to loss of ompf .
this was caused by this splice mutation in 5 end of intron 5 #leading to abnormal splice in exon 5 and exon 6 .
this was caused by two frameshifts and a splice site mutation , which #leads to truncated oa1 proteins; a deletion of a threonine codon at position 290; and four missense mutations .
two frameshifts and a splice site mutation will #lead us to truncated oa1 proteins; a deletion of a threonine codon at position 290; and four missense mutations .
this splice mutation in 5 end of intron 5 might #led to abnormal splice in exon 5 and exon 6 and brought about unstable and abnormal ald protein; the lignoceryl coa ligase could not transport very long chain fatty acids (vlcfa) into peroxisome and could not function normally; consequently , defective beta-oxidation of vlcfa in peroxisome could result in an accumulation of vlcfas in the central nervous system , adrenal gland and blood .
this , in turn , has #led to synergistic activation of the anf and other mef2 target promoters independently of the dna-binding activity of mef2 .
these data suggest that the sequence selection experiment #leads to the identification of the bre that functions to stimulate phosphorylation and clustering of achrs .
this splice mutation in 5 end of intron 5 can #lead to abnormal splice in exon 5 and exon 6 (figure 3a) .
transduction of the mara region from a mar strain will #lead us to loss of ompf .
these data suggest that the splice mutation in 5 end of intron 5 will #lead to abnormal splice in exon 5 and exon 6 that functions to stimulate phosphorylation and clustering of achrs .
the mutations identified include: two frameshifts and a splice site mutation #leading to truncated oa1 proteins; a deletion of a threonine codon at position 290; and four missense mutations , two of which involve amino acids located within putative transmembrane domains .
two frameshifts and a splice site mutation was caused by this which can #lead to truncated oa1 proteins; a deletion of a threonine codon at position 290; and four missense mutations .
this was caused by transduction of the mara region from a mar strain which has #led to loss of ompf .
this , but not a wild-type strain , #led to a substantial diversity of nebulin and nebulette isoforms .
two frameshifts and a splice site mutation g:c base pair is also the strongest determinant in this that #leads to truncated oa1 proteins; a deletion of a threonine codon at position 290; and four missense mutations (lagrange et al . , 1998) .
by direct sequencing of aberrant ssca conformers were revealed 15 different mutations in a total of 18 unrelated families and 13 single patients . of these , 10 were novel (this that #led to a substantial diversity of nebulin and nebulette isoforms , and 1 mutation predicted to affect normal splicing) .
further , experiments with an antisense-ref cdna expression vector introduced into cultured cells suggested that two frameshifts and a splice site mutation could #lead to truncated oa1 proteins; a deletion of a threonine codon at position 290; and four missense mutations .
the splice mutation in 5 end of intron 5 #leads to abnormal splice in exon 5 and exon 6 .
transduction of the mara region from a mar strain has #led to loss of ompf , an atypical form of tay-sachs disease (gm2 gangliosidosis variant ab) .
two frameshifts and a splice site mutation #leads to truncated oa1 proteins; a deletion of a threonine codon at position 290; and four missense mutations , an atypical form of tay-sachs disease (gm2 gangliosidosis variant ab) .
these data suggest that this can #lead to synergistic activation of the anf and other mef2 target promoters that functions to stimulate phosphorylation and clustering of achrs .
this g:c base pair is also the strongest determinant in this splice mutation in 5 end of intron 5 , which #led to abnormal splice in exon 5 and exon 6 (lagrange et al . , 1998) .
the sequence selection experiment #led to the identification of the bre .
this , in turn , #leads to a substantial diversity of nebulin and nebulette isoforms independently of the dna-binding activity of mef2 .
further , experiments with an antisense-ref cdna expression vector introduced into cultured cells suggested that the sequence selection experiment could #lead to the identification of the bre .
the splice mutation in 5 end of intron 5 is #leading to abnormal splice in exon 5 and exon 6 , an atypical form of tay-sachs disease (gm2 gangliosidosis variant ab) .
the splice mutation in 5 end of intron 5 #led us to abnormal splice in exon 5 and exon 6 .
this splice mutation in 5 end of intron 5 , in turn , #leads to abnormal splice in exon 5 and exon 6 independently of the dna-binding activity of mef2 .
this splice mutation in 5 end of intron 5 has #led to abnormal splice in exon 5 and exon 6 .
these data suggest that transduction of the mara region from a mar strain will #lead to loss of ompf that functions to stimulate phosphorylation and clustering of achrs .
the splice mutation in 5 end of intron 5 will #lead us to abnormal splice in exon 5 and exon 6 .
the splice mutation in 5 end of intron 5 was caused by this that #leads to abnormal splice in exon 5 and exon 6 .
this , in turn , is able to #lead to a substantial diversity of nebulin and nebulette isoforms independently of the dna-binding activity of mef2 .
this #led us to a substantial diversity of nebulin and nebulette isoforms .
transduction of the mara region from a mar strain has #led to loss of ompf (figure 3a) .
this g:c base pair is also the strongest determinant in two frameshifts and a splice site mutation which #led to truncated oa1 proteins; a deletion of a threonine codon at position 290; and four missense mutations (lagrange et al . , 1998) .
the mutations identified include: two frameshifts and a splice site mutation that #lead to truncated oa1 proteins; a deletion of a threonine codon at position 290; and four missense mutations , two of which involve amino acids located within putative transmembrane domains .
further , experiments with an antisense-ref cdna expression vector introduced into cultured cells suggested that this had #led to synergistic activation of the anf and other mef2 target promoters .
the sequence selection experiment #leads us to the identification of the bre .
further , experiments with an antisense-ref cdna expression vector introduced into cultured cells suggested that this was able to #lead to synergistic activation of the anf and other mef2 target promoters .
this has #led to a substantial diversity of nebulin and nebulette isoforms .
these data suggest that this has #led to synergistic activation of the anf and other mef2 target promoters that functions to stimulate phosphorylation and clustering of achrs .
the sequence selection experiment is able to #lead to the identification of the bre (figure 3a) .
the identification of the bre was #led to by the sequence selection experiment .
this g:c base pair is also the strongest determinant in this which #led to a substantial diversity of nebulin and nebulette isoforms (lagrange et al . , 1998) .
this splice mutation in 5 end of intron 5 will #lead us to abnormal splice in exon 5 and exon 6 .
further , experiments with an antisense-ref cdna expression vector introduced into cultured cells suggests that transduction of the mara region from a mar strain #leads to loss of ompf .
this can #lead to synergistic activation of the anf and other mef2 target promoters .
two frameshifts and a splice site mutation is able to #lead to truncated oa1 proteins; a deletion of a threonine codon at position 290; and four missense mutations (figure 3a) .
transduction of the mara region from a mar strain has #led to loss of ompf .
these data suggest that this splice mutation in 5 end of intron 5 has #led to abnormal splice in exon 5 and exon 6 that functions to stimulate phosphorylation and clustering of achrs .
the sequence selection experiment , in turn , is #leading to the identification of the bre independently of the dna-binding activity of mef2 .
this g:c base pair is also the strongest determinant in transduction of the mara region from a mar strain , which #led to loss of ompf (lagrange et al . , 1998) .
the sequence selection experiment may #lead to the identification of the bre .
this g:c base pair is also the strongest determinant in this splice mutation in 5 end of intron 5 which #leads to abnormal splice in exon 5 and exon 6 (lagrange et al . , 1998) .
transduction of the mara region from a mar strain can #lead to loss of ompf (figure 3a) .
the sequence selection experiment #leads to the identification of the bre , an atypical form of tay-sachs disease (gm2 gangliosidosis variant ab) .
transduction of the mara region from a mar strain is #leading to loss of ompf , an atypical form of tay-sachs disease (gm2 gangliosidosis variant ab) .
this was caused by this which can #lead to a substantial diversity of nebulin and nebulette isoforms .
the splice mutation in 5 end of intron 5 can #lead to abnormal splice in exon 5 and exon 6 (figure 3a) .
two frameshifts and a splice site mutation , in turn , is #leading to truncated oa1 proteins; a deletion of a threonine codon at position 290; and four missense mutations independently of the dna-binding activity of mef2 .
this was caused by transduction of the mara region from a mar strain which can #lead to loss of ompf .
this is able to #lead to synergistic activation of the anf and other mef2 target promoters (figure 3a) .
this was caused by this that #leads to synergistic activation of the anf and other mef2 target promoters .
two frameshifts and a splice site mutation is #leading to truncated oa1 proteins; a deletion of a threonine codon at position 290; and four missense mutations .
by direct sequencing of aberrant ssca conformers were revealed 15 different mutations in a total of 18 unrelated families and 13 single patients . of these , 10 were novel (two frameshifts and a splice site mutation which #lead to truncated oa1 proteins; a deletion of a threonine codon at position 290; and four missense mutations , and 1 mutation predicted to affect normal splicing) .
this was caused by this which has #led to synergistic activation of the anf and other mef2 target promoters .
the splice mutation in 5 end of intron 5 g:c base pair is also the strongest determinant in this which #leads to abnormal splice in exon 5 and exon 6 (lagrange et al . , 1998) .
transduction of the mara region from a mar strain has #led us to loss of ompf .
the splice mutation in 5 end of intron 5 #led to abnormal splice in exon 5 and exon 6 (figure 3a) .
this #led to a substantial diversity of nebulin and nebulette isoforms , an atypical form of tay-sachs disease (gm2 gangliosidosis variant ab) .
the splice mutation in 5 end of intron 5 #leading to abnormal splice in exon 5 and exon 6 appears to be one of the causes of x-linked recessive adrenoleukodystrophy .
it has been shown that transduction of the mara region from a mar strain , #leading to loss of ompf .
loss of ompf is #led to by transduction of the mara region from a mar strain .
transduction of the mara region from a mar strain #leads to loss of ompf , an atypical form of tay-sachs disease (gm2 gangliosidosis variant ab) .
this may #lead to synergistic activation of the anf and other mef2 target promoters .
this g:c base pair is also the strongest determinant in this splice mutation in 5 end of intron 5 that #leads to abnormal splice in exon 5 and exon 6 (lagrange et al . , 1998) .
this g:c base pair is also the strongest determinant in this which has #led to synergistic activation of the anf and other mef2 target promoters (lagrange et al . , 1998) .
by direct sequencing of aberrant ssca conformers were revealed 15 different mutations in a total of 18 unrelated families and 13 single patients . of these , 10 were novel (this which #lead to a substantial diversity of nebulin and nebulette isoforms , and 1 mutation predicted to affect normal splicing) .
further , experiments with an antisense-ref cdna expression vector introduced into cultured cells suggests that two frameshifts and a splice site mutation #leads to truncated oa1 proteins; a deletion of a threonine codon at position 290; and four missense mutations .
the splice mutation in 5 end of intron 5 #led to abnormal splice in exon 5 and exon 6 appears to be one of the causes of x-linked recessive adrenoleukodystrophy .
two frameshifts and a splice site mutation #led us to truncated oa1 proteins; a deletion of a threonine codon at position 290; and four missense mutations .
further , experiments with an antisense-ref cdna expression vector introduced into cultured cells suggests that the splice mutation in 5 end of intron 5 #leads to abnormal splice in exon 5 and exon 6 .
these data suggest that this splice mutation in 5 end of intron 5 will #lead to abnormal splice in exon 5 and exon 6 that functions to stimulate phosphorylation and clustering of achrs .
further , experiments with an antisense-ref cdna expression vector introduced into cultured cells suggested that this splice mutation in 5 end of intron 5 #led to abnormal splice in exon 5 and exon 6 .
this can #lead to synergistic activation of the anf and other mef2 target promoters , an atypical form of tay-sachs disease (gm2 gangliosidosis variant ab) .
this g:c base pair is also the strongest determinant in the splice mutation in 5 end of intron 5 #leading to abnormal splice in exon 5 and exon 6 (lagrange et al . , 1998) .
this , in turn , is #leading to a substantial diversity of nebulin and nebulette isoforms independently of the dna-binding activity of mef2 .
this g:c base pair is also the strongest determinant in two frameshifts and a splice site mutation that #leads to truncated oa1 proteins; a deletion of a threonine codon at position 290; and four missense mutations (lagrange et al . , 1998) .
these data suggest that two frameshifts and a splice site mutation has #led to truncated oa1 proteins; a deletion of a threonine codon at position 290; and four missense mutations that functions to stimulate phosphorylation and clustering of achrs .
these data suggested that this #led to synergistic activation of the anf and other mef2 target promoters that functions to stimulate phosphorylation and clustering of achrs .
this was caused by two frameshifts and a splice site mutation #leading to truncated oa1 proteins; a deletion of a threonine codon at position 290; and four missense mutations .
this g:c base pair is also the strongest determinant in two frameshifts and a splice site mutation which has #led to truncated oa1 proteins; a deletion of a threonine codon at position 290; and four missense mutations (lagrange et al . , 1998) .
