apparently hela cells have either #initiated transcription at multiple sites within rps14 exon 1 , or capped 5 oligonucleotides which were removed from most s14 mrnas posttranscription .
transcription of the divergently transcribed glptq and glpacb operons has been #initiated from sites separated by 132 base pairs (bp) of dna at the g residue of the upstream gatc sequence .
transcription of ptsg encoding glucose-specific permease can be #initiated from from two promoters , p1 and p2 at the g residue of the upstream gatc sequence .
tumours with breakpoints just 5 to exon 1 , or distant from c-myc , have normal c-myc mrnas of 2 .25 and 2 .4 kb , which differ at their 5 ends , while tumours with breakpoints within exon 1 or intron 1 alter c-myc mrnas that may have been #initiated within intron 1 .
sxl was a key regulator of sex determination and dosage compensation , whose transcription is able to be #initiated only in female blastoderm embryos .
c-myc mrnas being #initiated from intron 1 gives rise to a protein of 45 kda , which existed as multiple phosphorylated isoforms in resting cells .
i kappa b-epsilon translation will be #initiated from an internal atg codon at the g residue of the upstream gatc sequence .
transcription of the divergently transcribed glptq and glpacb operons being #initiated from sites separated by 132 base pairs (bp) of dna gives rise to a protein of 45 kda , which existed as multiple phosphorylated isoforms in resting cells .
i kappa b-epsilon translation is #initiated from an internal atg codon at the g residue of the upstream gatc sequence .
transcription of ptsg encoding glucose-specific permease which may be #initiated from from two promoters , p1 and p2 to give rise to a protein of 45 kda , which existed as multiple phosphorylated isoforms in resting cells .
tumours with breakpoints just 5 to exon 1 , or distant from c-myc , have normal c-myc mrnas of 2 .25 and 2 .4 kb , which differ at their 5 ends , while tumours with breakpoints within exon 1 or intron 1 alter c-myc mrnas (2 .1-2 .7 kb in burkitt lines) , which can be #initiated within intron 1 .
transcription of ptsg encoding glucose-specific permease may have been #initiated from from two promoters , p1 and p2 at the g residue of the upstream gatc sequence .
transcription of ptsg encoding glucose-specific permease which was #initiated from two promoters , p1 and p2 gives rise to a protein of 45 kda , which existed as multiple phosphorylated isoforms in resting cells .
tumours with breakpoints just 5 to exon 1 , or distant from c-myc , have normal c-myc mrnas of 2 .25 and 2 .4 kb , which differ at their 5 ends , while tumours with breakpoints within exon 1 or intron 1 alter c-myc mrnas that is able to be #initiated within intron 1 .
transcription of the divergently transcribed glptq and glpacb operons was #initiated at sites separated by 132 base pairs (bp) of dna .
transcription of ptsg encoding glucose-specific permease will be #initiated from two promoters , p1 and p2 to give rise to a protein of 45 kda , which existed as multiple phosphorylated isoforms in resting cells .
transcription of ptsg encoding glucose-specific permease was #initiated from from two promoters , p1 and p2 at the g residue of the upstream gatc sequence .
transcription of ptsg encoding glucose-specific permease is #initiated from from two promoters , p1 and p2 at the g residue of the upstream gatc sequence .
tumours with breakpoints just 5 to exon 1 , or distant from c-myc , have normal c-myc mrnas of 2 .25 and 2 .4 kb , which differ at their 5 ends , while tumours with breakpoints within exon 1 or intron 1 alter c-myc mrnas that may be #initiated within intron 1 .
apparently hela cells have the ability to either #initiate transcription at multiple sites within rps14 exon 1 , or cap 5 oligonucleotides which were removed from most s14 mrnas posttranscription .
c-myc mrnas was #initiated from intron 1 at the g residue of the upstream gatc sequence .
c-myc mrnas can be #initiated from intron 1 to give rise to a protein of 45 kda , which existed as multiple phosphorylated isoforms in resting cells .
tumours with breakpoints just 5 to exon 1 , or distant from c-myc , have normal c-myc mrnas of 2 .25 and 2 .4 kb , which differ at their 5 ends , while tumours with breakpoints within exon 1 or intron 1 alter c-myc mrnas that is #initiated within intron 1 .
transcription of the divergently transcribed glptq and glpacb operons will be #initiated from sites separated by 132 base pairs (bp) of dna at the g residue of the upstream gatc sequence .
i kappa b-epsilon translation that is #initiated from an internal atg codon gives rise to a protein of 45 kda , which existed as multiple phosphorylated isoforms in resting cells .
transcription of ptsg encoding glucose-specific permease #initiated from two promoters , p1 and p2 gives rise to a protein of 45 kda , which existed as multiple phosphorylated isoforms in resting cells .
altered c-myc mrnas is able to be #initiated from intron 1 at the g residue of the upstream gatc sequence .
altered c-myc mrnas is observed to be #initiated from intron 1 to give rise to a protein of 45 kda , which existed as multiple phosphorylated isoforms in resting cells .
transcription of the divergently transcribed glptq and glpacb operons can be #initiated at sites separated by 132 base pairs (bp) of dna .
transcription which was #initiated from a sigma (70)-dependent promoter gives rise to a protein of 45 kda , which existed as multiple phosphorylated isoforms in resting cells .
altered c-myc mrnas is #initiated from intron 1 to give rise to a protein of 45 kda , which exists as multiple phosphorylated isoforms in resting cells .
transcription of ptsg encoding glucose-specific permease , enzyme iicb (glc) , in escherichia coli can be #initiated from two promoters , p1 and p2 .
transcription of ptsg encoding glucose-specific permease was #initiated from from two promoters , p1 and p2 to give rise to a protein of 45 kda , which existed as multiple phosphorylated isoforms in resting cells .
tumours with breakpoints just 5 to exon 1 , or distant from c-myc , have normal c-myc mrnas of 2 .25 and 2 .4 kb , which differ at their 5 ends , while tumours with breakpoints within exon 1 or intron 1 alter c-myc mrnas (2 .1-2 .7 kb in burkitt lines) , which was #initiated within intron 1 .
transcription of the divergently transcribed glptq and glpacb operons was #initiated from sites separated by 132 base pairs (bp) of dna at the g residue of the upstream gatc sequence .
transcription has been #initiated from a sigma (70)-dependent promoter to give rise to a protein of 45 kda , which existed as multiple phosphorylated isoforms in resting cells .
i kappa b-epsilon translation has the ability to be #initiated from an internal atg codon at the g residue of the upstream gatc sequence .
transcription of the divergently transcribed glptq and glpacb operons which has been #initiated from sites separated by 132 base pairs (bp) of dna gives rise to a protein of 45 kda , which existed as multiple phosphorylated isoforms in resting cells .
apparently hela cells may either #initiate transcription at multiple sites within rps14 exon 1 , or cap 5 oligonucleotides which were removed from most s14 mrnas posttranscription .
c-myc mrnas can be #initiated from intron 1 at the g residue of the upstream gatc sequence .
transcription of ptsg encoding glucose-specific permease , enzyme iicb (glc) , in escherichia coli may have been #initiated from two promoters , p1 and p2 .
altered c-myc mrnas which may be #initiated from intron 1 to give rise to a protein of 45 kda , which existed as multiple phosphorylated isoforms in resting cells .
i kappa b-epsilon translation may have been #initiated from an internal atg codon at the g residue of the upstream gatc sequence .
apparently hela cells are believed to either #initiate transcription at multiple sites within rps14 exon 1 , or cap 5 oligonucleotides which were removed from most s14 mrnas posttranscription .
tumours with breakpoints just 5 to exon 1 , or distant from c-myc , have normal c-myc mrnas of 2 .25 and 2 .4 kb , which differ at their 5 ends , while tumours with breakpoints within exon 1 or intron 1 alter c-myc mrnas (2 .1-2 .7 kb in burkitt lines) , which is #initiated within intron 1 .
transcription of ptsg encoding glucose-specific permease may be #initiated from from two promoters , p1 and p2 to give rise to a protein of 45 kda , which existed as multiple phosphorylated isoforms in resting cells .
i kappa b-epsilon translation has been #initiated from an internal atg codon to give rise to a protein of 45 kda , which existed as multiple phosphorylated isoforms in resting cells .
altered c-myc mrnas that is #initiated from intron 1 gives rise to a protein of 45 kda , which existed as multiple phosphorylated isoforms in resting cells .
transcription was #initiated from a sigma (70)-dependent promoter at the g residue of the upstream gatc sequence .
transcription of the divergently transcribed glptq and glpacb operons is observed to be #initiated at sites separated by 132 base pairs (bp) of dna .
transcription of ptsg encoding glucose-specific permease is #initiated from two promoters , p1 and p2 at the g residue of the upstream gatc sequence .
transcription is #initiated from a sigma (70)-dependent promoter at the g residue of the upstream gatc sequence .
i kappa b-epsilon translation can be #initiated from an internal atg codon at the g residue of the upstream gatc sequence .
sxl was a key regulator of sex determination and dosage compensation , whose transcription will be #initiated only in female blastoderm embryos .
transcription of ptsg encoding glucose-specific permease which may be #initiated from two promoters , p1 and p2 to give rise to a protein of 45 kda , which existed as multiple phosphorylated isoforms in resting cells .
transcription can be #initiated from a sigma (70)-dependent promoter at the g residue of the upstream gatc sequence .
transcription of the divergently transcribed glptq and glpacb operons was #initiated from sites separated by 132 base pairs (bp) of dna to give rise to a protein of 45 kda , which existed as multiple phosphorylated isoforms in resting cells .
apparently hela cells either #initiated transcription at multiple sites within rps14 exon 1 , or capped 5 oligonucleotides which were removed from most s14 mrnas posttranscription .
transcription of ptsg encoding glucose-specific permease , enzyme iicb (glc) , in escherichia coli is #initiated from two promoters , p1 and p2 .
transcription of ptsg encoding glucose-specific permease is observed to be #initiated from two promoters , p1 and p2 at the g residue of the upstream gatc sequence .
transcription may have been #initiated from a sigma (70)-dependent promoter at the g residue of the upstream gatc sequence .
transcription of ptsg encoding glucose-specific permease , enzyme iicb (glc) , in escherichia coli was #initiated from two promoters , p1 and p2 .
transcription of the divergently transcribed glptq and glpacb operons can be #initiated from sites separated by 132 base pairs (bp) of dna to give rise to a protein of 45 kda , which existed as multiple phosphorylated isoforms in resting cells .
transcription of the divergently transcribed glptq and glpacb operons has been #initiated at sites separated by 132 base pairs (bp) of dna .
altered c-myc mrnas has the ability to be #initiated from intron 1 at the g residue of the upstream gatc sequence .
c-myc mrnas is able to be #initiated from intron 1 at the g residue of the upstream gatc sequence .
transcription of ptsg encoding glucose-specific permease will be #initiated from two promoters , p1 and p2 at the g residue of the upstream gatc sequence .
transcription is observed to be #initiated from a sigma (70)-dependent promoter to give rise to a protein of 45 kda , which existed as multiple phosphorylated isoforms in resting cells .
altered c-myc mrnas can be #initiated from intron 1 to give rise to a protein of 45 kda , which existed as multiple phosphorylated isoforms in resting cells .
c-myc mrnas which is #initiated from intron 1 gives rise to a protein of 45 kda , which existed as multiple phosphorylated isoforms in resting cells .
transcription of the divergently transcribed glptq and glpacb operons which was #initiated from sites separated by 132 base pairs (bp) of dna gives rise to a protein of 45 kda , which existed as multiple phosphorylated isoforms in resting cells .
transcription of ptsg encoding glucose-specific permease may be #initiated from two promoters , p1 and p2 at the g residue of the upstream gatc sequence .
altered c-myc mrnas may have been #initiated from intron 1 at the g residue of the upstream gatc sequence .
sxl was a key regulator of sex determination and dosage compensation , whose transcription may have been #initiated only in female blastoderm embryos .
transcription of the divergently transcribed glptq and glpacb operons has been #initiated from sites separated by 132 base pairs (bp) of dna to give rise to a protein of 45 kda , which existed as multiple phosphorylated isoforms in resting cells .
transcription of ptsg encoding glucose-specific permease which is #initiated from two promoters , p1 and p2 gives rise to a protein of 45 kda , which existed as multiple phosphorylated isoforms in resting cells .
transcription of ptsg encoding glucose-specific permease , enzyme iicb (glc) , in escherichia coli is observed to be #initiated from two promoters , p1 and p2 .
transcription of the divergently transcribed glptq and glpacb operons may have been #initiated from sites separated by 132 base pairs (bp) of dna at the g residue of the upstream gatc sequence .
transcription can be #initiated from a sigma (70)-dependent promoter to give rise to a protein of 45 kda , which existed as multiple phosphorylated isoforms in resting cells .
transcription of the divergently transcribed glptq and glpacb operons may be #initiated from sites separated by 132 base pairs (bp) of dna to give rise to a protein of 45 kda , which existed as multiple phosphorylated isoforms in resting cells .
altered c-myc mrnas which was #initiated from intron 1 gives rise to a protein of 45 kda , which existed as multiple phosphorylated isoforms in resting cells .
transcription of ptsg encoding glucose-specific permease being #initiated from from two promoters , p1 and p2 gives rise to a protein of 45 kda , which existed as multiple phosphorylated isoforms in resting cells .
transcription of ptsg encoding glucose-specific permease is observed to be #initiated from from two promoters , p1 and p2 at the g residue of the upstream gatc sequence .
apparently hela cells are able to either #initiate transcription at multiple sites within rps14 exon 1 , or cap 5 oligonucleotides which were removed from most s14 mrnas posttranscription .
altered c-myc mrnas will be #initiated from intron 1 to give rise to a protein of 45 kda , which existed as multiple phosphorylated isoforms in resting cells .
transcription of the divergently transcribed glptq and glpacb operons is #initiated at sites separated by 132 base pairs (bp) of dna .
i kappa b-epsilon translation may be #initiated from an internal atg codon at the g residue of the upstream gatc sequence .
this has led to the prevailing interpretation that genetic changes , in addition to those present in the most advanced clone of the primary tumor , are required to #initiate invasion , dissemination , and growth at anatomically distant sites .
c-myc mrnas may be #initiated from intron 1 to give rise to a protein of 45 kda , which existed as multiple phosphorylated isoforms in resting cells .
transcription which may be #initiated from a sigma (70)-dependent promoter to give rise to a protein of 45 kda , which existed as multiple phosphorylated isoforms in resting cells .
transcription of ptsg encoding glucose-specific permease being #initiated from two promoters , p1 and p2 gives rise to a protein of 45 kda , which existed as multiple phosphorylated isoforms in resting cells .
transcription of the divergently transcribed glptq and glpacb operons will be #initiated from sites separated by 132 base pairs (bp) of dna to give rise to a protein of 45 kda , which existed as multiple phosphorylated isoforms in resting cells .
transcription of the divergently transcribed glptq and glpacb operons has the ability to be #initiated at sites separated by 132 base pairs (bp) of dna .
tumours with breakpoints just 5 to exon 1 , or distant from c-myc , have normal c-myc mrnas of 2 .25 and 2 .4 kb , which differ at their 5 ends , while tumours with breakpoints within exon 1 or intron 1 alter c-myc mrnas that can be #initiated within intron 1 .
altered c-myc mrnas which is #initiated from intron 1 gives rise to a protein of 45 kda , which existed as multiple phosphorylated isoforms in resting cells .
transcription of ptsg encoding glucose-specific permease has been #initiated from two promoters , p1 and p2 at the g residue of the upstream gatc sequence .
c-myc mrnas is #initiated from intron 1 at the g residue of the upstream gatc sequence .
transcription of the divergently transcribed glptq and glpacb operons is observed to be #initiated from sites separated by 132 base pairs (bp) of dna at the g residue of the upstream gatc sequence .
transcription of the divergently transcribed glptq and glpacb operons has the ability to be #initiated from sites separated by 132 base pairs (bp) of dna at the g residue of the upstream gatc sequence .
altered c-myc mrnas #initiated from intron 1 gives rise to a protein of 45 kda , which existed as multiple phosphorylated isoforms in resting cells .
transcription which has been #initiated from a sigma (70)-dependent promoter gives rise to a protein of 45 kda , which existed as multiple phosphorylated isoforms in resting cells .
transcription of ptsg encoding glucose-specific permease will be #initiated from from two promoters , p1 and p2 at the g residue of the upstream gatc sequence .
transcription of ptsg encoding glucose-specific permease which is #initiated from from two promoters , p1 and p2 gives rise to a protein of 45 kda , which existed as multiple phosphorylated isoforms in resting cells .
transcription of ptsg encoding glucose-specific permease is able to be #initiated from from two promoters , p1 and p2 at the g residue of the upstream gatc sequence .
transcription of the divergently transcribed glptq and glpacb operons is able to be #initiated from sites separated by 132 base pairs (bp) of dna at the g residue of the upstream gatc sequence .
transcription of ptsg encoding glucose-specific permease which was #initiated from from two promoters , p1 and p2 gives rise to a protein of 45 kda , which existed as multiple phosphorylated isoforms in resting cells .
transcription of the divergently transcribed glptq and glpacb operons can be #initiated from sites separated by 132 base pairs (bp) of dna at the g residue of the upstream gatc sequence .
c-myc mrnas will be #initiated from intron 1 at the g residue of the upstream gatc sequence .
i kappa b-epsilon translation which has been #initiated from an internal atg codon gives rise to a protein of 45 kda , which existed as multiple phosphorylated isoforms in resting cells .
altered c-myc mrnas may be #initiated from intron 1 to give rise to a protein of 45 kda , which existed as multiple phosphorylated isoforms in resting cells .
altered c-myc mrnas being #initiated from intron 1 gives rise to a protein of 45 kda , which existed as multiple phosphorylated isoforms in resting cells .
c-myc mrnas which has been #initiated from intron 1 gives rise to a protein of 45 kda , which existed as multiple phosphorylated isoforms in resting cells .
transcription of ptsg encoding glucose-specific permease , enzyme iicb (glc) , in escherichia coli is able to be #initiated from two promoters , p1 and p2 .
transcription of ptsg encoding glucose-specific permease may be #initiated from from two promoters , p1 and p2 at the g residue of the upstream gatc sequence .
transcription of ptsg encoding glucose-specific permease that is #initiated from two promoters , p1 and p2 gives rise to a protein of 45 kda , which existed as multiple phosphorylated isoforms in resting cells .
i kappa b-epsilon translation can be #initiated from an internal atg codon to give rise to a protein of 45 kda , which existed as multiple phosphorylated isoforms in resting cells .
sxl is a key regulator of sex determination and dosage compensation , whose transcription was #initiated only in female blastoderm embryos .
scf , like the other dimeric ligands , initates signal transduction by direct dimerization of its receptor , kit , and the two juxtaposed receptors undergo scf (heldin , 1995; broudy , 1997) , which is observed to #initiate signal transduction .
since signal transduction is #initiated by scf by by direct dimerization of its receptor , proteins that are immediately downstream of an activated rtk can be identified by first identifying sequences in the rtk that are necessary to activate downstream signaling (schlessinger and ullrich , 1992; pawson , 1995) .
rtks will #initiate signaling by recruiting downstream components to the activated receptor , thereby raising cytosolic ca(2+) , [ca(2+)](i) .
ligand binding induced cell surface receptor complex formation and activates a cascade of phosphorylation events of intracellular intermediaries termed tyrosine autophosphorylation , which can #initiate downstream intracellular signaling .
ligand binding induced cell surface receptor complex formation and activates a cascade of phosphorylation events of intracellular intermediaries termed tyrosine autophosphorylation #initiating downstream intracellular signaling .
transcriptional regulation has been #initiated by smads , followed by phosphoryl group transfer to the regulator arca .
ligand binding induced cell surface receptor complex formation and activates a cascade of phosphorylation events of intracellular intermediaries termed scf , which have #initiated signal transduction .
transcriptional regulation will be #initiated by smads , followed by phosphoryl group transfer to the regulator arca .
scf , like the other dimeric ligands , initates signal transduction by direct dimerization of its receptor , kit , and the two juxtaposed receptors undergo smads (heldin , 1995; broudy , 1997) , which is able to #initiate transcriptional regulation .
since rtks is observed to #initiate signaling by recruiting downstream components to the activated receptor , proteins that are immediately downstream of an activated rtk can be identified by first identifying sequences in the rtk that are necessary to activate downstream signaling (schlessinger and ullrich , 1992; pawson , 1995) .
downstream intracellular signaling will be #initiated by tyrosine autophosphorylation , followed by phosphoryl group transfer to the regulator arca .
ligand binding induced cell surface receptor complex formation and activates a cascade of phosphorylation events of intracellular intermediaries termed smads , which #initiated transcriptional regulation .
scf may have #initiated signal transduction by by direct dimerization of its receptor , thereby raising cytosolic ca(2+) , [ca(2+)](i) .
signal transduction can be #initiated by scf , followed by phosphoryl group transfer to the regulator arca .
ligand binding induced cell surface receptor complex formation and activates a cascade of phosphorylation events of intracellular intermediaries termed scf , which will #initiate signal transduction .
signal transduction may be #initiated by scf , followed by phosphoryl group transfer to the regulator arca .
transcriptional regulation could be #initiated by smads , followed by phosphoryl group transfer to the regulator arca .
scf are able to #initiate signal transduction by by direct dimerization of its receptor , thereby raising cytosolic ca(2+) , [ca(2+)](i) .
downstream intracellular signaling is observed to be #initiated by tyrosine autophosphorylation , followed by phosphoryl group transfer to the regulator arca .
since rtks #initiate signaling by recruiting downstream components to the activated receptor , proteins that are immediately downstream of an activated rtk can be identified by first identifying sequences in the rtk that are necessary to activate downstream signaling (schlessinger and ullrich , 1992; pawson , 1995) .
ligand binding induced cell surface receptor complex formation and activates a cascade of phosphorylation events of intracellular intermediaries termed tyrosine autophosphorylation , which may #initiate downstream intracellular signaling .
signal transduction was #initiated by scf , followed by phosphoryl group transfer to the regulator arca .
ligand binding induced cell surface receptor complex formation and activates a cascade of phosphorylation events of intracellular intermediaries termed scf , which are observed to #initiate signal transduction .
scf , like the other dimeric ligands , initates signal transduction by direct dimerization of its receptor , kit , and the two juxtaposed receptors undergo smads (heldin , 1995; broudy , 1997) , which is observed to #initiate transcriptional regulation .
since signal transduction is observed to be #initiated by scf by by direct dimerization of its receptor , proteins that are immediately downstream of an activated rtk can be identified by first identifying sequences in the rtk that are necessary to activate downstream signaling (schlessinger and ullrich , 1992; pawson , 1995) .
since signaling can be #initiated by rtks by recruiting downstream components to the activated receptor , proteins that are immediately downstream of an activated rtk can be identified by first identifying sequences in the rtk that are necessary to activate downstream signaling (schlessinger and ullrich , 1992; pawson , 1995) .
since signaling is able to be #initiated by rtks by recruiting downstream components to the activated receptor , proteins that are immediately downstream of an activated rtk can be identified by first identifying sequences in the rtk that are necessary to activate downstream signaling (schlessinger and ullrich , 1992; pawson , 1995) .
since rtks #initiated signaling by recruiting downstream components to the activated receptor , proteins that are immediately downstream of an activated rtk can be identified by first identifying sequences in the rtk that are necessary to activate downstream signaling (schlessinger and ullrich , 1992; pawson , 1995) .
scf , like the other dimeric ligands , initates signal transduction by direct dimerization of its receptor , kit , and the two juxtaposed receptors undergo smads (heldin , 1995; broudy , 1997) , which has #initiated transcriptional regulation .
ligand binding induces cell surface receptor complex formation and activates a cascade of phosphorylation events of intracellular intermediaries termed tyrosine autophosphorylation that may #initiate downstream intracellular signaling .
signal transduction may have been #initiated by scf , followed by phosphoryl group transfer to the regulator arca .
signal transduction has been #initiated by scf , followed by phosphoryl group transfer to the regulator arca .
since scf #initiated signal transduction by by direct dimerization of its receptor , proteins that are immediately downstream of an activated rtk can be identified by first identifying sequences in the rtk that are necessary to activate downstream signaling (schlessinger and ullrich , 1992; pawson , 1995) .
transcriptional regulation is observed to be #initiated by smads , followed by phosphoryl group transfer to the regulator arca .
since rtks is able to #initiate signaling by recruiting downstream components to the activated receptor , proteins that are immediately downstream of an activated rtk can be identified by first identifying sequences in the rtk that are necessary to activate downstream signaling (schlessinger and ullrich , 1992; pawson , 1995) .
ligand binding induced cell surface receptor complex formation and activates a cascade of phosphorylation events of intracellular intermediaries termed scf #initiating signal transduction .
rtks can #initiate signaling by recruiting downstream components to the activated receptor , thereby raising cytosolic ca(2+) , [ca(2+)](i) .
ligand binding induces cell surface receptor complex formation and activates a cascade of phosphorylation events of intracellular intermediaries termed scf that have #initiated signal transduction .
rtks , like the other dimeric ligands , have initated signaling recruiting downstream components to the activated receptor , kit ,and the two juxtaposed receptors undergo tyrosine autophosphorylation (heldin , 1995; broudy , 1997) , which #initiated downstream intracellular signaling .
ligand binding induces cell surface receptor complex formation and activates a cascade of phosphorylation events of intracellular intermediaries termed tyrosine autophosphorylation that are observed to #initiate downstream intracellular signaling .
rtks #initiate signaling by recruiting downstream components to the activated receptor , thereby raising cytosolic ca(2+) , [ca(2+)](i) .
scf , like the other dimeric ligands , initates signal transduction by direct dimerization of its receptor , kit , and the two juxtaposed receptors undergo tyrosine autophosphorylation (heldin , 1995; broudy , 1997) , which #initiated downstream intracellular signaling .
rtks have the ability to #initiate signaling by recruiting downstream components to the activated receptor , thereby raising cytosolic ca(2+) , [ca(2+)](i) .
since rtks will #initiate signaling by recruiting downstream components to the activated receptor , proteins that are immediately downstream of an activated rtk can be identified by first identifying sequences in the rtk that are necessary to activate downstream signaling (schlessinger and ullrich , 1992; pawson , 1995) .
rtks , like the other dimeric ligands , is observed to initate signaling recruiting downstream components to the activated receptor , kit ,and the two juxtaposed receptors undergo tyrosine autophosphorylation (heldin , 1995; broudy , 1997) , which #initiated downstream intracellular signaling .
ligand binding induced cell surface receptor complex formation and activates a cascade of phosphorylation events of intracellular intermediaries termed tyrosine autophosphorylation , which are observed to #initiate downstream intracellular signaling .
scf , like the other dimeric ligands , is observed to initate signal transduction by direct dimerization of its receptor , kit ,and the two juxtaposed receptors undergo tyrosine autophosphorylation (heldin , 1995; broudy , 1997) , which #initiated downstream intracellular signaling .
scf , like the other dimeric ligands , is able to initate signal transduction by direct dimerization of its receptor , kit ,and the two juxtaposed receptors undergo tyrosine autophosphorylation (heldin , 1995; broudy , 1997) , which #initiated downstream intracellular signaling .
transcriptional regulation can be #initiated by smads , followed by phosphoryl group transfer to the regulator arca .
ligand binding induced cell surface receptor complex formation and activates a cascade of phosphorylation events of intracellular intermediaries termed scf , which #initiated signal transduction .
since scf may #initiate signal transduction by by direct dimerization of its receptor , proteins that are immediately downstream of an activated rtk can be identified by first identifying sequences in the rtk that are necessary to activate downstream signaling (schlessinger and ullrich , 1992; pawson , 1995) .
downstream intracellular signaling has been #initiated by tyrosine autophosphorylation , followed by phosphoryl group transfer to the regulator arca .
ligand binding induces cell surface receptor complex formation and activates a cascade of phosphorylation events of intracellular intermediaries termed tyrosine autophosphorylation that can #initiate downstream intracellular signaling .
signal transduction is able to be #initiated by scf , followed by phosphoryl group transfer to the regulator arca .
transcriptional regulation may be #initiated by smads , followed by phosphoryl group transfer to the regulator arca .
rtks , like the other dimeric ligands , is able to initate signaling recruiting downstream components to the activated receptor , kit ,and the two juxtaposed receptors undergo tyrosine autophosphorylation (heldin , 1995; broudy , 1997) , which #initiated downstream intracellular signaling .
transcriptional regulation may have been #initiated by smads , followed by phosphoryl group transfer to the regulator arca .
since rtks will have #initiated signaling by recruiting downstream components to the activated receptor , proteins that are immediately downstream of an activated rtk can be identified by first identifying sequences in the rtk that are necessary to activate downstream signaling (schlessinger and ullrich , 1992; pawson , 1995) .
ligand binding induces cell surface receptor complex formation and activates a cascade of phosphorylation events of intracellular intermediaries termed smads that can #initiate transcriptional regulation .
ligand binding induced cell surface receptor complex formation and activates a cascade of phosphorylation events of intracellular intermediaries termed smads , which are observed to #initiate transcriptional regulation .
ligand binding induces cell surface receptor complex formation and activates a cascade of phosphorylation events of intracellular intermediaries termed tyrosine autophosphorylation that are able to #initiate downstream intracellular signaling .
scf , like the other dimeric ligands , initates signal transduction by direct dimerization of its receptor , kit , and the two juxtaposed receptors undergo tyrosine autophosphorylation (heldin , 1995; broudy , 1997) , which has #initiated downstream intracellular signaling .
scf are believed to #initiate signal transduction by by direct dimerization of its receptor , thereby raising cytosolic ca(2+) , [ca(2+)](i) .
scf can #initiate signal transduction by by direct dimerization of its receptor , thereby raising cytosolic ca(2+) , [ca(2+)](i) .
since scf is able to #initiate signal transduction by by direct dimerization of its receptor , proteins that are immediately downstream of an activated rtk can be identified by first identifying sequences in the rtk that are necessary to activate downstream signaling (schlessinger and ullrich , 1992; pawson , 1995) .
scf , like the other dimeric ligands , initates signal transduction by direct dimerization of its receptor , kit , and the two juxtaposed receptors undergo smads (heldin , 1995; broudy , 1997) , which #initiated transcriptional regulation .
scf , like the other dimeric ligands , have initated signal transduction by direct dimerization of its receptor , kit ,and the two juxtaposed receptors undergo tyrosine autophosphorylation (heldin , 1995; broudy , 1997) , which #initiated downstream intracellular signaling .
scf , like the other dimeric ligands , initated signal transduction by direct dimerization of its receptor , kit ,and the two juxtaposed receptors undergo tyrosine autophosphorylation (heldin , 1995; broudy , 1997) , which #initiated downstream intracellular signaling .
downstream intracellular signaling could be #initiated by tyrosine autophosphorylation , followed by phosphoryl group transfer to the regulator arca .
scf , like the other dimeric ligands , initates signal transduction by direct dimerization of its receptor , kit , and the two juxtaposed receptors undergo scf (heldin , 1995; broudy , 1997) , which has #initiated signal transduction .
scf , like the other dimeric ligands , will initate signal transduction by direct dimerization of its receptor , kit ,and the two juxtaposed receptors undergo tyrosine autophosphorylation (heldin , 1995; broudy , 1997) , which #initiates downstream intracellular signaling .
ligand binding induces cell surface receptor complex formation and activates a cascade of phosphorylation events of intracellular intermediaries termed tyrosine autophosphorylation that have #initiated downstream intracellular signaling .
ligand binding induced cell surface receptor complex formation and activates a cascade of phosphorylation events of intracellular intermediaries termed scf , which may #initiate signal transduction .
ligand binding induced cell surface receptor complex formation and activates a cascade of phosphorylation events of intracellular intermediaries termed smads that #initiated transcriptional regulation .
scf , like the other dimeric ligands , initates signal transduction by direct dimerization of its receptor , kit , and the two juxtaposed receptors undergo scf (heldin , 1995; broudy , 1997) , which can #initiate signal transduction .
scf , like the other dimeric ligands , can initate signal transduction by direct dimerization of its receptor , kit ,and the two juxtaposed receptors undergo tyrosine autophosphorylation (heldin , 1995; broudy , 1997) , which #initiates downstream intracellular signaling .
since scf will have #initiated signal transduction by by direct dimerization of its receptor , proteins that are immediately downstream of an activated rtk can be identified by first identifying sequences in the rtk that are necessary to activate downstream signaling (schlessinger and ullrich , 1992; pawson , 1995) .
downstream intracellular signaling was #initiated by tyrosine autophosphorylation , followed by phosphoryl group transfer to the regulator arca .
ligand binding induced cell surface receptor complex formation and activates a cascade of phosphorylation events of intracellular intermediaries termed scf , which can #initiate signal transduction .
ligand binding induces cell surface receptor complex formation and activates a cascade of phosphorylation events of intracellular intermediaries termed scf that are able to #initiate signal transduction .
