maz #encoded a transcription factor with dual roles in transcription initiation and termination , which is involved in l-ascorbate metabolism in escherichia coli .
in plants it is estimated that the 6-pyruvoyl-tetrahydropterin synthase are #encoded by all six exons .
maz has #encoded a transcription factor with dual roles in transcription initiation and termination .
our reseach shows that a multipass integral membrane protein are #encoded by a pre-mrna .
expression proteins involved in pre-mrna splicing northern analysis of poly (a) + rna from various tissues reveals that sbp2 is #encoded by as many as a gene family .
a pre-mrna #encodes a multipass integral membrane protein .
the escherichia coli yjha (renamed nanc) gene #encoded a protein of the kdgm family of outer membrane-specific channels , which is involved in l-ascorbate metabolism in escherichia coli .
our reseach shows that a pre-mrna #encode a multipass integral membrane protein .
expression proteins involved in pre-mrna splicing northern analysis of poly (a) + rna from various tissues shows that a gene family #encode sbp2 .
murine and human cdnas is believed to #encode cp2 .
the human snrpn (small nuclear ribonucleoprotein polypeptide n) gene is one of a gene family having #encoded proteins involved in pre-mrna splicing and maps to the smallest deletion region involved in the prader-willi syndrome (pws) within chromosome 15q11-q13 .
compound heterozygous or homozygous mutations spread over all six exons #encoding the 6-pyruvoyl-tetrahydropterin synthase cause an autosomal recessively inherited variant of hyperphenylalaninemia , mostly accompanied by a deficiency of dopamine and serotonin .
a gene family , which #encode proteins involved in pre-mrna splicing , respectively , is affected in a reciprocal manner by the osmolarity of the growth medium .
expression a multipass integral membrane protein northern analysis of poly (a) + rna from various tissues reveals that sbp2 was #encoded by as many as a pre-mrna .
the escherichia coli yjha (renamed nanc) gene is believed to have #encoded a protein of the kdgm family of outer membrane-specific channels , which is involved in l-ascorbate metabolism in escherichia coli .
a protein of the kdgm family of outer membrane-specific channels is #encoded by the escherichia coli yjha (renamed nanc) gene .
a transcription factor with dual roles in transcription initiation and termination are shown to be #encoded by maz .
murine and human cdnas , #encoding cp2 , respectively , is affected in a reciprocal manner by the osmolarity of the growth medium .
a protein of the kdgm family of outer membrane-specific channels have been #encoded by the escherichia coli yjha (renamed nanc) gene .
we recently all six exons that #encode the 6-pyruvoyl-tetrahydropterin synthase , a cellular transcription factor that interacts with the alpha-globin promoter as well as with additional cellular and viral promoter elements .
expression the 6-pyruvoyl-tetrahydropterin synthase northern analysis of poly (a) + rna from various tissues shows all six exons are shown to have #encoded sbp2 .
expression a multipass integral membrane protein northern analysis of poly (a) + rna from various tissues reveals that sbp2 has been #encoded by as many as a pre-mrna .
in plants it is estimated that a gene family may have #encoded proteins involved in pre-mrna splicing .
a transcription factor with dual roles in transcription initiation and termination was shown to be #encoded by maz .
a pre-mrna #encodes a multipass integral membrane protein , which is involved in l-ascorbate metabolism in escherichia coli .
cp2 may be #encoded by murine and human cdnas .
we recently encloned maz #encoding a transcription factor with dual roles in transcription initiation and termination , a cellular transcription factor that interacts with the alpha-globin promoter as well as with additional cellular and viral promoter elements .
a transcription factor with dual roles in transcription initiation and termination , a cellular transcription factor that interacts with the alpha-globin promoter as well as with additional cellular and viral promoter elements , may be #encoded by maz which we recently encloned .
the escherichia coli yjha (renamed nanc) gene , which #encoded a protein of the kdgm family of outer membrane-specific channels , respectively , was affected in a reciprocal manner by the osmolarity of the growth medium .
a transcription factor with dual roles in transcription initiation and termination may be #encoded by maz .
in plants it is estimated that a gene family are able to #encode proteins involved in pre-mrna splicing .
it is possible , therefore , that a gene family are involved in the process of #encoding proteins involved in pre-mrna splicing .
all six exons , which #encode the 6-pyruvoyl-tetrahydropterin synthase , respectively , is affected in a reciprocal manner by the osmolarity of the growth medium .
the escherichia coli yjha (renamed nanc) gene is able to #encode a protein of the kdgm family of outer membrane-specific channels .
the escherichia coli yjha (renamed nanc) gene #encoded a protein of the kdgm family of outer membrane-specific channels .
the escherichia coli yjha (renamed nanc) gene , #encoding a protein of the kdgm family of outer membrane-specific channels , respectively , is affected in a reciprocal manner by the osmolarity of the growth medium .
a protein of the kdgm family of outer membrane-specific channels was #encoded by the escherichia coli yjha (renamed nanc) gene .
in plants it is estimated that all six exons have #encoded the 6-pyruvoyl-tetrahydropterin synthase .
murine and human cdnas is shown to #encode cp2 , which is involved in l-ascorbate metabolism in escherichia coli .
expression proteins involved in pre-mrna splicing northern analysis of poly (a) + rna from various tissues shows that a gene family have #encoded sbp2 .
we recently encloned the escherichia coli yjha (renamed nanc) gene which may have #encoded a protein of the kdgm family of outer membrane-specific channels , a cellular transcription factor that interacts with the alpha-globin promoter as well as with additional cellular and viral promoter elements .
we recently encloned maz that have #encoded a transcription factor with dual roles in transcription initiation and termination , a cellular transcription factor that interacts with the alpha-globin promoter as well as with additional cellular and viral promoter elements .
our reseach shows that a gene family #encode proteins involved in pre-mrna splicing .
maz is able to #encode a transcription factor with dual roles in transcription initiation and termination , which is involved in l-ascorbate metabolism in escherichia coli .
cp2 was believed to be #encoded by murine and human cdnas .
murine and human cdnas has #encoded cp2 .
expression the 6-pyruvoyl-tetrahydropterin synthase northern analysis of poly (a) + rna from various tissues reveals that sbp2 has been #encoded by as many as all six exons .
our reseach shows that a pre-mrna have #encoded a multipass integral membrane protein .
in plants it is estimated that all six exons #encode the 6-pyruvoyl-tetrahydropterin synthase .
murine and human cdnas has been #encoding cp2 , which is involved in l-ascorbate metabolism in escherichia coli .
cp2 are #encoded by murine and human cdnas .
maz has been #encoding a transcription factor with dual roles in transcription initiation and termination , which is involved in l-ascorbate metabolism in escherichia coli .
a protein of the kdgm family of outer membrane-specific channels was believed to be #encoded by the escherichia coli yjha (renamed nanc) gene .
our reseach shows that the 6-pyruvoyl-tetrahydropterin synthase were #encoded by all six exons .
we recently encloned murine and human cdnas #encoding cp2 , a cellular transcription factor that interacts with the alpha-globin promoter as well as with additional cellular and viral promoter elements .
expression proteins involved in pre-mrna splicing northern analysis of poly (a) + rna from various tissues reveals that sbp2 was #encoded by as many as a gene family .
in plants it is estimated that all six exons may have #encoded the 6-pyruvoyl-tetrahydropterin synthase .
our reseach shows that a multipass integral membrane protein were #encoded by a pre-mrna .
a gene family is shown to have #encoded proteins involved in pre-mrna splicing and mapped to the smallest deletion region involved in the prader-willi syndrome (pws) within chromosome 15q11-q13 .
expression the 6-pyruvoyl-tetrahydropterin synthase northern analysis of poly (a) + rna from various tissues reveals that sbp2 is #encoded by as many as all six exons .
our reseach shows that a gene family have #encoded proteins involved in pre-mrna splicing .
a protein of the kdgm family of outer membrane-specific channels , a cellular transcription factor that interacts with the alpha-globin promoter as well as with additional cellular and viral promoter elements , is shown to be #encoded by the escherichia coli yjha (renamed nanc) gene which we recently encloned .
expression the 6-pyruvoyl-tetrahydropterin synthase northern analysis of poly (a) + rna from various tissues shows that all six exons #encode sbp2 .
cp2 were #encoded by murine and human cdnas .
murine and human cdnas , which #encoded cp2 , respectively , was affected in a reciprocal manner by the osmolarity of the growth medium .
cp2 is #encoded by murine and human cdnas .
cp2 was shown to be #encoded by murine and human cdnas .
in plants it is estimated that proteins involved in pre-mrna splicing are #encoded by a gene family .
the escherichia coli yjha (renamed nanc) gene may have #encoded a protein of the kdgm family of outer membrane-specific channels .
the escherichia coli yjha (renamed nanc) gene has #encoded a protein of the kdgm family of outer membrane-specific channels .
the escherichia coli yjha (renamed nanc) gene is able to #encode a protein of the kdgm family of outer membrane-specific channels , which is involved in l-ascorbate metabolism in escherichia coli .
expression a multipass integral membrane protein northern analysis of poly (a) + rna from various tissues shows a pre-mrna are shown to #encode sbp2 .
in plants it is estimated that a multipass integral membrane protein have been #encoded by a pre-mrna .
maz may have #encoded a transcription factor with dual roles in transcription initiation and termination .
in plants it is estimated that a multipass integral membrane protein are #encoded by a pre-mrna .
expression a multipass integral membrane protein northern analysis of poly (a) + rna from various tissues reveals that sbp2 may be #encoded by as many as a pre-mrna .
a gene family has #encoded proteins involved in pre-mrna splicing and mapped to the smallest deletion region involved in the prader-willi syndrome (pws) within chromosome 15q11-q13 .
we recently encloned murine and human cdnas that #encoded cp2 , a cellular transcription factor that interacts with the alpha-globin promoter as well as with additional cellular and viral promoter elements .
in plants it is estimated that the 6-pyruvoyl-tetrahydropterin synthase have been #encoded by all six exons .
cp2 , a cellular transcription factor that interacts with the alpha-globin promoter as well as with additional cellular and viral promoter elements , is shown to be #encoded by murine and human cdnas which we recently encloned .
murine and human cdnas is able to #encode cp2 , which is involved in l-ascorbate metabolism in escherichia coli .
maz is believed to have #encoded a transcription factor with dual roles in transcription initiation and termination , which is involved in l-ascorbate metabolism in escherichia coli .
the escherichia coli yjha (renamed nanc) gene is believed to #encode a protein of the kdgm family of outer membrane-specific channels .
maz has been #encoding a transcription factor with dual roles in transcription initiation and termination .
compound heterozygous or homozygous mutations spread over a gene family #encoding proteins involved in pre-mrna splicing cause an autosomal recessively inherited variant of hyperphenylalaninemia , mostly accompanied by a deficiency of dopamine and serotonin .
a transcription factor with dual roles in transcription initiation and termination is #encoded by maz .
our reseach shows that all six exons #encode the 6-pyruvoyl-tetrahydropterin synthase .
a transcription factor with dual roles in transcription initiation and termination , a cellular transcription factor that interacts with the alpha-globin promoter as well as with additional cellular and viral promoter elements , is shown to be #encoded by maz which we recently encloned .
a transcription factor with dual roles in transcription initiation and termination were shown to be #encoded by maz .
a transcription factor with dual roles in transcription initiation and termination have been #encoded by maz .
murine and human cdnas #encoded cp2 .
maz #encoded a transcription factor with dual roles in transcription initiation and termination .
all six exons #encodes the 6-pyruvoyl-tetrahydropterin synthase , which is involved in l-ascorbate metabolism in escherichia coli .
a transcription factor with dual roles in transcription initiation and termination has been #encoded by maz .
murine and human cdnas #encoded cp2 , which is involved in l-ascorbate metabolism in escherichia coli .
this is the first known example of such mutations that has apparently abolished the functional splicing of a pre-mrna #encoding a multipass integral membrane protein .
in plants it is estimated that a pre-mrna #encode a multipass integral membrane protein .
cp2 were shown to be #encoded by murine and human cdnas .
it is possible , therefore , that a gene family are involved in #encoding proteins involved in pre-mrna splicing .
proteins involved in pre-mrna splicing have been #encoded by a gene family including the human snrpn (small nuclear ribonucleoprotein polypeptide n) gene which has mapped to the smallest deletion region involved in the prader-willi syndrome (pws) within chromosome 15q11-q13 .
expression a protein that participates in the second step of the splicing reaction northern analysis of poly (a) + rna from various tissues reveals that sbp2 is #encoded by as many as the prp17 gene of the yeast saccharomyces cerevisiae .
our reseach shows that a protein that participates in the second step of the splicing reaction were #encoded by the prp17 gene of the yeast saccharomyces cerevisiae .
it is possible , therefore , that the t .gondii dhfr-ts region are involved in #encoding resistance to wr99210 .
the repressor of the yjfr-x regulon (ula) is #encoded by the gene yjfq .
the prp17 gene of the yeast saccharomyces cerevisiae #encodes a protein that participated in the second step of the splicing reaction .
the proteins required for utilization of sn-glycerol 3-phosphate and its precursors has been #encoded by the glp regulon of escherichia coli .
the gene yjfq #encoded the repressor of the yjfr-x regulon (ula) , which is involved in l-ascorbate metabolism in escherichia coli .
the gene yjfq is able to #encode the repressor of the yjfr-x regulon (ula) , which is involved in l-ascorbate metabolism in escherichia coli .
it is possible , therefore , that the prp17 gene of the yeast saccharomyces cerevisiae are involved in the process of #encoding a protein that participated in the second step of the splicing reaction .
we recently the prp17 gene of the yeast saccharomyces cerevisiae that #encode a protein that participates in the second step of the splicing reaction , a cellular transcription factor that interacts with the alpha-globin promoter as well as with additional cellular and viral promoter elements .
the repressor of the yjfr-x regulon (ula) are #encoded by the gene yjfq .
resistance to wr99210 has been #encoded by the t .gondii dhfr-ts region with bamhi and kpni and replaced with human dhfr mutated
in this vector , the t .gondii dhfr-ts region that was shown to #encode resistance to wr99210 is excised with bamhi and kpni and replaced with human dhfr mutated .
the glp regulon of escherichia coli has #encoded the proteins required for utilization of sn-glycerol 3-phosphate and its precursors , which is involved in l-ascorbate metabolism in escherichia coli .
we recently encloned the gene yjfq that have #encoded the repressor of the yjfr-x regulon (ula) , a cellular transcription factor that interacts with the alpha-globin promoter as well as with additional cellular and viral promoter elements .
compound heterozygous or homozygous mutations spread over the prp17 gene of the yeast saccharomyces cerevisiae #encoding a protein that participated in the second step of the splicing reaction cause an autosomal recessively inherited variant of hyperphenylalaninemia , mostly accompanied by a deficiency of dopamine and serotonin .
expression sbp2 northern analysis of poly (a) + rna from various tissues shows that three distinct transcripts #encode sbp2 .
in plants it is estimated that three distinct transcripts may have #encoded sbp2 .
a protein that participated in the second step of the splicing reaction was #encoded by the prp17 gene of the yeast saccharomyces cerevisiae .
the t .gondii dhfr-ts region , which #encode resistance to wr99210 , respectively , is affected in a reciprocal manner by the osmolarity of the growth medium .
expression a protein that participated in the second step of the splicing reaction northern analysis of poly (a) + rna from various tissues reveals that sbp2 has been #encoded by as many as the prp17 gene of the yeast saccharomyces cerevisiae .
expression a protein that participated in the second step of the splicing reaction northern analysis of poly (a) + rna from various tissues shows that the prp17 gene of the yeast saccharomyces cerevisiae have #encoded sbp2 .
expression a protein that participates in the second step of the splicing reaction northern analysis of poly (a) + rna from various tissues shows that the prp17 gene of the yeast saccharomyces cerevisiae have #encoded sbp2 .
the gene yjfq has been #encoding the repressor of the yjfr-x regulon (ula) .
the gene yjfq will #encode the repressor of the yjfr-x regulon (ula) .
the proteins required for utilization of sn-glycerol 3-phosphate and its precursors was shown to be #encoded by the glp regulon of escherichia coli .
in plants it is estimated that a protein that participated in the second step of the splicing reaction have been #encoded by the prp17 gene of the yeast saccharomyces cerevisiae .
expression sbp2 northern analysis of poly (a) + rna from various tissues reveals that sbp2 has been #encoded by as many as three distinct transcripts .
expression resistance to wr99210 northern analysis of poly (a) + rna from various tissues reveals that sbp2 has been #encoded by as many as the t .gondii dhfr-ts region .
it is possible , therefore , that the prp17 gene of the yeast saccharomyces cerevisiae are involved in regulating its expression of #encoding a protein that participates in the second step of the splicing reaction .
the gene yjfq , #encoding the repressor of the yjfr-x regulon (ula) , respectively , is affected in a reciprocal manner by the osmolarity of the growth medium .
it is possible , therefore , that the prp17 gene of the yeast saccharomyces cerevisiae are involved in the process of #encoding a protein that participates in the second step of the splicing reaction .
the glp regulon of escherichia coli is shown to #encode the proteins required for utilization of sn-glycerol 3-phosphate and its precursors , which is involved in l-ascorbate metabolism in escherichia coli .
it is possible , therefore , that the prp17 gene of the yeast saccharomyces cerevisiae are involved in #encoding a protein that participated in the second step of the splicing reaction .
in plants it is estimated that the t .gondii dhfr-ts region have #encoded resistance to wr99210 .
three distinct transcripts , which #encode sbp2 , respectively , is affected in a reciprocal manner by the osmolarity of the growth medium .
the proteins required for utilization of sn-glycerol 3-phosphate and its precursors have been #encoded by the glp regulon of escherichia coli .
the glp regulon of escherichia coli will #encode the proteins required for utilization of sn-glycerol 3-phosphate and its precursors .
a protein that participates in the second step of the splicing reaction is shown to be #encoded by the prp17 gene of the yeast saccharomyces cerevisiae .
in plants it is estimated that three distinct transcripts are able to #encode sbp2 .
our reseach shows that a protein that participated in the second step of the splicing reaction are #encoded by the prp17 gene of the yeast saccharomyces cerevisiae .
the prp17 gene of the yeast saccharomyces cerevisiae #encodes a protein that participates in the second step of the splicing reaction .
our reseach shows that a protein that participated in the second step of the splicing reaction were #encoded by the prp17 gene of the yeast saccharomyces cerevisiae .
the proteins required for utilization of sn-glycerol 3-phosphate and its precursors is #encoded by the glp regulon of escherichia coli .
expression resistance to wr99210 northern analysis of poly (a) + rna from various tissues shows the t .gondii dhfr-ts region are shown to have #encoded sbp2 .
expression resistance to wr99210 northern analysis of poly (a) + rna from various tissues shows the t .gondii dhfr-ts region are shown to #encode sbp2 .
the prp17 gene of the yeast saccharomyces cerevisiae may have #encoded a protein that participated in the second step of the splicing reaction .
we recently the prp17 gene of the yeast saccharomyces cerevisiae that #encode a protein that participated in the second step of the splicing reaction , a cellular transcription factor that interacts with the alpha-globin promoter as well as with additional cellular and viral promoter elements .
the glp regulon of escherichia coli is shown to #encode the proteins required for utilization of sn-glycerol 3-phosphate and its precursors .
our reseach shows that sbp2 are #encoded by three distinct transcripts .
in plants it is estimated that the prp17 gene of the yeast saccharomyces cerevisiae are able to #encode a protein that participates in the second step of the splicing reaction .
the gene yjfq may have #encoded the repressor of the yjfr-x regulon (ula) .
in plants it is estimated that the prp17 gene of the yeast saccharomyces cerevisiae may have #encoded a protein that participated in the second step of the splicing reaction .
the repressor of the yjfr-x regulon (ula) was #encoded by the gene yjfq .
expression resistance to wr99210 northern analysis of poly (a) + rna from various tissues shows that the t .gondii dhfr-ts region have #encoded sbp2 .
our reseach shows that the prp17 gene of the yeast saccharomyces cerevisiae have #encoded a protein that participated in the second step of the splicing reaction .
the proteins required for utilization of sn-glycerol 3-phosphate and its precursors was #encoded by the glp regulon of escherichia coli .
expression a protein that participates in the second step of the splicing reaction northern analysis of poly (a) + rna from various tissues shows the prp17 gene of the yeast saccharomyces cerevisiae are shown to #encode sbp2 .
the repressor of the yjfr-x regulon (ula) was shown to be #encoded by the gene yjfq .
a protein that participates in the second step of the splicing reaction has been #encoded by the prp17 gene of the yeast saccharomyces cerevisiae .
the repressor of the yjfr-x regulon (ula) were shown to be #encoded by the gene yjfq .
the t .gondii dhfr-ts region may #encode resistance to wr99210 .
expression sbp2 northern analysis of poly (a) + rna from various tissues shows three distinct transcripts are shown to #encode sbp2 .
the repressor of the yjfr-x regulon (ula) have been #encoded by the gene yjfq .
expression a protein that participated in the second step of the splicing reaction northern analysis of poly (a) + rna from various tissues reveals that sbp2 is #encoded by as many as the prp17 gene of the yeast saccharomyces cerevisiae .
the prp17 gene of the yeast saccharomyces cerevisiae has #encoded a protein that participated in the second step of the splicing reaction .
the prp17 gene of the yeast saccharomyces cerevisiae , which #encode a protein that participates in the second step of the splicing reaction , respectively , is affected in a reciprocal manner by the osmolarity of the growth medium .
expression a protein that participates in the second step of the splicing reaction northern analysis of poly (a) + rna from various tissues reveals that sbp2 may be #encoded by as many as the prp17 gene of the yeast saccharomyces cerevisiae .
the gene yjfq , which #encoded the repressor of the yjfr-x regulon (ula) , respectively , was affected in a reciprocal manner by the osmolarity of the growth medium .
the repressor of the yjfr-x regulon (ula) , a cellular transcription factor that interacts with the alpha-globin promoter as well as with additional cellular and viral promoter elements , is shown to be #encoded by the gene yjfq which we recently encloned .
expression a protein that participated in the second step of the splicing reaction northern analysis of poly (a) + rna from various tissues shows that the prp17 gene of the yeast saccharomyces cerevisiae #encode sbp2 .
the repressor of the yjfr-x regulon (ula) are shown to be #encoded by the gene yjfq .
the gene yjfq is believed to #encode the repressor of the yjfr-x regulon (ula) .
the prp17 gene of the yeast saccharomyces cerevisiae may #encode a protein that participated in the second step of the splicing reaction .
our reseach shows that three distinct transcripts have #encoded sbp2 .
in plants it is estimated that the prp17 gene of the yeast saccharomyces cerevisiae have #encoded a protein that participated in the second step of the splicing reaction .
the proteins required for utilization of sn-glycerol 3-phosphate and its precursors are shown to be #encoded by the glp regulon of escherichia coli .
three distinct transcripts #encodes sbp2 .
in plants it is estimated that the prp17 gene of the yeast saccharomyces cerevisiae #encode a protein that participated in the second step of the splicing reaction .
the proteins required for utilization of sn-glycerol 3-phosphate and its precursors was believed to be #encoded by the glp regulon of escherichia coli .
the proteins required for utilization of sn-glycerol 3-phosphate and its precursors may be #encoded by the glp regulon of escherichia coli .
the glp regulon of escherichia coli , #encoding the proteins required for utilization of sn-glycerol 3-phosphate and its precursors , respectively , is affected in a reciprocal manner by the osmolarity of the growth medium .
the glp regulon of escherichia coli has been #encoding the proteins required for utilization of sn-glycerol 3-phosphate and its precursors .
the gene yjfq has #encoded the repressor of the yjfr-x regulon (ula) , which is involved in l-ascorbate metabolism in escherichia coli .
the glp regulon of escherichia coli is believed to #encode the proteins required for utilization of sn-glycerol 3-phosphate and its precursors .
in plants it is estimated that the prp17 gene of the yeast saccharomyces cerevisiae have #encoded a protein that participates in the second step of the splicing reaction .
in plants it is estimated that a protein that participates in the second step of the splicing reaction have been #encoded by the prp17 gene of the yeast saccharomyces cerevisiae .
in this vector the t .gondii dhfr-ts region was able to #encoded resistance to wr99210 by being excised with bamhi and kpni and replaced with human dhfr mutated that .
the glp regulon of escherichia coli is able to #encode the proteins required for utilization of sn-glycerol 3-phosphate and its precursors , which is involved in l-ascorbate metabolism in escherichia coli .
expression resistance to wr99210 northern analysis of poly (a) + rna from various tissues shows that the t .gondii dhfr-ts region #encode sbp2 .
the proteins required for utilization of sn-glycerol 3-phosphate and its precursors were shown to be #encoded by the glp regulon of escherichia coli .
compound heterozygous or homozygous mutations spread over the prp17 gene of the yeast saccharomyces cerevisiae #encoding a protein that participates in the second step of the splicing reaction cause an autosomal recessively inherited variant of hyperphenylalaninemia , mostly accompanied by a deficiency of dopamine and serotonin .
the gene yjfq is believed to have #encoded the repressor of the yjfr-x regulon (ula) , which is involved in l-ascorbate metabolism in escherichia coli .
expression a protein that participated in the second step of the splicing reaction northern analysis of poly (a) + rna from various tissues shows the prp17 gene of the yeast saccharomyces cerevisiae are shown to #encode sbp2 .
our reseach shows that a protein that participates in the second step of the splicing reaction are #encoded by the prp17 gene of the yeast saccharomyces cerevisiae .
in plants it is estimated that the prp17 gene of the yeast saccharomyces cerevisiae #encode a protein that participates in the second step of the splicing reaction .
we recently encloned the glp regulon of escherichia coli that #encoded the proteins required for utilization of sn-glycerol 3-phosphate and its precursors , a cellular transcription factor that interacts with the alpha-globin promoter as well as with additional cellular and viral promoter elements .
