an immunopurification approach has been used to demonstrate that human rna pol iii is composed of 16 p .falciparum , some of which might have been #modified in hela cells .
an immunopurification approach has been used to demonstrate that some of the 16 subunits that composed human rna pol iii have been apparently #modified in hela cells .
an immunopurification approach has been used to demonstrate that human rna pol iii is composed of 16 p .falciparum , some of which are observed to be apparently #modified in hela cells .
an immunopurification approach has been used to demonstrate that some of the 16 hvdac genes that composed human rna pol iii can be #modified in hela cells .
an immunopurification approach has been used to demonstrate that some of the 16 p .falciparum that composed human rna pol iii are observed to be #modified in hela cells .
an immunopurification approach has been used to demonstrate that some of the 16 some of which that composed human rna pol iii will be #modified in hela cells .
p .falciparum may be notably #modified genetically by transfection (crabb and cowman , 1996; crabb et al . , 1997a) to disrupt the rap1 gene .
an immunopurification approach has been used to demonstrate that some of the 16 some of which that composed human rna pol iii are apparently #modified in hela cells .
an immunopurification approach has been used to demonstrate that human rna pol iii is composed of 16 hvdac genes being apparently #modified in hela cells .
an immunopurification approach has been used to demonstrate that some of the 16 hvdac genes that composed human rna pol iii are able to be #modified in hela cells .
to define the subcellular location of hvdac isoforms , hvdac genes will be remarkably #modified so that the encoded proteins contain cooh-terminal epitopes recognized by either of two monoclonal antibodies .
p .falciparum might have been notably #modified genetically by transfection (crabb and cowman , 1996; crabb et al . , 1997a) to disrupt the rap1 gene .
an immunopurification approach has been used to demonstrate that human rna pol iii is composed of 16 hvdac genes , some of which might have been #modified in hela cells .
p .falciparum could be #modified genetically by transfection (crabb and cowman , 1996; crabb et al . , 1997a) to disrupt the rap1 gene .
p .falciparum would be notably #modified genetically by transfection (crabb and cowman , 1996; crabb et al . , 1997a) to disrupt the rap1 gene .
p .falciparum may have been #modified genetically by transfection (crabb and cowman , 1996; crabb et al . , 1997a) to disrupt the rap1 gene .
an immunopurification approach has been used to demonstrate that some of the 16 some of which that composed human rna pol iii can be #modified in hela cells .
an immunopurification approach has been used to demonstrate that some of the 16 subunits that composed human rna pol iii will be #modified in hela cells .
p .falciparum was able to be #modified genetically by transfection (crabb and cowman , 1996; crabb et al . , 1997a) to disrupt the rap1 gene .
an immunopurification approach has been used to demonstrate that human rna pol iii is composed of 16 subunits , some of which are observed to be #modified in hela cells .
an immunopurification approach has been used to demonstrate that some of the 16 p .falciparum that composed human rna pol iii were #modified in hela cells .
p .falciparum might have been #modified genetically by transfection (crabb and cowman , 1996; crabb et al . , 1997a) to disrupt the rap1 gene .
p .falciparum could have been notably #modified genetically by transfection (crabb and cowman , 1996; crabb et al . , 1997a) to disrupt the rap1 gene .
an immunopurification approach has been used to demonstrate that human rna pol iii is composed of 16 hvdac genes , subunits are apparently #modified in hela cells .
an immunopurification approach has been used to demonstrate that some of the 16 subunits that composed human rna pol iii have the ability to be apparently #modified in hela cells .
p .falciparum was able to be notably #modified genetically by transfection (crabb and cowman , 1996; crabb et al . , 1997a) to disrupt the rap1 gene .
an immunopurification approach has been used to demonstrate that human rna pol iii is composed of 16 p .falciparum , subunits are apparently #modified in hela cells .
an immunopurification approach has been used to demonstrate that some of the 16 some of which that composed human rna pol iii are observed to be #modified in hela cells .
an immunopurification approach has been used to demonstrate that human rna pol iii is composed of 16 some of which , some of which may be #modified in hela cells .
an immunopurification approach has been used to demonstrate that human rna pol iii is composed of 16 hvdac genes , some of which were #modified in hela cells .
an immunopurification approach has been used to demonstrate that human rna pol iii is composed of 16 subunits , some of which have been #modified in hela cells .
an immunopurification approach has been used to demonstrate that human rna pol iii is composed of 16 subunits , some of which are able to be #modified in hela cells .
an immunopurification approach has been used to demonstrate that human rna pol iii is composed of 16 some of which , some of which have the ability to be apparently #modified in hela cells .
an immunopurification approach has been used to demonstrate that some of the 16 subunits that composed human rna pol iii are able to be #modified in hela cells .
an immunopurification approach has been used to demonstrate that some of the 16 hvdac genes that composed human rna pol iii are observed to be apparently #modified in hela cells .
an immunopurification approach has been used to demonstrate that human rna pol iii is composed of 16 some of which , some of which may be apparently #modified in hela cells .
an immunopurification approach has been used to demonstrate that some of the 16 some of which that composed human rna pol iii may be apparently #modified in hela cells .
an immunopurification approach has been used to demonstrate that human rna pol iii is composed of 16 some of which , some of which are observed to be #modified in hela cells .
an immunopurification approach has been used to demonstrate that some of the 16 subunits that composed human rna pol iii are observed to be #modified in hela cells .
an immunopurification approach has been used to demonstrate that some of the 16 subunits that composed human rna pol iii can be apparently #modified in hela cells .
an immunopurification approach has been used to demonstrate that human rna pol iii is composed of 16 some of which , some of which have the ability to be #modified in hela cells .
an immunopurification approach has been used to demonstrate that human rna pol iii is composed of 16 hvdac genes , some of which are able to be apparently #modified in hela cells .
p .falciparum can be notably #modified genetically by transfection (crabb and cowman , 1996; crabb et al . , 1997a) to disrupt the rap1 gene .
an immunopurification approach has been used to demonstrate that human rna pol iii is composed of 16 subunits , some of which will be apparently #modified in hela cells .
an immunopurification approach has been used to demonstrate that some of the 16 subunits that composed human rna pol iii may be apparently #modified in hela cells .
an immunopurification approach has been used to demonstrate that human rna pol iii is composed of 16 some of which #modified in hela cells .
an immunopurification approach has been used to demonstrate that some of the 16 p .falciparum that composed human rna pol iii are apparently #modified in hela cells .
to define the subcellular location of hvdac isoforms , hvdac genes are able to be #modified so that the encoded proteins contain cooh-terminal epitopes recognized by either of two monoclonal antibodies .
to define the subcellular location of hvdac isoforms , hvdac genes have been remarkably #modified so that the encoded proteins contain cooh-terminal epitopes recognized by either of two monoclonal antibodies .
p .falciparum is being #modified genetically by transfection (crabb and cowman , 1996; crabb et al . , 1997a) to disrupt the rap1 gene .
to define the subcellular location of hvdac isoforms , hvdac genes could have been remarkably #modified so that the encoded proteins contain cooh-terminal epitopes recognized by either of two monoclonal antibodies .
an immunopurification approach has been used to demonstrate that human rna pol iii is composed of 16 subunits , some of which were apparently #modified in hela cells .
p .falciparum has been #modified genetically by transfection (crabb and cowman , 1996; crabb et al . , 1997a) to disrupt the rap1 gene .
an immunopurification approach has been used to demonstrate that human rna pol iii is composed of 16 p .falciparum , some of which might have been apparently #modified in hela cells .
an immunopurification approach has been used to demonstrate that human rna pol iii is composed of 16 hvdac genes , some of which will be #modified in hela cells .
an immunopurification approach has been used to demonstrate that human rna pol iii is composed of 16 p .falciparum , some of which can be apparently #modified in hela cells .
an immunopurification approach has been used to demonstrate that human rna pol iii is composed of 16 hvdac genes apparently #modified in hela cells .
an immunopurification approach has been used to demonstrate that some of the 16 subunits that composed human rna pol iii were #modified in hela cells .
an immunopurification approach has been used to demonstrate that human rna pol iii is composed of 16 subunits being #modified in hela cells .
an immunopurification approach has been used to demonstrate that some of the 16 some of which that composed human rna pol iii are able to be apparently #modified in hela cells .
p .falciparum is being notably #modified genetically by transfection (crabb and cowman , 1996; crabb et al . , 1997a) to disrupt the rap1 gene .
an immunopurification approach has been used to demonstrate that human rna pol iii is composed of 16 some of which , some of which might have been #modified in hela cells .
an immunopurification approach has been used to demonstrate that some of the 16 subunits that composed human rna pol iii will be apparently #modified in hela cells .
an immunopurification approach has been used to demonstrate that some of the 16 p .falciparum that composed human rna pol iii may be #modified in hela cells .
an immunopurification approach has been used to demonstrate that human rna pol iii is composed of 16 hvdac genes , some of which will be apparently #modified in hela cells .
an immunopurification approach has been used to demonstrate that human rna pol iii is composed of 16 p .falciparum , some of which may be apparently #modified in hela cells .
to define the subcellular location of hvdac isoforms , hvdac genes were #modified so that the encoded proteins contain cooh-terminal epitopes recognized by either of two monoclonal antibodies .
an immunopurification approach has been used to demonstrate that human rna pol iii is composed of 16 subunits apparently #modified in hela cells .
an immunopurification approach has been used to demonstrate that human rna pol iii is composed of 16 some of which being #modified in hela cells .
an immunopurification approach has been used to demonstrate that human rna pol iii is composed of 16 subunits , some of which are apparently #modified in hela cells .
an immunopurification approach has been used to demonstrate that some of the 16 hvdac genes that composed human rna pol iii will be #modified in hela cells .
an immunopurification approach has been used to demonstrate that human rna pol iii is composed of 16 hvdac genes , some of which might have been apparently #modified in hela cells .
p .falciparum will be notably #modified genetically by transfection (crabb and cowman , 1996; crabb et al . , 1997a) to disrupt the rap1 gene .
to define the subcellular location of hvdac isoforms , hvdac genes can be remarkably #modified so that the encoded proteins contain cooh-terminal epitopes recognized by either of two monoclonal antibodies .
p .falciparum was observed to be #modified genetically by transfection (crabb and cowman , 1996; crabb et al . , 1997a) to disrupt the rap1 gene .
an immunopurification approach has been used to demonstrate that human rna pol iii is composed of 16 hvdac genes , some of which can be #modified in hela cells .
an immunopurification approach has been used to demonstrate that some of the 16 hvdac genes that composed human rna pol iii may be #modified in hela cells .
to define the subcellular location of hvdac isoforms , hvdac genes have the ability to be remarkably #modified so that the encoded proteins contain cooh-terminal epitopes recognized by either of two monoclonal antibodies .
an immunopurification approach has been used to demonstrate that some of the 16 some of which that composed human rna pol iii are observed to be apparently #modified in hela cells .
an immunopurification approach has been used to demonstrate that human rna pol iii is composed of 16 some of which , some of which are able to be apparently #modified in hela cells .
an immunopurification approach has been used to demonstrate that some of the 16 hvdac genes that composed human rna pol iii have been #modified in hela cells .
to define the subcellular location of hvdac isoforms , hvdac genes are observed to be #modified so that the encoded proteins contain cooh-terminal epitopes recognized by either of two monoclonal antibodies .
an immunopurification approach has been used to demonstrate that some of the 16 some of which that composed human rna pol iii have the ability to be #modified in hela cells .
an immunopurification approach has been used to demonstrate that some of the 16 subunits that composed human rna pol iii may be #modified in hela cells .
p .falciparum can be #modified genetically by transfection (crabb and cowman , 1996; crabb et al . , 1997a) to disrupt the rap1 gene .
an immunopurification approach has been used to demonstrate that human rna pol iii is composed of 16 hvdac genes , some of which have been apparently #modified in hela cells .
an immunopurification approach has been used to demonstrate that human rna pol iii is composed of 16 some of which , some of which have been #modified in hela cells .
an immunopurification approach has been used to demonstrate that human rna pol iii is composed of 16 hvdac genes being #modified in hela cells .
p .falciparum might be #modified genetically by transfection (crabb and cowman , 1996; crabb et al . , 1997a) to disrupt the rap1 gene .
an immunopurification approach has been used to demonstrate that human rna pol iii is composed of 16 hvdac genes , some of which were apparently #modified in hela cells .
to define the subcellular location of hvdac isoforms , hvdac genes will be #modified so that the encoded proteins contain cooh-terminal epitopes recognized by either of two monoclonal antibodies .
an immunopurification approach has been used to demonstrate that human rna pol iii is composed of 16 p .falciparum apparently #modified in hela cells .
p .falciparum has the ability to be notably #modified genetically by transfection (crabb and cowman , 1996; crabb et al . , 1997a) to disrupt the rap1 gene .
an immunopurification approach has been used to demonstrate that some of the 16 subunits that composed human rna pol iii can be #modified in hela cells .
an immunopurification approach has been used to demonstrate that some of the 16 p .falciparum that composed human rna pol iii might have been #modified in hela cells .
an immunopurification approach has been used to demonstrate that human rna pol iii is composed of 16 hvdac genes , some of which have the ability to be #modified in hela cells .
an immunopurification approach has been used to demonstrate that some of the 16 p .falciparum that composed human rna pol iii are observed to be apparently #modified in hela cells .
an immunopurification approach has been used to demonstrate that some of the 16 hvdac genes that composed human rna pol iii have the ability to be #modified in hela cells .
an immunopurification approach has been used to demonstrate that some of the 16 subunits that composed human rna pol iii were apparently #modified in hela cells .
an immunopurification approach has been used to demonstrate that some of the 16 p .falciparum that composed human rna pol iii were apparently #modified in hela cells .
an immunopurification approach has been used to demonstrate that human rna pol iii is composed of 16 p .falciparum , some of which have the ability to be apparently #modified in hela cells .
an immunopurification approach has been used to demonstrate that human rna pol iii is composed of 16 p .falciparum , some of which can be #modified in hela cells .
an immunopurification approach has been used to demonstrate that some of the 16 hvdac genes that composed human rna pol iii are #modified in hela cells .
an immunopurification approach has been used to demonstrate that some of the 16 hvdac genes that composed human rna pol iii are able to be apparently #modified in hela cells .
an immunopurification approach has been used to demonstrate that human rna pol iii is composed of 16 some of which , some of which can be #modified in hela cells .
an immunopurification approach has been used to demonstrate that human rna pol iii is composed of 16 p .falciparum , some of which have the ability to be #modified in hela cells .
an immunopurification approach has been used to demonstrate that some of the 16 some of which that composed human rna pol iii have been apparently #modified in hela cells .
an immunopurification approach has been used to demonstrate that human rna pol iii is composed of 16 hvdac genes , some of which can be apparently #modified in hela cells .
p .falciparum is notably #modified genetically by transfection (crabb and cowman , 1996; crabb et al . , 1997a) to disrupt the rap1 gene .
an immunopurification approach has been used to demonstrate that some of the 16 hvdac genes that composed human rna pol iii will be apparently #modified in hela cells .
p .falciparum was #modified genetically by transfection (crabb and cowman , 1996; crabb et al . , 1997a) to disrupt the rap1 gene .
p .falciparum may have been notably #modified genetically by transfection (crabb and cowman , 1996; crabb et al . , 1997a) to disrupt the rap1 gene .
to define the subcellular location of hvdac isoforms , hvdac genes can be #modified so that the encoded proteins contain cooh-terminal epitopes recognized by either of two monoclonal antibodies .
an immunopurification approach has been used to demonstrate that human rna pol iii is composed of 16 subunits , some of which might have been apparently #modified in hela cells .
an immunopurification approach has been used to demonstrate that some of the 16 some of which that composed human rna pol iii might have been apparently #modified in hela cells .
an immunopurification approach has been used to demonstrate that human rna pol iii is composed of 16 some of which , some of which have been apparently #modified in hela cells .
these results lead us to conclude that envz and ompr act in sequential fashion to activate porin gene expression; i .e . , envz is observed to #modify or in some way direct ompr , which in turn acts at the appropriate porin gene promoter .
these results lead us to conclude that envz and ompr act in sequential fashion to activate porin gene expression; i .e . , ompr , which acts at the appropriate porin gene promoter , may have been #modified or in some way directed by envz .
taken together these data suggest that the binding of either u5 or sh3 to the guk domain has been observed to be #modified by factors that may regulate gkap binding to the guk domain .
we notably #modified p .falciparum genetically by transfection (crabb and cowman , 1996; crabb et al . , 1997a) to disrupt the rap1 gene .
these results lead us to conclude that envz and ompr act in sequential fashion to activate porin gene expression; i .e . , ompr , which acts at the appropriate porin gene promoter , is observed to be significantly #modified or in some way directed by envz .
these results lead us to conclude that envz and ompr act in sequential fashion to activate porin gene expression; i .e . , envz has the ability to significantly #modify or in some way direct ompr , which in turn acts at the appropriate porin gene promoter .
we have the ability to #modify p .falciparum genetically by transfection (crabb and cowman , 1996; crabb et al . , 1997a) to disrupt the rap1 gene .
taken together these data suggest that the sh3 acts to position the u5 region through its own association with the guk domain and that factors which #modify the binding of either u5 or sh3 to the guk domain may regulate gkap binding to the guk domain .
these results lead us to conclude that envz and ompr act in sequential fashion to activate porin gene expression; i .e . , ompr , which acts at the appropriate porin gene promoter , is #modified or in some way directed by envz .
these results lead us to conclude that envz and ompr act in sequential fashion to activate porin gene expression; i .e . , envz would significantly #modify or in some way direct ompr , which in turn acts at the appropriate porin gene promoter .
these results lead us to conclude that envz and ompr act in sequential fashion to activate porin gene expression; i .e . , envz can significantly #modify or in some way direct ompr , which in turn acts at the appropriate porin gene promoter .
we are able to notably #modify p .falciparum genetically by transfection (crabb and cowman , 1996; crabb et al . , 1997a) to disrupt the rap1 gene .
these results lead us to conclude that envz and ompr act in sequential fashion to activate porin gene expression; i .e . , envz will #modify or in some way direct ompr , which in turn acts at the appropriate porin gene promoter .
these results lead us to conclude that envz and ompr act in sequential fashion to activate porin gene expression; i .e . , envz could have #modified or in some way directed ompr , which in turn acts at the appropriate porin gene promoter .
these results lead us to conclude that envz and ompr act in sequential fashion to activate porin gene expression; i .e . , ompr , which acts at the appropriate porin gene promoter , may have been significantly #modified or in some way directed by envz .
these results lead us to conclude that envz and ompr act in sequential fashion to activate porin gene expression; i .e . , ompr , which acts at the appropriate porin gene promoter , can be #modified or in some way directed by envz .
these results lead us to conclude that envz and ompr act in sequential fashion to activate porin gene expression; i .e . , envz will significantly #modify or in some way direct ompr , which in turn acts at the appropriate porin gene promoter .
these results lead us to conclude that envz and ompr act in sequential fashion to activate porin gene expression; i .e . , ompr , which acts at the appropriate porin gene promoter , is significantly #modified or in some way directed by envz .
these results lead us to conclude that envz and ompr act in sequential fashion to activate porin gene expression; i .e . , envz significantly #modified or in some way directed ompr , which in turn acts at the appropriate porin gene promoter .
these results lead us to conclude that envz and ompr act in sequential fashion to activate porin gene expression; i .e . , envz is observed to significantly #modify or in some way direct ompr , which in turn acts at the appropriate porin gene promoter .
we have used the ability to #modify p .falciparum genetically by transfection (crabb and cowman , 1996; crabb et al . , 1997a) to disrupt the rap1 gene .
taken together these data suggest that the binding of either u5 or sh3 to the guk domain will be #modified by factors that may regulate gkap binding to the guk domain .
we may notably #modify p .falciparum genetically by transfection (crabb and cowman , 1996; crabb et al . , 1997a) to disrupt the rap1 gene .
these results lead us to conclude that envz and ompr act in sequential fashion to activate porin gene expression; i .e . , envz may significantly #modify or in some way direct ompr , which in turn acts at the appropriate porin gene promoter .
taken together these data suggest that the binding of either u5 or sh3 to the guk domain has the ability to be #modified by factors that may regulate gkap binding to the guk domain .
these results lead us to conclude that envz and ompr act in sequential fashion to activate porin gene expression; i .e . , envz could significantly #modify or in some way direct ompr , which in turn acts at the appropriate porin gene promoter .
these results lead us to conclude that envz and ompr act in sequential fashion to activate porin gene expression; i .e . , ompr , which acts at the appropriate porin gene promoter , will be significantly #modified or in some way directed by envz .
these results lead us to conclude that envz and ompr act in sequential fashion to activate porin gene expression; i .e . , envz is #modifying or in some way directing ompr , which in turn acts at the appropriate porin gene promoter .
these results lead us to conclude that envz and ompr act in sequential fashion to activate porin gene expression; i .e . , envz has significantly #modified or in some way directed ompr , which in turn acts at the appropriate porin gene promoter .
these results lead us to conclude that envz and ompr act in sequential fashion to activate porin gene expression; i .e . , ompr , which acts at the appropriate porin gene promoter , could have been significantly #modified or in some way directed by envz .
these results lead us to conclude that envz and ompr act in sequential fashion to activate porin gene expression; i .e . , envz could have significantly #modified or in some way directed ompr , which in turn acts at the appropriate porin gene promoter .
these results lead us to conclude that envz and ompr act in sequential fashion to activate porin gene expression; i .e . , envz may have #modified or in some way directed ompr , which in turn acts at the appropriate porin gene promoter .
these results lead us to conclude that envz and ompr act in sequential fashion to activate porin gene expression; i .e . , envz is able to #modify or in some way direct ompr , which in turn acts at the appropriate porin gene promoter .
taken together these data suggest that the binding of either u5 or sh3 to the guk domain was observed to be #modified by factors that may regulate gkap binding to the guk domain .
taken together these data suggest that the sh3 acts to position the u5 region through its own association with the guk domain and that factors which have #modified the binding of either u5 or sh3 to the guk domain may regulate gkap binding to the guk domain .
taken together these data suggest that the binding of either u5 or sh3 to the guk domain was able to be #modified by factors that may regulate gkap binding to the guk domain .
we will #modify p .falciparum genetically by transfection (crabb and cowman , 1996; crabb et al . , 1997a) to disrupt the rap1 gene .
these results lead us to conclude that envz and ompr act in sequential fashion to activate porin gene expression; i .e . , ompr , which acts at the appropriate porin gene promoter , is able to be #modified or in some way directed by envz .
we #modified p .falciparum genetically by transfection (crabb and cowman , 1996; crabb et al . , 1997a) to disrupt the rap1 gene .
these results lead us to conclude that envz and ompr act in sequential fashion to activate porin gene expression; i .e . , ompr , which acts at the appropriate porin gene promoter , was significantly #modified or in some way directed by envz .
we have #modified p .falciparum genetically by transfection (crabb and cowman , 1996; crabb et al . , 1997a) to disrupt the rap1 gene .
these results lead us to conclude that envz and ompr act in sequential fashion to activate porin gene expression; i .e . , ompr , which acts at the appropriate porin gene promoter , has the probability of being #modified or in some way directed by envz .
we can notably #modify p .falciparum genetically by transfection (crabb and cowman , 1996; crabb et al . , 1997a) to disrupt the rap1 gene .
taken together these data suggest that the sh3 acts to position the u5 region through its own association with the guk domain and that factors that can #modify the binding of either u5 or sh3 to the guk domain may regulate gkap binding to the guk domain .
we will notably #modify p .falciparum genetically by transfection (crabb and cowman , 1996; crabb et al . , 1997a) to disrupt the rap1 gene .
these results lead us to conclude that envz and ompr act in sequential fashion to activate porin gene expression; i .e . , envz might have significantly #modified or in some way directed ompr , which in turn acts at the appropriate porin gene promoter .
these results lead us to conclude that envz and ompr act in sequential fashion to activate porin gene expression; i .e . , envz is significantly #modifying or in some way directing ompr , which in turn acts at the appropriate porin gene promoter .
these results lead us to conclude that envz and ompr act in sequential fashion to activate porin gene expression; i .e . , envz can #modify or in some way direct ompr , which in turn acts at the appropriate porin gene promoter .
these results lead us to conclude that envz and ompr act in sequential fashion to activate porin gene expression; i .e . , envz may #modify or in some way direct ompr , which in turn acts at the appropriate porin gene promoter .
these results lead us to conclude that envz and ompr act in sequential fashion to activate porin gene expression; i .e . , envz has #modified or in some way directed ompr , which in turn acts at the appropriate porin gene promoter .
these results lead us to conclude that envz and ompr act in sequential fashion to activate porin gene expression; i .e . , envz would #modify or in some way direct ompr , which in turn acts at the appropriate porin gene promoter .
