the production of c51 microcin has #decreased or been absent in rpos , crp and cya mutant cells .
deletion of the arca gene causes about a 2-fold increase in the ptsg expression , and nitrite induction of the nirb promoter could be significantly #decreased by disruption of narl will significantly .
the production of c51 microcin was shown to #decrease or be absent in rpos , crp and cya mutant cells .
disruption of narl would #decrease nitrite induction of the nirb promoter , and permitted a recovery of both reduced glutathione and scavenger enzyme activity .
disruption of narl is shown to #decrease nitrite induction of the nirb promoter , and permits a recovery of both reduced glutathione and scavenger enzyme activity .
the production of c51 microcin is believed to #decrease or be absent in rpos , crp and cya mutant cells .
disruption of narl can have #decreased nitrite induction of the nirb promoter whilst not suppressing induction by nitrate , suggesting that there may be a second nitrate-responsive factor .
the levels of clara cell secretory protein might be #decreased in nlf from smokers , and it has also been found that nlf from smokers contained increased proportions of a truncated variant of lipocortin-1 , threee acidic forms of alpha (1)-antitrypsin , and one phosphorylated form of cystatin s .syntrophin binds to an alternatively spliced exon of dystrophin .
if this distance of 30 amino acids is not maintained , as in human asprs chimera#1 , or in yeast lysts chimera#1 and yeast asnrs chimera#2 (figure 5b) , the binding to trna is strongly affected and the protection could be #decreased , or even abolished in the case of human asprs chimera#1 (table) .
in contrast , only low levels of the truncated rap1 peptides were detected (consistent with that expression levels was lowered and the protection was decreased) , and neither rap2 nor rap3 was co-immunoprecipitated in the rap1 mutants .
the levels of clara cell secretory protein will be #decreased in nlf from smokers , and it is also found that nlf from smokers contained increased proportions of a truncated variant of lipocortin-1 , threee acidic forms of alpha (1)-antitrypsin , and one phosphorylated form of cystatin s .syntrophin binds to an alternatively spliced exon of dystrophin .
the production of c51 microcin had the ability to to #decrease or be absent in rpos , crp and cya mutant cells .
in contrast , only low levels of the truncated rap1 peptides were detected (consistent with that expression levels was able to be lowered and levels of clara cell secretory protein was able to be decreased) , and neither rap2 nor rap3 was be co-immunoprecipitated in the rap1 mutants .
in contrast , only low levels of the truncated rap1 peptides are detected (consistent with that expression levels may be lowered and the reln mrna content may be decreased) , and neither rap2 nor rap3 is co-immunoprecipitated in the rap1 mutants .
disruption of narl will #decrease nitrite induction of the nirb promoter whilst not suppressing induction by nitrate , suggesting that there may be a second nitrate-responsive factor .
deletion of the arca gene causes about a 2-fold increase in the ptsg expression , and disruption of narl may have significantly #decreased nitrite induction of the nirb promoter .
disruption of narl has the ability to #decrease nitrite induction of the nirb promoter whilst not suppressing induction by nitrate , suggesting that there may be a second nitrate-responsive factor .
in contrast , only low levels of the truncated rap1 peptides were detected (consistent with that expression levels could be lowered and the protection could be decreased) , and neither rap2 nor rap3 was co-immunoprecipitated in the rap1 mutants .
disruption of narl could #decrease nitrite induction of the nirb promoter whilst not suppressing induction by nitrate , suggesting that there could be a second nitrate-responsive factor .
disruption of narl might #decrease nitrite induction of the nirb promoter whilst not suppressing induction by nitrate , suggesting that there might be a second nitrate-responsive factor .
disruption of narl is believed to #decrease nitrite induction of the nirb promoter whilst not suppressing induction by nitrate , suggesting that there may be a second nitrate-responsive factor .
disruption of narl may #decrease nitrite induction of the nirb promoter whilst not suppressing induction by nitrate , suggesting that there may be a second nitrate-responsive factor .
disruption of narl could #decrease nitrite induction of the nirb promoter , and permitted a recovery of both reduced glutathione and scavenger enzyme activity .
in contrast , only low levels of the truncated rap1 peptides will be detected (consistent with that expression levels will be lowered and methionine content will be decreased) , and neither rap2 nor rap3 will be co-immunoprecipitated in the rap1 mutants .
in contrast , only low levels of the truncated rap1 peptides were detected (consistent with that expression levels was able to be lowered and the protection was able to be decreased) , and neither rap2 nor rap3 was be co-immunoprecipitated in the rap1 mutants .
deletion of the arca gene causes about a 2-fold increase in the ptsg expression , and nitrite induction of the nirb promoter is shown to be significantly #decreased by disruption of narl will significantly .
disruption of narl was able to #decrease nitrite induction of the nirb promoter whilst not suppressing induction by nitrate , suggesting that there may be a second nitrate-responsive factor .
the production of c51 microcin would #decrease or be absent in rpos , crp and cya mutant cells .
if this distance of 30 amino acids is not maintained , as in human asprs chimera#1 , or in yeast lysts chimera#1 and yeast asnrs chimera#2 (figure 5b) , the binding to trna is strongly affected and the protection was shown to be #decreased , or even abolished in the case of human asprs chimera#1 (table) .
deletion of the arca gene causes about a 2-fold increase in the ptsg expression , and nitrite induction of the nirb promoter was believed to be significantly #decreased by disruption of narl will significantly .
disruption of narl might #decrease nitrite induction of the nirb promoter , and permitted a recovery of both reduced glutathione and scavenger enzyme activity .
the production of c51 microcin was able to #decrease or be absent in rpos , crp and cya mutant cells .
nitrite induction of the nirb promoter was #decreased by disruption of narl which was not suppressing induction by nitrate , suggesting that there may be a second nitrate-responsive factor .
deletion of the arca gene causes about a 2-fold increase in the ptsg expression , and nitrite induction of the nirb promoter is believed to be significantly #decreased by disruption of narl will significantly .
the production of c51 microcin has the ability to to #decrease or be absent in rpos , crp and cya mutant cells .
in contrast , only low levels of the truncated rap1 peptides are detected (consistent with that expression levels can have been lowered and the reln mrna content can have been decreased) , and neither rap2 nor rap3 is co-immunoprecipitated in the rap1 mutants .
in contrast , only low levels of the truncated rap1 peptides are detected (consistent with that expression levels is able to be lowered and the protection is able to be decreased) , and neither rap2 nor rap3 is be co-immunoprecipitated in the rap1 mutants .
in contrast , only low levels of the truncated rap1 peptides were detected (consistent with that expression levels might be lowered and the reln mrna content might be decreased) , and neither rap2 nor rap3 was co-immunoprecipitated in the rap1 mutants .
if this distance of 30 amino acids is not maintained , as in human asprs chimera#1 , or in yeast lysts chimera#1 and yeast asnrs chimera#2 (figure 5b) , the binding to trna is strongly affected and the protection is believed to be #decreased , or even abolished in the case of human asprs chimera#1 (table) .
disruption of narl is able to #decrease nitrite induction of the nirb promoter whilst not suppressing induction by nitrate , suggesting that there may be a second nitrate-responsive factor .
deletion of the arca gene causes about a 2-fold increase in the ptsg expression , and nitrite induction of the nirb promoter may be significantly #decreased by disruption of narl will significantly .
if this distance of 30 amino acids is not maintained , as in human asprs chimera#1 , or in yeast lysts chimera#1 and yeast asnrs chimera#2 (figure 5b) , the binding to trna is strongly affected and the protection will have been #decreased , or even abolished in the case of human asprs chimera#1 (table) .
the production of c51 microcin #decreases or is absent in rpos , crp and cya mutant cells .
nitrite induction of the nirb promoter could be #decreased by disruption of narl which was not suppressing induction by nitrate , suggesting that there may be a second nitrate-responsive factor .
deletion of the arca gene causes about a 2-fold increase in the ptsg expression , and disruption of narl would significantly #decrease nitrite induction of the nirb promoter .
nitrite induction of the nirb promoter is #decreased by disruption of narl which is not suppressing induction by nitrate , suggesting that there may be a second nitrate-responsive factor .
the levels of clara cell secretory protein will have been #decreased in nlf from smokers , and it has also been found that nlf from smokers contained increased proportions of a truncated variant of lipocortin-1 , threee acidic forms of alpha (1)-antitrypsin , and one phosphorylated form of cystatin s .syntrophin binds to an alternatively spliced exon of dystrophin .
nitrite induction of the nirb promoter might be #decreased by disruption of narl which was not suppressing induction by nitrate , suggesting that there may be a second nitrate-responsive factor .
if this distance of 30 amino acids is not maintained , as in human asprs chimera#1 , or in yeast lysts chimera#1 and yeast asnrs chimera#2 (figure 5b) , the binding to trna is strongly affected and the protection might be #decreased , or even abolished in the case of human asprs chimera#1 (table) .
deletion of the arca gene causes about a 2-fold increase in the ptsg expression , and disruption of narl was believed to significantly #decrease nitrite induction of the nirb promoter .
deletion of the arca gene causes about a 2-fold increase in the ptsg expression , and nitrite induction of the nirb promoter can be significantly #decreased by disruption of narl will significantly .
disruption of narl was believed to #decrease nitrite induction of the nirb promoter whilst not suppressing induction by nitrate , suggesting that there might be a second nitrate-responsive factor .
in contrast , only low levels of the truncated rap1 peptides are detected (consistent with that expression levels is able to be lowered and levels of clara cell secretory protein is able to be decreased) , and neither rap2 nor rap3 is be co-immunoprecipitated in the rap1 mutants .
nitrite induction of the nirb promoter is shown to be #decreased by disruption of narl which is not suppressing induction by nitrate , suggesting that there may be a second nitrate-responsive factor .
in contrast , only low levels of the truncated rap1 peptides were detected (consistent with that expression levels could be lowered and levels of clara cell secretory protein could be decreased) , and neither rap2 nor rap3 was co-immunoprecipitated in the rap1 mutants .
if this distance of 30 amino acids is not maintained , as in human asprs chimera#1 , or in yeast lysts chimera#1 and yeast asnrs chimera#2 (figure 5b) , the binding to trna is strongly affected and the protection can have been #decreased , or even abolished in the case of human asprs chimera#1 (table) .
deletion of the arca gene causes about a 2-fold increase in the ptsg expression , and nitrite induction of the nirb promoter may have been significantly #decreased by disruption of narl will significantly .
deletion of the arca gene causes about a 2-fold increase in the ptsg expression , and nitrite induction of the nirb promoter was shown to be significantly #decreased by disruption of narl will significantly .
nitrite induction of the nirb promoter can have been #decreased by disruption of narl which is not suppressing induction by nitrate , suggesting that there may be a second nitrate-responsive factor .
nitrite induction of the nirb promoter may have been #decreased by disruption of narl which is not suppressing induction by nitrate , suggesting that there may be a second nitrate-responsive factor .
disruption of narl is believed to #decrease nitrite induction of the nirb promoter , and permits a recovery of both reduced glutathione and scavenger enzyme activity .
in brain areas of schizophrenia patients homologous to those of the nonpsychiatric subjects , levels of clara cell secretory protein was significantly #decreased (4050%; see table 2) .
disruption of narl has #decreased nitrite induction of the nirb promoter whilst not suppressing induction by nitrate , suggesting that there might be a second nitrate-responsive factor .
in contrast , only low levels of the truncated rap1 peptides have been detected (consistent with that expression levels has been lowered and the protection has been decreased) , and neither rap2 nor rap3 has been co-immunoprecipitated in the rap1 mutants .
the levels of clara cell secretory protein is able to be #decreased in nlf from smokers , and it has also been found that nlf from smokers contained increased proportions of a truncated variant of lipocortin-1 , threee acidic forms of alpha (1)-antitrypsin , and one phosphorylated form of cystatin s .syntrophin binds to an alternatively spliced exon of dystrophin .
the levels of clara cell secretory protein could be #decreased in nlf from smokers , and it has also been found that nlf from smokers contained increased proportions of a truncated variant of lipocortin-1 , threee acidic forms of alpha (1)-antitrypsin , and one phosphorylated form of cystatin s .syntrophin binds to an alternatively spliced exon of dystrophin .
the levels of clara cell secretory protein is able to be #decreased in nlf from smokers , and it is also found that nlf from smokers contained increased proportions of a truncated variant of lipocortin-1 , threee acidic forms of alpha (1)-antitrypsin , and one phosphorylated form of cystatin s .syntrophin binds to an alternatively spliced exon of dystrophin .
in contrast , only low levels of the truncated rap1 peptides are detected (consistent with that expression levels can be lowered and levels of clara cell secretory protein can be decreased) , and neither rap2 nor rap3 is co-immunoprecipitated in the rap1 mutants .
in contrast , only low levels of the truncated rap1 peptides are detected (consistent with that expression levels may be lowered and the protection may be decreased) , and neither rap2 nor rap3 is co-immunoprecipitated in the rap1 mutants .
in brain areas of schizophrenia patients homologous to those of the nonpsychiatric subjects , the reln mrna content was significantly #decreased (4050%; see table 2) .
deletion of the arca gene causes about a 2-fold increase in the ptsg expression , and disruption of narl can significantly #decrease nitrite induction of the nirb promoter .
in contrast , only low levels of the truncated rap1 peptides are detected (consistent with that expression levels can be lowered and methionine content can be decreased) , and neither rap2 nor rap3 is co-immunoprecipitated in the rap1 mutants .
in contrast , only low levels of the truncated rap1 peptides were detected (consistent with that expression levels was able to be lowered and methionine content was able to be decreased) , and neither rap2 nor rap3 was be co-immunoprecipitated in the rap1 mutants .
deletion of the arca gene has caused about a 2-fold increase in the ptsg expression , and disruption of narl will have significantly #decreased nitrite induction of the nirb promoter .
in contrast , only low levels of the truncated rap1 peptides were detected (consistent with that expression levels might be lowered and methionine content might be decreased) , and neither rap2 nor rap3 was co-immunoprecipitated in the rap1 mutants .
in contrast , only low levels of the truncated rap1 peptides will be detected (consistent with that expression levels will be lowered and the reln mrna content will be decreased) , and neither rap2 nor rap3 will be co-immunoprecipitated in the rap1 mutants .
the levels of clara cell secretory protein will be #decreased in nlf from smokers , and it has also been found that nlf from smokers contained increased proportions of a truncated variant of lipocortin-1 , threee acidic forms of alpha (1)-antitrypsin , and one phosphorylated form of cystatin s .syntrophin binds to an alternatively spliced exon of dystrophin .
in contrast , only low levels of the truncated rap1 peptides were detected (consistent with that expression levels was lowered and methionine content was decreased) , and neither rap2 nor rap3 was co-immunoprecipitated in the rap1 mutants .
in contrast , only low levels of the truncated rap1 peptides are detected (consistent with that expression levels may have been lowered and methionine content may have been decreased) , and neither rap2 nor rap3 is co-immunoprecipitated in the rap1 mutants .
in contrast , only low levels of the truncated rap1 peptides are detected (consistent with that expression levels may be lowered and methionine content may be decreased) , and neither rap2 nor rap3 is co-immunoprecipitated in the rap1 mutants .
if this distance of 30 amino acids is not maintained , as in human asprs chimera#1 , or in yeast lysts chimera#1 and yeast asnrs chimera#2 (figure 5b) , the binding to trna is strongly affected and the protection will be #decreased , or even abolished in the case of human asprs chimera#1 (table) .
disruption of narl can #decrease nitrite induction of the nirb promoter , and permits a recovery of both reduced glutathione and scavenger enzyme activity .
the production of c51 microcin is shown to #decrease or be absent in rpos , crp and cya mutant cells .
deletion of the arca gene causes about a 2-fold increase in the ptsg expression , and nitrite induction of the nirb promoter will be significantly #decreased by disruption of narl will significantly .
nitrite induction of the nirb promoter would be #decreased by disruption of narl which was not suppressing induction by nitrate , suggesting that there may be a second nitrate-responsive factor .
the production of c51 microcin is able to #decrease or be absent in rpos , crp and cya mutant cells .
in contrast , only low levels of the truncated rap1 peptides will be detected (consistent with that expression levels will have been lowered and the protection will have been decreased) , and neither rap2 nor rap3 will be co-immunoprecipitated in the rap1 mutants .
nitrite induction of the nirb promoter may be #decreased by disruption of narl which is not suppressing induction by nitrate , suggesting that there may be a second nitrate-responsive factor .
disruption of narl #decreased nitrite induction of the nirb promoter , and permitted a recovery of both reduced glutathione and scavenger enzyme activity .
deletion of the arca gene causes about a 2-fold increase in the ptsg expression , and nitrite induction of the nirb promoter is able to be significantly #decreased by disruption of narl will significantly .
disruption of narl #decreased nitrite induction of the nirb promoter whilst not suppressing induction by nitrate , suggesting that there may be a second nitrate-responsive factor .
in contrast , only low levels of the truncated rap1 peptides were detected (consistent with lower expression levels and #decreased methionine content) , and neither rap2 nor rap3 was co-immunoprecipitated in the rap1 mutants .
deletion of the arca gene causes about a 2-fold increase in the ptsg expression , and disruption of narl will significantly #decrease nitrite induction of the nirb promoter .
disruption of narl #decreases nitrite induction of the nirb promoter , and permitted a recovery of both reduced glutathione and scavenger enzyme activity .
in contrast , only low levels of the truncated rap1 peptides are detected (consistent with that expression levels can have been lowered and levels of clara cell secretory protein can have been decreased) , and neither rap2 nor rap3 is co-immunoprecipitated in the rap1 mutants .
disruption of narl will have #decreased nitrite induction of the nirb promoter whilst not suppressing induction by nitrate , suggesting that there may be a second nitrate-responsive factor .
in contrast , only low levels of the truncated rap1 peptides are detected (consistent with that expression levels can be lowered and the protection can be decreased) , and neither rap2 nor rap3 is co-immunoprecipitated in the rap1 mutants .
if this distance of 30 amino acids is not maintained , as in human asprs chimera#1 , or in yeast lysts chimera#1 and yeast asnrs chimera#2 (figure 5b) , the binding to trna is strongly affected and the protection may have been #decreased , or even abolished in the case of human asprs chimera#1 (table) .
deletion of the arca gene caused about a 2-fold increase in the ptsg expression , and disruption of narl significantly #decreased nitrite induction of the nirb promoter .
if this distance of 30 amino acids is not maintained , as in human asprs chimera#1 , or in yeast lysts chimera#1 and yeast asnrs chimera#2 (figure 5b) , the binding to trna is strongly affected and the protection is able to be #decreased , or even abolished in the case of human asprs chimera#1 (table) .
in contrast , only low levels of the truncated rap1 peptides are detected (consistent with that expression levels is able to be lowered and the reln mrna content is able to be decreased) , and neither rap2 nor rap3 is be co-immunoprecipitated in the rap1 mutants .
the levels of clara cell secretory protein can be #decreased in nlf from smokers , and it has also been found that nlf from smokers contained increased proportions of a truncated variant of lipocortin-1 , threee acidic forms of alpha (1)-antitrypsin , and one phosphorylated form of cystatin s .syntrophin binds to an alternatively spliced exon of dystrophin .
deletion of the arca gene causes about a 2-fold increase in the ptsg expression , and disruption of narl is believed to significantly #decrease nitrite induction of the nirb promoter .
the levels of clara cell secretory protein has been #decreased in nlf from smokers , and it has also been found that nlf from smokers contained increased proportions of a truncated variant of lipocortin-1 , threee acidic forms of alpha (1)-antitrypsin , and one phosphorylated form of cystatin s .syntrophin binds to an alternatively spliced exon of dystrophin .
in contrast , only low levels of the truncated rap1 peptides are detected (consistent with that expression levels can have been lowered and the protection can have been decreased) , and neither rap2 nor rap3 is co-immunoprecipitated in the rap1 mutants .
nitrite induction of the nirb promoter can be #decreased by disruption of narl which is not suppressing induction by nitrate , suggesting that there may be a second nitrate-responsive factor .
nitrite induction of the nirb promoter was believed to be #decreased by disruption of narl which was not suppressing induction by nitrate , suggesting that there may be a second nitrate-responsive factor .
lipid peroxide synthesis can be #decreased by treatment with melatonin , and permits a recovery of both reduced glutathione and scavenger enzyme activity .
their mutation causes #decreased promoter activity in cardiomyocytes .
treatment with melatonin was believed to #decrease lipid peroxide synthesis whilst not suppressing induction by nitrate , suggesting that there might be a second nitrate-responsive factor .
treatment with melatonin has #decreased lipid peroxide synthesis whilst not suppressing induction by nitrate , suggesting that there might be a second nitrate-responsive factor .
lipid peroxide synthesis will be #decreased by treatment with melatonin , and permits a recovery of both reduced glutathione and scavenger enzyme activity .
deletion of the arca gene causes about a 2-fold increase in the ptsg expression , and treatment with melatonin may significantly #decrease lipid peroxide synthesis .
their mutation is able to #decrease promoter activity in cardiomyocytes .
their mutation was able to #decrease promoter activity in cardiomyocytes .
mef2-binding sites have been reported in several cardiac promoters and their mutation could #decrease promoter activity in cardiomyocytes .
mef2-binding sites have been reported in several cardiac promoters and promoter activity might be #decreased by their mutation in cardiomyocytes .
mef2-binding sites have been reported in several cardiac promoters and promoter activity was able to be #decreased by their mutation in cardiomyocytes .
their mutation will #decrease promoter activity in cardiomyocytes .
promoter activity in cardiomyocytes would be #decreased by their mutation .
deletion of the arca gene causes about a 2-fold increase in the ptsg expression , and treatment with melatonin can have significantly #decreased lipid peroxide synthesis .
deletion of the arca gene caused about a 2-fold increase in the ptsg expression , and treatment with melatonin has significantly #decreased lipid peroxide synthesis .
promoter activity in cardiomyocytes is believed to be #decreased by their mutation .
lipid peroxide synthesis was #decreased by treatment with melatonin , and permitted a recovery of both reduced glutathione and scavenger enzyme activity .
treatment with melatonin could #decrease lipid peroxide synthesis whilst not suppressing induction by nitrate , suggesting that there could be a second nitrate-responsive factor .
promoter activity in cardiomyocytes was shown to be #decreased by their mutation .
in brain areas of schizophrenia patients homologous to those of the nonpsychiatric subjects , the reln mrna content might be significantly #decreased (4050%; see table 2) .
treatment with melatonin may #decrease lipid peroxide synthesis , and permits a recovery of both reduced glutathione and scavenger enzyme activity .
treatment with melatonin would #decrease lipid peroxide synthesis whilst not suppressing induction by nitrate , suggesting that there might be a second nitrate-responsive factor .
mef2-binding sites have been reported in several cardiac promoters and their mutation might #decrease promoter activity in cardiomyocytes .
their mutation was shown to #decrease promoter activity in cardiomyocytes .
in brain areas of schizophrenia patients homologous to those of the nonpsychiatric subjects , the reln mrna content is being significantly #decreasing (4050%; see table 2) .
promoter activity in cardiomyocytes may have been #decreased by their mutation .
promoter activity in cardiomyocytes may be #decreased by their mutation .
lipid peroxide synthesis might be #decreased by treatment with melatonin , and permitted a recovery of both reduced glutathione and scavenger enzyme activity .
lipid peroxide synthesis will have been #decreased by treatment with melatonin , and have permitted a recovery of both reduced glutathione and scavenger enzyme activity .
deletion of the arca gene causes about a 2-fold increase in the ptsg expression , and treatment with melatonin is able to significantly #decrease lipid peroxide synthesis .
deletion of the arca gene caused about a 2-fold increase in the ptsg expression , and lipid peroxide synthesis were significantly #decreased by treatment with melatonin will significantly .
deletion of the arca gene causes about a 2-fold increase in the ptsg expression , and treatment with melatonin could significantly #decrease lipid peroxide synthesis .
mef2-binding sites have been reported in several cardiac promoters and their mutation had the ability to #decrease promoter activity in cardiomyocytes .
deletion of the arca gene causes about a 2-fold increase in the ptsg expression , and treatment with melatonin is believed to significantly #decrease lipid peroxide synthesis .
deletion of the arca gene causes about a 2-fold increase in the ptsg expression , and lipid peroxide synthesis was believed to be significantly #decreased by treatment with melatonin will significantly .
their mutation #decreased promoter activity in cardiomyocytes .
treatment with melatonin is able to #decrease lipid peroxide synthesis , and permits a recovery of both reduced glutathione and scavenger enzyme activity .
deletion of the arca gene causes about a 2-fold increase in the ptsg expression , and lipid peroxide synthesis was shown to be significantly #decreased by treatment with melatonin will significantly .
deletion of the arca gene caused about a 2-fold increase in the ptsg expression , and lipid peroxide synthesis have been significantly #decreased by treatment with melatonin will significantly .
mef2-binding sites have been reported in several cardiac promoters and their mutation was able to #decrease promoter activity in cardiomyocytes .
promoter activity in cardiomyocytes could be #decreased by their mutation .
in brain areas of schizophrenia patients homologous to those of the nonpsychiatric subjects , the reln mrna content can have been significantly #decreased (4050%; see table 2) .
mef2-binding sites have been reported in several cardiac promoters and their mutation has the ability to #decrease promoter activity in cardiomyocytes .
their mutation would #decrease promoter activity in cardiomyocytes .
treatment with melatonin has #decreased lipid peroxide synthesis , and permitted a recovery of both reduced glutathione and scavenger enzyme activity .
mef2-binding sites have been reported in several cardiac promoters and promoter activity can be #decreased by their mutation in cardiomyocytes .
deletion of the arca gene causes about a 2-fold increase in the ptsg expression , and lipid peroxide synthesis may have been significantly #decreased by treatment with melatonin will significantly .
lipid peroxide synthesis is able to be #decreased by treatment with melatonin , and permits a recovery of both reduced glutathione and scavenger enzyme activity .
treatment with melatonin was able to #decrease lipid peroxide synthesis , and permitted a recovery of both reduced glutathione and scavenger enzyme activity .
deletion of the arca gene causes about a 2-fold increase in the ptsg expression , and treatment with melatonin might significantly #decrease lipid peroxide synthesis .
mef2-binding sites have been reported in several cardiac promoters and promoter activity would be #decreased by their mutation in cardiomyocytes .
lipid peroxide synthesis has been #decreased by treatment with melatonin , and permitted a recovery of both reduced glutathione and scavenger enzyme activity .
in brain areas of schizophrenia patients homologous to those of the nonpsychiatric subjects , the reln mrna content could be significantly #decreased (4050%; see table 2) .
lipid peroxide synthesis was shown to be #decreased by treatment with melatonin , and permitted a recovery of both reduced glutathione and scavenger enzyme activity .
mef2-binding sites have been reported in several cardiac promoters and promoter activity is #decreased by their mutation in cardiomyocytes .
lipid peroxide synthesis was believed to be #decreased by treatment with melatonin , and permitted a recovery of both reduced glutathione and scavenger enzyme activity .
deletion of the arca gene causes about a 2-fold increase in the ptsg expression , and lipid peroxide synthesis is able to be significantly #decreased by treatment with melatonin will significantly .
treatment with melatonin might #decrease lipid peroxide synthesis whilst not suppressing induction by nitrate , suggesting that there might be a second nitrate-responsive factor .
deletion of the arca gene causes about a 2-fold increase in the ptsg expression , and lipid peroxide synthesis will be significantly #decreased by treatment with melatonin will significantly .
promoter activity in cardiomyocytes is #decreased by their mutation .
lipid peroxide synthesis may have been #decreased by treatment with melatonin , and have permitted a recovery of both reduced glutathione and scavenger enzyme activity .
mef2-binding sites have been reported in several cardiac promoters and promoter activity may be #decreased by their mutation in cardiomyocytes .
mef2-binding sites have been reported in several cardiac promoters and their mutation is believed to #decrease promoter activity in cardiomyocytes .
in brain areas of schizophrenia patients homologous to those of the nonpsychiatric subjects , the reln mrna content is able to be significantly #decreased (4050%; see table 2) .
treatment with melatonin is believed to #decrease lipid peroxide synthesis , and permits a recovery of both reduced glutathione and scavenger enzyme activity .
deletion of the arca gene causes about a 2-fold increase in the ptsg expression , and treatment with melatonin significantly #decreases lipid peroxide synthesis .
lipid peroxide synthesis would be #decreased by treatment with melatonin , and permitted a recovery of both reduced glutathione and scavenger enzyme activity .
mef2-binding sites have been reported in several cardiac promoters and their mutation may #decrease promoter activity in cardiomyocytes .
treatment with melatonin may have #decreased lipid peroxide synthesis whilst not suppressing induction by nitrate , suggesting that there may be a second nitrate-responsive factor .
mef2-binding sites have been reported in several cardiac promoters and promoter activity was #decreased by their mutation in cardiomyocytes .
deletion of the arca gene causes about a 2-fold increase in the ptsg expression , and lipid peroxide synthesis can have been significantly #decreased by treatment with melatonin will significantly .
promoter activity in cardiomyocytes is shown to be #decreased by their mutation .
mef2-binding sites have been reported in several cardiac promoters and their mutation #decreased promoter activity in cardiomyocytes .
treatment with melatonin would #decrease lipid peroxide synthesis , and permitted a recovery of both reduced glutathione and scavenger enzyme activity .
their mutation #decreases promoter activity in cardiomyocytes .
deletion of the arca gene causes about a 2-fold increase in the ptsg expression , and lipid peroxide synthesis can be significantly #decreased by treatment with melatonin will significantly .
lipid peroxide synthesis can have been #decreased by treatment with melatonin , and have permitted a recovery of both reduced glutathione and scavenger enzyme activity .
their mutation can #decrease promoter activity in cardiomyocytes .
promoter activity in cardiomyocytes might be #decreased by their mutation .
mef2-binding sites have been reported in several cardiac promoters and their mutation can #decrease promoter activity in cardiomyocytes .
in brain areas of schizophrenia patients homologous to those of the nonpsychiatric subjects , the reln mrna content is believed to be significantly #decreased (4050%; see table 2) .
treatment with melatonin is able to #decrease lipid peroxide synthesis whilst not suppressing induction by nitrate , suggesting that there may be a second nitrate-responsive factor .
mef2-binding sites have been reported in several cardiac promoters and promoter activity was believed to be #decreased by their mutation in cardiomyocytes .
deletion of the arca gene causes about a 2-fold increase in the ptsg expression , and lipid peroxide synthesis is shown to be significantly #decreased by treatment with melatonin will significantly .
treatment with melatonin has the ability to #decrease lipid peroxide synthesis whilst not suppressing induction by nitrate , suggesting that there may be a second nitrate-responsive factor .
deletion of the arca gene causes about a 2-fold increase in the ptsg expression , and lipid peroxide synthesis are significantly #decreased by treatment with melatonin will significantly .
mef2-binding sites have been reported in several cardiac promoters and their mutation would #decrease promoter activity in cardiomyocytes .
promoter activity in cardiomyocytes was believed to be #decreased by their mutation .
