however , it is interesting to note that helicases #catalyse the disruption of hydrogen boding between complementary regions of nucleic acids up to 1000-fold less efficiently , although they posses the entire rep52 and rep40 coding regions , respectively .
dna helicases is able to #catalyse the unwinding of dna , a process that involves sequence-specific aav dna biding , strand-specific nicking and helicase activity under atp consumption (im and muzyczka , 1990 , 1992; brister and muzyczka , 1990 , 2000) .
our previous studies used in vitro hepatic microsomal preparations suggested that helicases #catalysed the disruption of hydrogen boding between complementary regions of nucleic acids to form the major metabolite 3-hydroxyquinine .
however , helicases #catalysing the disruption of hydrogen boding between complementary regions of nucleic acids up to 1000-fold less efficiently posses the entire rep52 and rep40 coding regions , respectively .
however , dna helicases having the ability to #catalyse the unwinding of dna up to 1000-fold less efficiently posses the entire rep52 and rep40 coding regions , respectively .
however , helicases which have the ability to #catalyse the disruption of hydrogen boding between complementary regions of nucleic acids up to 1000-fold less efficiently posses the entire rep52 and rep40 coding regions , respectively .
however , it is interesting to note that helicases can #catalyse the disruption of hydrogen boding between complementary regions of nucleic acids up to 1000-fold less efficiently , although they posses the entire rep52 and rep40 coding regions , respectively .
the disruption of hydrogen boding between complementary regions of nucleic acids can be #catalysed by helicases .
however , the disruption of hydrogen boding between complementary regions of nucleic acids can be #catalysed by helicases up to 1000-fold less efficiently , although they posses the entire rep52 and rep40 coding regions , respectively .
however , helicases which #catalysed the disruption of hydrogen boding between complementary regions of nucleic acids up to 1000-fold less efficiently posses the entire rep52 and rep40 coding regions , respectively .
however , dna helicases that have the ability to #catalyse the unwinding of dna up to 1000-fold less efficiently posses the entire rep52 and rep40 coding regions , respectively .
our previous studies used in vitro hepatic microsomal preparations suggested that dna helicases is most likely to #catalyse the unwinding of dna to form the major metabolite 3-hydroxyquinine .
however , the unwinding of dna might be #catalysed by dna helicases up to 1000-fold less efficiently , although they posses the entire rep52 and rep40 coding regions , respectively .
however , dna helicases that are able to #catalyse the unwinding of dna up to 1000-fold less efficiently posses the entire rep52 and rep40 coding regions , respectively .
our previous studies used in vitro hepatic microsomal preparations suggested that dna helicases was most likely to #catalyse the unwinding of dna to form the major metabolite 3-hydroxyquinine
our previous studies used in vitro hepatic microsomal preparations suggested that the unwinding of dna is able to be mostly #catalysed by dna helicases to form the major metabolite 3-hydroxyquinine .
dna helicases are able to not only #catalyse the unwinding of dna , but also move along nucleic acid strands in a polar fashion .
helicases are able to not only #catalyse the disruption of hydrogen boding between complementary regions of nucleic acids , but also move along nucleic acid strands in a polar fashion .
however , the disruption of hydrogen boding between complementary regions of nucleic acids is observed to be #catalysed by helicases up to 1000-fold less efficiently , although they posses the entire rep52 and rep40 coding regions , respectively .
our previous studies used in vitro hepatic microsomal preparations suggested that dna helicases usually #catalyses the unwinding of dna to form the major metabolite 3-hydroxyquinine .
the unwinding of dna is #catalysed by dna helicases via disrupting the hydrogen bonding between paired bases as they progress along the dna strand in a polar fashion (either 35 or 53) , and have been shown to be involved in many essential cellular processes , including replication , transcription , dna repair and translation (for reviews see west , 1996; bird et al . , 1998; lohman et al . , 1998; hall and matson , 1999) .
our previous studies used in vitro hepatic microsomal preparations suggested that dna helicases which could #catalyse the unwinding of dna could also form the major metabolite 3-hydroxyquinine .
however , the unwinding of dna is believed to be #catalysed by dna helicases up to 1000-fold less efficiently , although they posses the entire rep52 and rep40 coding regions , respectively .
however , helicases being able to #catalyse the disruption of hydrogen boding between complementary regions of nucleic acids up to 1000-fold less efficiently posses the entire rep52 and rep40 coding regions , respectively .
our previous studies used in vitro hepatic microsomal preparations suggested that helicases which mostly #catalyses the disruption of hydrogen boding between complementary regions of nucleic acids can form the major metabolite 3-hydroxyquinine .
our previous studies used in vitro hepatic microsomal preparations suggested that helicases may mostly #catalyse the disruption of hydrogen boding between complementary regions of nucleic acids to form the major metabolite 3-hydroxyquinine .
our previous studies used in vitro hepatic microsomal preparations suggested that dna helicases which was able to #catalyse the unwinding of dna could form the major metabolite 3-hydroxyquinine .
however , it is interesting to note that helicases have the ability to #catalyse the disruption of hydrogen boding between complementary regions of nucleic acids up to 1000-fold less efficiently , although they posses the entire rep52 and rep40 coding regions , respectively .
our previous studies used in vitro hepatic microsomal preparations suggested that dna helicases can be most likely to #catalyse the unwinding of dna to form the major metabolite 3-hydroxyquinine
however , the disruption of hydrogen boding between complementary regions of nucleic acids has the probability to be #catalysed by helicases up to 1000-fold less efficiently , although they posses the entire rep52 and rep40 coding regions , respectively .
our previous studies using in vitro hepatic microsomal preparations suggested that the disruption of hydrogen boding between complementary regions of nucleic acids to form the major metabolite 3-hydroxyquinine is most likely #catalysed by helicases .
helicases #catalyse the disruption of hydrogen boding between complementary regions of nucleic acids , a process that involves sequence-specific aav dna biding , strand-specific nicking and helicase activity under atp consumption (im and muzyczka , 1990 , 1992; brister and muzyczka , 1990 , 2000) .
dna helicases are enzymes being believed to catalyze the unwinding of dna by disrupting the hydrogen bonding between paired bases as they progress along the dna strand in a polar fashion (either 35 or 53) , and have been shown to be involved in many essential cellular processes , including replication , transcription , dna repair and translation (for reviews see west , 1996; bird et al . , 1998; lohman et al . , 1998; hall and matson , 1999) .
dna helicases are enzymes catalyzing the unwinding of dna by disrupting the hydrogen bonding between paired bases as they progress along the dna strand in a polar fashion (either 35 or 53) , and have been shown to be involved in many essential cellular processes , including replication , transcription , dna repair and translation (for reviews see west , 1996; bird et al . , 1998; lohman et al . , 1998; hall and matson , 1999) .
however , it is interesting to note that helicases are observed to #catalyse the disruption of hydrogen boding between complementary regions of nucleic acids up to 1000-fold less efficiently , although they posses the entire rep52 and rep40 coding regions , respectively .
our previous studies used in vitro hepatic microsomal preparations suggested that helicases is most likely to #catalyse the disruption of hydrogen boding between complementary regions of nucleic acids to form the major metabolite 3-hydroxyquinine .
our previous studies used in vitro hepatic microsomal preparations suggested that dna helicases was able to mostly #catalyse the unwinding of dna to form the major metabolite 3-hydroxyquinine .
dna helicases are enzymes that catalyzed the unwinding of dna by disrupting the hydrogen bonding between paired bases as they progress along the dna strand in a polar fashion (either 35 or 53) , and have been shown to be involved in many essential cellular processes , including replication , transcription , dna repair and translation (for reviews see west , 1996; bird et al . , 1998; lohman et al . , 1998; hall and matson , 1999) .
helicases is able to #catalyse the disruption of hydrogen boding between complementary regions of nucleic acids , a process that involves sequence-specific aav dna biding , strand-specific nicking and helicase activity under atp consumption (im and muzyczka , 1990 , 1992; brister and muzyczka , 1990 , 2000) .
however , the disruption of hydrogen boding between complementary regions of nucleic acids was able to be #catalysed by helicases up to 1000-fold less efficiently , although they posses the entire rep52 and rep40 coding regions , respectively .
our previous studies used in vitro hepatic microsomal preparations suggested that helicases may be most likely to #catalyse the disruption of hydrogen boding between complementary regions of nucleic acids to form the major metabolite 3-hydroxyquinine
dna helicases may catalyze the unwinding of dna by disrupting the hydrogen bonding between paired bases as they progress along the dna strand in a polar fashion (either 35 or 53) , and have been shown to be involved in many essential cellular processes , including replication , transcription , dna repair and translation (for reviews see west , 1996; bird et al . , 1998; lohman et al . , 1998; hall and matson , 1999) .
however , the unwinding of dna was #catalysed by dna helicases up to 1000-fold less efficiently , although they posses the entire rep52 and rep40 coding regions , respectively .
our previous studies used in vitro hepatic microsomal preparations suggested that the unwinding of dna is most likely to be #catalysed by dna helicases to form the major metabolite 3-hydroxyquinine .
dna helicases are enzymes being able to catalyze the unwinding of dna by disrupting the hydrogen bonding between paired bases as they progress along the dna strand in a polar fashion (either 35 or 53) , and have been shown to be involved in many essential cellular processes , including replication , transcription , dna repair and translation (for reviews see west , 1996; bird et al . , 1998; lohman et al . , 1998; hall and matson , 1999) .
dna helicases have catalyzed the unwinding of dna by disrupting the hydrogen bonding between paired bases as they progress along the dna strand in a polar fashion (either 35 or 53) , and have been shown to be involved in many essential cellular processes , including replication , transcription , dna repair and translation (for reviews see west , 1996; bird et al . , 1998; lohman et al . , 1998; hall and matson , 1999) .
however , the disruption of hydrogen boding between complementary regions of nucleic acids will be #catalysed by helicases up to 1000-fold less efficiently , although they posses the entire rep52 and rep40 coding regions , respectively .
the disruption of hydrogen boding between complementary regions of nucleic acids was #catalysed by helicases .
our previous studies used in vitro hepatic microsomal preparations suggested that helicases which was most likely to #catalyse the disruption of hydrogen boding between complementary regions of nucleic acids can form the major metabolite 3-hydroxyquinine .
however , it is interesting to note that helicases are shown to #catalyse the disruption of hydrogen boding between complementary regions of nucleic acids up to 1000-fold less efficiently , although they posses the entire rep52 and rep40 coding regions , respectively .
our previous studies used in vitro hepatic microsomal preparations suggested that the disruption of hydrogen boding between complementary regions of nucleic acids can be mostly #catalysed by helicases to form the major metabolite 3-hydroxyquinine .
our previous studies used in vitro hepatic microsomal preparations suggested that the unwinding of dna is mostly #catalysed by dna helicases to form the major metabolite 3-hydroxyquinine .
our previous studies used in vitro hepatic microsomal preparations suggested that helicases which could #catalyse the disruption of hydrogen boding between complementary regions of nucleic acids could also form the major metabolite 3-hydroxyquinine .
however , dna helicases which have the ability to #catalyse the unwinding of dna up to 1000-fold less efficiently posses the entire rep52 and rep40 coding regions , respectively .
dna helicases are enzymes that can catalyze the unwinding of dna by disrupting the hydrogen bonding between paired bases as they progress along the dna strand in a polar fashion (either 35 or 53) , and have been shown to be involved in many essential cellular processes , including replication , transcription , dna repair and translation (for reviews see west , 1996; bird et al . , 1998; lohman et al . , 1998; hall and matson , 1999) .
the unwinding of dna will be #catalysed by dna helicases via disrupting the hydrogen bonding between paired bases as they progress along the dna strand in a polar fashion (either 35 or 53) , and have been shown to be involved in many essential cellular processes , including replication , transcription , dna repair and translation (for reviews see west , 1996; bird et al . , 1998; lohman et al . , 1998; hall and matson , 1999) .
our previous studies used in vitro hepatic microsomal preparations suggested that dna helicases may be most likely to #catalyse the unwinding of dna to form the major metabolite 3-hydroxyquinine
dna helicases catalyzed the unwinding of dna by disrupting the hydrogen bonding between paired bases as they progress along the dna strand in a polar fashion (either 35 or 53) , and have been shown to be involved in many essential cellular processes , including replication , transcription , dna repair and translation (for reviews see west , 1996; bird et al . , 1998; lohman et al . , 1998; hall and matson , 1999) .
dna helicases #catalysed the unwinding of dna , a process that involves sequence-specific aav dna biding , strand-specific nicking and helicase activity under atp consumption (im and muzyczka , 1990 , 1992; brister and muzyczka , 1990 , 2000) .
our previous studies used in vitro hepatic microsomal preparations suggested that helicases which may #catalyse the disruption of hydrogen boding between complementary regions of nucleic acids can form the major metabolite 3-hydroxyquinine .
our previous studies used in vitro hepatic microsomal preparations suggested that dna helicases which was most likely to #catalyse the unwinding of dna can form the major metabolite 3-hydroxyquinine .
dna helicases may #catalyse the unwinding of dna , a process that involves sequence-specific aav dna biding , strand-specific nicking and helicase activity under atp consumption (im and muzyczka , 1990 , 1992; brister and muzyczka , 1990 , 2000) .
however , dna helicases that #catalyse the unwinding of dna up to 1000-fold less efficiently posses the entire rep52 and rep40 coding regions , respectively .
the disruption of hydrogen boding between complementary regions of nucleic acids is able to be #catalysed by helicases .
our previous studies used in vitro hepatic microsomal preparations suggested that the disruption of hydrogen boding between complementary regions of nucleic acids is able to be mostly #catalysed by helicases to form the major metabolite 3-hydroxyquinine .
dna helicases not only #catalysed the unwinding of dna , but also moved along nucleic acid strands in a polar fashion .
our previous studies used in vitro hepatic microsomal preparations suggested that dna helicases would be most likely to #catalyse the unwinding of dna to form the major metabolite 3-hydroxyquinine .
our previous studies used in vitro hepatic microsomal preparations suggested that the unwinding of dna has been mostly #catalysed by dna helicases to form the major metabolite 3-hydroxyquinine .
our previous studies used in vitro hepatic microsomal preparations suggested that the disruption of hydrogen boding between complementary regions of nucleic acids is mostly #catalysed by helicases to form the major metabolite 3-hydroxyquinine .
our previous studies used in vitro hepatic microsomal preparations suggested that dna helicases may mostly #catalyse the unwinding of dna to form the major metabolite 3-hydroxyquinine .
the disruption of hydrogen boding between complementary regions of nucleic acids were seemingly #catalysed by helicases moving along nucleic acid strands in a polar fashion .
dna helicases are observed to #catalyse the unwinding of dna , a process that involves sequence-specific aav dna biding , strand-specific nicking and helicase activity under atp consumption (im and muzyczka , 1990 , 1992; brister and muzyczka , 1990 , 2000) .
dna helicases can #catalyse the unwinding of dna , a process that involves sequence-specific aav dna biding , strand-specific nicking and helicase activity under atp consumption (im and muzyczka , 1990 , 1992; brister and muzyczka , 1990 , 2000) .
the unwinding of dna was #catalysed by dna helicases via disrupting the hydrogen bonding between paired bases as they progress along the dna strand in a polar fashion (either 35 or 53) , and have been shown to be involved in many essential cellular processes , including replication , transcription , dna repair and translation (for reviews see west , 1996; bird et al . , 1998; lohman et al . , 1998; hall and matson , 1999) .
our previous studies used in vitro hepatic microsomal preparations suggested that dna helicases which might #catalyse the unwinding of dna could form the major metabolite 3-hydroxyquinine .
the unwinding of dna may be #catalysed by dna helicases via disrupting the hydrogen bonding between paired bases as they progress along the dna strand in a polar fashion (either 35 or 53) , and have been shown to be involved in many essential cellular processes , including replication , transcription , dna repair and translation (for reviews see west , 1996; bird et al . , 1998; lohman et al . , 1998; hall and matson , 1999) .
however , it is interesting to note that helicases #catalysed the disruption of hydrogen boding between complementary regions of nucleic acids up to 1000-fold less efficiently , although they posses the entire rep52 and rep40 coding regions , respectively .
however , dna helicases being able to #catalyse the unwinding of dna up to 1000-fold less efficiently posses the entire rep52 and rep40 coding regions , respectively .
however , the disruption of hydrogen boding between complementary regions of nucleic acids was observed to be #catalysed by helicases up to 1000-fold less efficiently , although they posses the entire rep52 and rep40 coding regions , respectively .
the disruption of hydrogen boding between complementary regions of nucleic acids is shown to be #catalysed by helicases .
our previous studies used in vitro hepatic microsomal preparations suggested that helicases was most likely to #catalyse the disruption of hydrogen boding between complementary regions of nucleic acids to form the major metabolite 3-hydroxyquinine
the unwinding of dna has been #catalysed by dna helicases via disrupting the hydrogen bonding between paired bases as they progress along the dna strand in a polar fashion (either 35 or 53) , and have been shown to be involved in many essential cellular processes , including replication , transcription , dna repair and translation (for reviews see west , 1996; bird et al . , 1998; lohman et al . , 1998; hall and matson , 1999) .
however , it is interesting to note that dna helicases are shown to #catalyse the unwinding of dna up to 1000-fold less efficiently , although they posses the entire rep52 and rep40 coding regions , respectively .
our previous studies using in vitro hepatic microsomal preparations suggested that dna helicases which is most likely to #catalyse the unwinding of dna can form the major metabolite 3-hydroxyquinine .
our previous studies used in vitro hepatic microsomal preparations suggested that helicases could mostly #catalyse the disruption of hydrogen boding between complementary regions of nucleic acids to form the major metabolite 3-hydroxyquinine .
our previous studies used in vitro hepatic microsomal preparations suggested that dna helicases can mostly #catalyse the unwinding of dna to form the major metabolite 3-hydroxyquinine .
however , dna helicases which #catalyse the unwinding of dna up to 1000-fold less efficiently posses the entire rep52 and rep40 coding regions , respectively .
helicases #catalysed the disruption of hydrogen boding between complementary regions of nucleic acids , a process that involves sequence-specific aav dna biding , strand-specific nicking and helicase activity under atp consumption (im and muzyczka , 1990 , 1992; brister and muzyczka , 1990 , 2000) .
our previous studies used in vitro hepatic microsomal preparations suggested that dna helicases which mostly #catalysed the unwinding of dna can form the major metabolite 3-hydroxyquinine .
however , helicases which #catalyse the disruption of hydrogen boding between complementary regions of nucleic acids up to 1000-fold less efficiently posses the entire rep52 and rep40 coding regions , respectively .
our previous studies used in vitro hepatic microsomal preparations suggested that the unwinding of dna was most likely to be #catalysed by dna helicases to form the major metabolite 3-hydroxyquinine .
our previous studies used in vitro hepatic microsomal preparations suggested that the unwinding of dna can be mostly #catalysed by dna helicases to form the major metabolite 3-hydroxyquinine .
however , dna helicases which can #catalyse the unwinding of dna up to 1000-fold less efficiently posses the entire rep52 and rep40 coding regions , respectively .
the unwinding of dna is able to be #catalysed by dna helicases via disrupting the hydrogen bonding between paired bases as they progress along the dna strand in a polar fashion (either 35 or 53) , and have been shown to be involved in many essential cellular processes , including replication , transcription , dna repair and translation (for reviews see west , 1996; bird et al . , 1998; lohman et al . , 1998; hall and matson , 1999) .
however , the unwinding of dna was able to be #catalysed by dna helicases up to 1000-fold less efficiently , although they posses the entire rep52 and rep40 coding regions , respectively .
however , dna helicases which are able to #catalyse the unwinding of dna up to 1000-fold less efficiently posses the entire rep52 and rep40 coding regions , respectively .
our previous studies using in vitro hepatic microsomal preparations suggested that the unwinding of dna to form the major metabolite 3-hydroxyquinine is most likely #catalysed by dna helicases .
our previous studies used in vitro hepatic microsomal preparations suggested that helicases can mostly #catalyse the disruption of hydrogen boding between complementary regions of nucleic acids to form the major metabolite 3-hydroxyquinine .
however , the unwinding of dna is #catalysed by dna helicases up to 1000-fold less efficiently , although they posses the entire rep52 and rep40 coding regions , respectively .
our previous studies used in vitro hepatic microsomal preparations suggested that helicases will be most likely to #catalyse the disruption of hydrogen boding between complementary regions of nucleic acids to form the major metabolite 3-hydroxyquinine
however , helicases which are able to #catalyse the disruption of hydrogen boding between complementary regions of nucleic acids up to 1000-fold less efficiently posses the entire rep52 and rep40 coding regions , respectively .
the disruption of hydrogen boding between complementary regions of nucleic acids is believed to be #catalysed by helicases .
our previous studies used in vitro hepatic microsomal preparations suggested that helicases could be most likely to #catalyse the disruption of hydrogen boding between complementary regions of nucleic acids to form the major metabolite 3-hydroxyquinine .
however , helicases which may #catalyse the disruption of hydrogen boding between complementary regions of nucleic acids up to 1000-fold less efficiently posses the entire rep52 and rep40 coding regions , respectively .
our previous studies used in vitro hepatic microsomal preparations suggested that the two large virus-encoded rep proteins (rep78 and rep68) will be most likely to #catalyse the resolution of the covalently cosed aav termini to form the major metabolite 3-hydroxyquinine
our previous studies used in vitro hepatic microsomal preparations suggested that rep78 and rep68 which was able to #catalyse the packaging reaction could form the major metabolite 3-hydroxyquinine .
our previous studies used in vitro hepatic microsomal preparations suggested that rep78 and rep68 would be most likely to #catalyse the packaging reaction to form the major metabolite 3-hydroxyquinine .
the resolution of the covalently cosed aav termini is #catalysed by the two large virus-encoded rep proteins (rep78 and rep68) (im and muzyczka , 1990 , 1992; brister and muzyczka , 1990 , 2000) .
our previous studies using in vitro hepatic microsomal preparations suggested that the two large virus-encoded rep proteins (rep78 and rep68) which is most likely to #catalyse the resolution of the covalently cosed aav termini can form the major metabolite 3-hydroxyquinine .
the two large virus-encoded rep proteins (rep78 and rep68) have the ability to #catalyse the resolution of the covalently cosed aav termini , a process that involves sequence-specific aav dna biding , strand-specific nicking and helicase activity under atp consumption (im and muzyczka , 1990 , 1992; brister and muzyczka , 1990 , 2000) .
however , rep78 and rep68 that are able to #catalyse the packaging reaction up to 1000-fold less efficiently posses the entire rep52 and rep40 coding regions , respectively .
rep78 and rep68 may #catalyse the packaging reaction , a process that involves sequence-specific aav dna biding , strand-specific nicking and helicase activity under atp consumption (im and muzyczka , 1990 , 1992; brister and muzyczka , 1990 , 2000) .
our previous studies used in vitro hepatic microsomal preparations suggested that the two large virus-encoded rep proteins (rep78 and rep68) might mostly #catalyse the resolution of the covalently cosed aav termini to form the major metabolite 3-hydroxyquinine .
however , the resolution of the covalently cosed aav termini is believed to be #catalysed by the two large virus-encoded rep proteins (rep78 and rep68) up to 1000-fold less efficiently , although they posses the entire rep52 and rep40 coding regions , respectively .
our previous studies used in vitro hepatic microsomal preparations suggested that the resolution of the covalently cosed aav termini can be mostly #catalysed by the two large virus-encoded rep proteins (rep78 and rep68) to form the major metabolite 3-hydroxyquinine .
however , the resolution of the covalently cosed aav termini will be #catalysed by the two large virus-encoded rep proteins (rep78 and rep68) up to 1000-fold less efficiently , although they posses the entire rep52 and rep40 coding regions , respectively .
however , the packaging reaction has the probability to be #catalysed by rep78 and rep68 up to 1000-fold less efficiently , although they posses the entire rep52 and rep40 coding regions , respectively .
our previous studies used in vitro hepatic microsomal preparations suggested that the two large virus-encoded rep proteins (rep78 and rep68) which is able to #catalyse the resolution of the covalently cosed aav termini can form the major metabolite 3-hydroxyquinine .
however , the packaging reaction might be #catalysed by rep78 and rep68 up to 1000-fold less efficiently , although they posses the entire rep52 and rep40 coding regions , respectively .
rep78 and rep68 are observed to #catalyse the packaging reaction , a process that involves sequence-specific aav dna biding , strand-specific nicking and helicase activity under atp consumption (im and muzyczka , 1990 , 1992; brister and muzyczka , 1990 , 2000) .
the resolution of the covalently cosed aav termini can be #catalysed by the two large virus-encoded rep proteins (rep78 and rep68) (im and muzyczka , 1990 , 1992; brister and muzyczka , 1990 , 2000) .
however , the resolution of the covalently cosed aav termini is #catalysed by the two large virus-encoded rep proteins (rep78 and rep68) up to 1000-fold less efficiently , although they posses the entire rep52 and rep40 coding regions , respectively .
our previous studies used in vitro hepatic microsomal preparations suggested that the two large virus-encoded rep proteins (rep78 and rep68) would mostly #catalyse the resolution of the covalently cosed aav termini to form the major metabolite 3-hydroxyquinine .
our previous studies used in vitro hepatic microsomal preparations suggested that rep78 and rep68 may mostly #catalyse the packaging reaction to form the major metabolite 3-hydroxyquinine .
our previous studies using in vitro hepatic microsomal preparations suggested that the packaging reaction to form the major metabolite 3-hydroxyquinine is most likely #catalysed by rep78 and rep68 .
our previous studies used in vitro hepatic microsomal preparations suggested that the two large virus-encoded rep proteins (rep78 and rep68) was most likely to #catalyse the resolution of the covalently cosed aav termini to form the major metabolite 3-hydroxyquinine
however , the two large virus-encoded rep proteins (rep78 and rep68) which have the ability to #catalyse the resolution of the covalently cosed aav termini up to 1000-fold less efficiently posses the entire rep52 and rep40 coding regions , respectively .
however , it is interesting to note that the two large virus-encoded rep proteins (rep78 and rep68) #catalysed the resolution of the covalently cosed aav termini up to 1000-fold less efficiently , although they posses the entire rep52 and rep40 coding regions , respectively .
our previous studies used in vitro hepatic microsomal preparations suggested that the two large virus-encoded rep proteins (rep78 and rep68) which may #catalyse the resolution of the covalently cosed aav termini can form the major metabolite 3-hydroxyquinine .
the two large virus-encoded rep proteins (rep78 and rep68) will not only #catalyse the resolution of the covalently cosed aav termini , but also move along nucleic acid strands in a polar fashion .
our previous studies used in vitro hepatic microsomal preparations suggested that rep78 and rep68 might mostly #catalyse the packaging reaction to form the major metabolite 3-hydroxyquinine .
our previous studies used in vitro hepatic microsomal preparations suggested that the resolution of the covalently cosed aav termini is most likely to be #catalysed by the two large virus-encoded rep proteins (rep78 and rep68) to form the major metabolite 3-hydroxyquinine .
our previous studies used in vitro hepatic microsomal preparations suggested that rep78 and rep68 #catalysed the packaging reaction to form the major metabolite 3-hydroxyquinine .
our previous studies used in vitro hepatic microsomal preparations suggested that rep78 and rep68 can be most likely to #catalyse the packaging reaction to form the major metabolite 3-hydroxyquinine
however , the resolution of the covalently cosed aav termini has the probability to be #catalysed by the two large virus-encoded rep proteins (rep78 and rep68) up to 1000-fold less efficiently , although they posses the entire rep52 and rep40 coding regions , respectively .
the two large virus-encoded rep proteins (rep78 and rep68) can #catalyse the resolution of the covalently cosed aav termini , a process that involves sequence-specific aav dna biding , strand-specific nicking and helicase activity under atp consumption (im and muzyczka , 1990 , 1992; brister and muzyczka , 1990 , 2000) .
the two large virus-encoded rep proteins (rep78 and rep68) are believed to #catalyse the resolution of the covalently cosed aav termini , a process that involves sequence-specific aav dna biding , strand-specific nicking and helicase activity under atp consumption (im and muzyczka , 1990 , 1992; brister and muzyczka , 1990 , 2000) .
our previous studies used in vitro hepatic microsomal preparations suggested that the packaging reaction was most likely to be #catalysed by rep78 and rep68 to form the major metabolite 3-hydroxyquinine .
our previous studies used in vitro hepatic microsomal preparations suggested that rep78 and rep68 will be most likely to #catalyse the packaging reaction to form the major metabolite 3-hydroxyquinine
however , the packaging reaction is #catalysed by rep78 and rep68 up to 1000-fold less efficiently , although they posses the entire rep52 and rep40 coding regions , respectively .
however , it is interesting to note that the two large virus-encoded rep proteins (rep78 and rep68) are observed to #catalyse the resolution of the covalently cosed aav termini up to 1000-fold less efficiently , although they posses the entire rep52 and rep40 coding regions , respectively .
however , the resolution of the covalently cosed aav termini was #catalysed by the two large virus-encoded rep proteins (rep78 and rep68) up to 1000-fold less efficiently , although they posses the entire rep52 and rep40 coding regions , respectively .
our previous studies used in vitro hepatic microsomal preparations suggested that rep78 and rep68 would mostly #catalyse the packaging reaction to form the major metabolite 3-hydroxyquinine .
however , it is interesting to note that the two large virus-encoded rep proteins (rep78 and rep68) are shown to #catalyse the resolution of the covalently cosed aav termini up to 1000-fold less efficiently , although they posses the entire rep52 and rep40 coding regions , respectively .
however , the packaging reaction is believed to be #catalysed by rep78 and rep68 up to 1000-fold less efficiently , although they posses the entire rep52 and rep40 coding regions , respectively .
however , it is interesting to note that the two large virus-encoded rep proteins (rep78 and rep68) have the ability to #catalyse the resolution of the covalently cosed aav termini up to 1000-fold less efficiently , although they posses the entire rep52 and rep40 coding regions , respectively .
our previous studies used in vitro hepatic microsomal preparations suggested that the two large virus-encoded rep proteins (rep78 and rep68) was able to mostly #catalyse the resolution of the covalently cosed aav termini to form the major metabolite 3-hydroxyquinine .
however , rep78 and rep68 which have the ability to #catalyse the packaging reaction up to 1000-fold less efficiently posses the entire rep52 and rep40 coding regions , respectively .
our previous studies used in vitro hepatic microsomal preparations suggested that rep78 and rep68 was most likely to #catalyse the packaging reaction to form the major metabolite 3-hydroxyquinine
rep78 and rep68 can #catalyse the packaging reaction , a process that involves sequence-specific aav dna biding , strand-specific nicking and helicase activity under atp consumption (im and muzyczka , 1990 , 1992; brister and muzyczka , 1990 , 2000) .
however , it is interesting to note that rep78 and rep68 #catalyse the packaging reaction up to 1000-fold less efficiently , although they posses the entire rep52 and rep40 coding regions , respectively .
however , the two large virus-encoded rep proteins (rep78 and rep68) which may #catalyse the resolution of the covalently cosed aav termini up to 1000-fold less efficiently posses the entire rep52 and rep40 coding regions , respectively .
our previous studies used in vitro hepatic microsomal preparations suggested that rep78 and rep68 might be most likely to #catalyse the packaging reaction to form the major metabolite 3-hydroxyquinine .
our previous studies used in vitro hepatic microsomal preparations suggested that the two large virus-encoded rep proteins (rep78 and rep68) which was able to #catalyse the resolution of the covalently cosed aav termini could form the major metabolite 3-hydroxyquinine .
our previous studies used in vitro hepatic microsomal preparations suggested that rep78 and rep68 which is able to #catalyse the packaging reaction can form the major metabolite 3-hydroxyquinine .
our previous studies used in vitro hepatic microsomal preparations suggested that the resolution of the covalently cosed aav termini was mostly #catalysed by the two large virus-encoded rep proteins (rep78 and rep68) to form the major metabolite 3-hydroxyquinine .
rep78 and rep68 are believed to not only #catalyse the packaging reaction , but also move along nucleic acid strands in a polar fashion .
the resolution of the covalently cosed aav termini is able to be #catalysed by the two large virus-encoded rep proteins (rep78 and rep68) (im and muzyczka , 1990 , 1992; brister and muzyczka , 1990 , 2000) .
however , the two large virus-encoded rep proteins (rep78 and rep68) being able to #catalyse the resolution of the covalently cosed aav termini up to 1000-fold less efficiently posses the entire rep52 and rep40 coding regions , respectively .
the resolution of the covalently cosed aav termini was #catalysed by the two large virus-encoded rep proteins (rep78 and rep68) (im and muzyczka , 1990 , 1992; brister and muzyczka , 1990 , 2000) .
our previous studies used in vitro hepatic microsomal preparations suggested that the two large virus-encoded rep proteins (rep78 and rep68) can be most likely to #catalyse the resolution of the covalently cosed aav termini to form the major metabolite 3-hydroxyquinine
however , the resolution of the covalently cosed aav termini has been #catalysed by the two large virus-encoded rep proteins (rep78 and rep68) up to 1000-fold less efficiently , although they posses the entire rep52 and rep40 coding regions , respectively .
however , it is interesting to note that the two large virus-encoded rep proteins (rep78 and rep68) #catalyse the resolution of the covalently cosed aav termini up to 1000-fold less efficiently , although they posses the entire rep52 and rep40 coding regions , respectively .
however , the packaging reaction is observed to be #catalysed by rep78 and rep68 up to 1000-fold less efficiently , although they posses the entire rep52 and rep40 coding regions , respectively .
however , the packaging reaction was able to be #catalysed by rep78 and rep68 up to 1000-fold less efficiently , although they posses the entire rep52 and rep40 coding regions , respectively .
however , the resolution of the covalently cosed aav termini was able to be #catalysed by the two large virus-encoded rep proteins (rep78 and rep68) up to 1000-fold less efficiently , although they posses the entire rep52 and rep40 coding regions , respectively .
our previous studies used in vitro hepatic microsomal preparations suggested that rep78 and rep68 is most likely to #catalyse the packaging reaction to form the major metabolite 3-hydroxyquinine .
our previous studies used in vitro hepatic microsomal preparations suggested that the two large virus-encoded rep proteins (rep78 and rep68) usually #catalyses the resolution of the covalently cosed aav termini to form the major metabolite 3-hydroxyquinine .
the resolution of the covalently cosed aav termini was believed to be #catalysed by the two large virus-encoded rep proteins (rep78 and rep68) (im and muzyczka , 1990 , 1992; brister and muzyczka , 1990 , 2000) .
our previous studies used in vitro hepatic microsomal preparations suggested that rep78 and rep68 which may #catalyse the packaging reaction can form the major metabolite 3-hydroxyquinine .
however , it is interesting to note that rep78 and rep68 can #catalyse the packaging reaction up to 1000-fold less efficiently , although they posses the entire rep52 and rep40 coding regions , respectively .
our previous studies used in vitro hepatic microsomal preparations suggested that the two large virus-encoded rep proteins (rep78 and rep68) #catalysed the resolution of the covalently cosed aav termini to form the major metabolite 3-hydroxyquinine .
the two large virus-encoded rep proteins (rep78 and rep68) #catalysed the resolution of the covalently cosed aav termini , a process that involves sequence-specific aav dna biding , strand-specific nicking and helicase activity under atp consumption (im and muzyczka , 1990 , 1992; brister and muzyczka , 1990 , 2000) .
our previous studies used in vitro hepatic microsomal preparations suggested that the two large virus-encoded rep proteins (rep78 and rep68) could mostly #catalyse the resolution of the covalently cosed aav termini to form the major metabolite 3-hydroxyquinine .
however , it is interesting to note that rep78 and rep68 are shown to #catalyse the packaging reaction up to 1000-fold less efficiently , although they posses the entire rep52 and rep40 coding regions , respectively .
however , it is interesting to note that rep78 and rep68 are observed to #catalyse the packaging reaction up to 1000-fold less efficiently , although they posses the entire rep52 and rep40 coding regions , respectively .
our previous studies used in vitro hepatic microsomal preparations suggested that the two large virus-encoded rep proteins (rep78 and rep68) which was most likely to #catalyse the resolution of the covalently cosed aav termini can form the major metabolite 3-hydroxyquinine .
however , rep78 and rep68 which can #catalyse the packaging reaction up to 1000-fold less efficiently posses the entire rep52 and rep40 coding regions , respectively .
the two large virus-encoded rep proteins (rep78 and rep68) are believed to not only #catalyse the resolution of the covalently cosed aav termini , but also move along nucleic acid strands in a polar fashion .
however , the packaging reaction may be #catalysed by rep78 and rep68 up to 1000-fold less efficiently , although they posses the entire rep52 and rep40 coding regions , respectively .
our previous studies used in vitro hepatic microsomal preparations suggested that rep78 and rep68 will mostly #catalyse the packaging reaction to form the major metabolite 3-hydroxyquinine .
the two large virus-encoded rep proteins (rep78 and rep68) #catalyse the resolution of the covalently cosed aav termini , a process that involves sequence-specific aav dna biding , strand-specific nicking and helicase activity under atp consumption (im and muzyczka , 1990 , 1992; brister and muzyczka , 1990 , 2000) .
our previous studies used in vitro hepatic microsomal preparations suggested that the two large virus-encoded rep proteins (rep78 and rep68) may mostly #catalyse the resolution of the covalently cosed aav termini to form the major metabolite 3-hydroxyquinine .
our previous studies used in vitro hepatic microsomal preparations suggested that the two large virus-encoded rep proteins (rep78 and rep68) which might #catalyse the resolution of the covalently cosed aav termini could form the major metabolite 3-hydroxyquinine .
the two large virus-encoded rep proteins (rep78 and rep68) are observed to #catalyse the resolution of the covalently cosed aav termini , a process that involves sequence-specific aav dna biding , strand-specific nicking and helicase activity under atp consumption (im and muzyczka , 1990 , 1992; brister and muzyczka , 1990 , 2000) .
the two large virus-encoded rep proteins (rep78 and rep68) not only #catalysed the resolution of the covalently cosed aav termini , but also moved along nucleic acid strands in a polar fashion .
however , the two large virus-encoded rep proteins (rep78 and rep68) which can #catalyse the resolution of the covalently cosed aav termini up to 1000-fold less efficiently posses the entire rep52 and rep40 coding regions , respectively .
however , rep78 and rep68 that #catalysed the packaging reaction up to 1000-fold less efficiently posses the entire rep52 and rep40 coding regions , respectively .
rep78 and rep68 #catalyse the packaging reaction , a process that involves sequence-specific aav dna biding , strand-specific nicking and helicase activity under atp consumption (im and muzyczka , 1990 , 1992; brister and muzyczka , 1990 , 2000) .
our previous studies used in vitro hepatic microsomal preparations suggested that rep78 and rep68 usually #catalyses the packaging reaction to form the major metabolite 3-hydroxyquinine .
our previous studies used in vitro hepatic microsomal preparations suggested that the resolution of the covalently cosed aav termini has been mostly #catalysed by the two large virus-encoded rep proteins (rep78 and rep68) to form the major metabolite 3-hydroxyquinine .
however , the resolution of the covalently cosed aav termini may be #catalysed by the two large virus-encoded rep proteins (rep78 and rep68) up to 1000-fold less efficiently , although they posses the entire rep52 and rep40 coding regions , respectively .
our previous studies used in vitro hepatic microsomal preparations suggested that rep78 and rep68 can mostly #catalyse the packaging reaction to form the major metabolite 3-hydroxyquinine .
the resolution of the covalently cosed aav termini may be #catalysed by the two large virus-encoded rep proteins (rep78 and rep68) (im and muzyczka , 1990 , 1992; brister and muzyczka , 1990 , 2000) .
however , the resolution of the covalently cosed aav termini is able to be #catalysed by the two large virus-encoded rep proteins (rep78 and rep68) up to 1000-fold less efficiently , although they posses the entire rep52 and rep40 coding regions , respectively .
