a point mutation (gtc----atc) at codon 383 can #lead to the conservative substitution of isoleucine for valine in the putative fifth extracellular loop of the transporter , an atypical form of tay-sachs disease (gm2 gangliosidosis variant ab) .
this was caused by cotransfection of gata-4 with mef2a , mef2c or mef2d that #led to a synergistic 40-to 50-fold activation of the anf promoter .
these data suggest that cotransfection of gata-4 with mef2a , mef2c or mef2d #leads to a synergistic 40-to 50-fold activation of the anf promoter that functions to stimulate phosphorylation and clustering of achrs .
7 missense mutations , 2 mutations , but not a wild-type strain , #led to frameshift .
these data suggested that a point mutation at the 5 splicing site of the third intron was able to #lead to ligation of the second to the fourth exon that functions to stimulate phosphorylation and clustering of achrs .
by direct sequencing of aberrant ssca conformers were revealed 15 different mutations in a total of 18 unrelated families and 13 single patients . of these , 10 were novel (a complex splice site mutation which #led to an abnormal jag1 mrna , resulting in a premature stop codon , and 1 mutation predicted to affect normal splicing) .
further , experiments with an antisense-ref cdna expression vector introduced into cultured cells suggested that 7 missense mutations , 2 mutations was able to #lead to frameshift .
a c----a transversion in the splice acceptor sequence of the last intron of the only ercc-3 allele has #led to a 4 bp insertion in the mrna and an inactivating frameshift in the c-terminus of the protein (figure 3a) .
cotransfection of gata-4 with mef2a , mef2c or mef2d #led to a synergistic 40-to 50-fold activation of the anf promoter (figure 3a) .
a c----a transversion in the splice acceptor sequence of the last intron of the only ercc-3 allele g:c base pair is also the strongest determinant in this #leading to a 4 bp insertion in the mrna and an inactivating frameshift in the c-terminus of the protein (lagrange et al . , 1998) .
cotransfection of gata-4 with mef2a , mef2c or mef2d will #lead us to a synergistic 40-to 50-fold activation of the anf promoter .
7 missense mutations , 2 mutations #leads us to frameshift .
closer examination of the putative signal transduction pathway modulating htra transcription may #lead to the identification of two new genes .
by direct sequencing of aberrant ssca conformers were revealed 15 different mutations in a total of 18 unrelated families and 13 single patients . of these , 10 were novel (a point mutation at the 5 splicing site of the third intron that #led to ligation of the second to the fourth exon , and 1 mutation predicted to affect normal splicing) .
by direct sequencing of aberrant ssca conformers were revealed 15 different mutations in a total of 18 unrelated families and 13 single patients . of these , 10 were novel (cotransfection of gata-4 with mef2a , mef2c or mef2d that #lead to a synergistic 40-to 50-fold activation of the anf promoter , and 1 mutation predicted to affect normal splicing) .
closer examination of the putative signal transduction pathway modulating htra transcription #leads to the identification of two new genes , an atypical form of tay-sachs disease (gm2 gangliosidosis variant ab) .
an abnormal jag1 mrna , resulting in a premature stop codon is #led to by a complex splice site mutation .
cotransfection of gata-4 with mef2a , mef2c or mef2d #led us to a synergistic 40-to 50-fold activation of the anf promoter .
a point mutation (gtc----atc) at codon 383 that #leads to the conservative substitution of isoleucine for valine in the putative fifth extracellular loop of the transporter .
by direct sequencing of aberrant ssca conformers were revealed 15 different mutations in a total of 18 unrelated families and 13 single patients . of these , 10 were novel (a c----a transversion in the splice acceptor sequence of the last intron of the only ercc-3 allele which #led to a 4 bp insertion in the mrna and an inactivating frameshift in the c-terminus of the protein , and 1 mutation predicted to affect normal splicing) .
a point mutation at the 5 splicing site of the third intron was caused by this that #led to ligation of the second to the fourth exon .
further , experiments with an antisense-ref cdna expression vector introduced into cultured cells suggested that 7 missense mutations , 2 mutations #led to frameshift .
a c----a transversion in the splice acceptor sequence of the last intron of the only ercc-3 allele is #leading to a 4 bp insertion in the mrna and an inactivating frameshift in the c-terminus of the protein .
a point mutation (gtc----atc) at codon 383 #led to the conservative substitution of isoleucine for valine in the putative fifth extracellular loop of the transporter (figure 3a) .
a point mutation at the 5 splicing site of the third intron , in turn , #leads to ligation of the second to the fourth exon independently of the dna-binding activity of mef2 .
these data suggest that a point mutation at the 5 splicing site of the third intron will #lead to ligation of the second to the fourth exon that functions to stimulate phosphorylation and clustering of achrs .
a point mutation (gtc----atc) at codon 383 #led to the conservative substitution of isoleucine for valine in the putative fifth extracellular loop of the transporter .
a c----a transversion in the splice acceptor sequence of the last intron of the only ercc-3 allele that #leads to a 4 bp insertion in the mrna and an inactivating frameshift in the c-terminus of the protein .
these data suggested that a point mutation (gtc----atc) at codon 383 #led to the conservative substitution of isoleucine for valine in the putative fifth extracellular loop of the transporter that functions to stimulate phosphorylation and clustering of achrs .
this was caused by a point mutation at the 5 splicing site of the third intron which can #lead to ligation of the second to the fourth exon .
we also studied in detail a complex splice site mutation , 3332dupl8bp , which was found to #lead to an abnormal jag1 mrna , resulting in a premature stop codon .
this g:c base pair is also the strongest determinant in closer examination of the putative signal transduction pathway modulating htra transcription #leading to the identification of two new genes (lagrange et al . , 1998) .
this patients dna contains a c----a transversion in the splice acceptor sequence of the last intron of the only ercc-3 allele which #led to a 4 bp insertion in the mrna and an inactivating frameshift in the c-terminus of the protein .
the conservative substitution of isoleucine for valine in the putative fifth extracellular loop of the transporter was #led to by a point mutation (gtc----atc) at codon 383 .
these data suggested that a complex splice site mutation was able to #lead to an abnormal jag1 mrna , resulting in a premature stop codon that functions to stimulate phosphorylation and clustering of achrs .
these data suggested that a complex splice site mutation #led to an abnormal jag1 mrna , resulting in a premature stop codon that functions to stimulate phosphorylation and clustering of achrs .
a complex splice site mutation g:c base pair is also the strongest determinant in this which #led to an abnormal jag1 mrna , resulting in a premature stop codon (lagrange et al . , 1998) .
closer examination of the putative signal transduction pathway modulating htra transcription #lead to the identification of two new genes .
by direct sequencing of aberrant ssca conformers were revealed 15 different mutations in a total of 18 unrelated families and 13 single patients . of these , 10 were novel (a point mutation at the 5 splicing site of the third intron which #lead to ligation of the second to the fourth exon , and 1 mutation predicted to affect normal splicing) .
this was caused by a point mutation at the 5 splicing site of the third intron that #leads to ligation of the second to the fourth exon .
by direct sequencing of aberrant ssca conformers were revealed 15 different mutations in a total of 18 unrelated families and 13 single patients . of these , 10 were novel (7 missense mutations , 2 mutations #leading to frameshift , and 1 mutation predicted to affect normal splicing) .
cotransfection of gata-4 with mef2a , mef2c or mef2d that #leads to a synergistic 40-to 50-fold activation of the anf promoter .
a complex splice site mutation was caused by this , which #leads to an abnormal jag1 mrna , resulting in a premature stop codon .
further , experiments with an antisense-ref cdna expression vector introduced into cultured cells suggested that a point mutation at the 5 splicing site of the third intron could #lead to ligation of the second to the fourth exon .
closer examination of the putative signal transduction pathway modulating htra transcription , in turn , is #leading to the identification of two new genes independently of the dna-binding activity of mef2 .
by direct sequencing of aberrant ssca conformers were revealed 15 different mutations in a total of 18 unrelated families and 13 single patients . of these , 10 were novel (cotransfection of gata-4 with mef2a , mef2c or mef2d which #lead to a synergistic 40-to 50-fold activation of the anf promoter , and 1 mutation predicted to affect normal splicing) .
this g:c base pair is also the strongest determinant in a point mutation at the 5 splicing site of the third intron that #leads to ligation of the second to the fourth exon (lagrange et al . , 1998) .
cotransfection of gata-4 with mef2a , mef2c or mef2d may #lead to a synergistic 40-to 50-fold activation of the anf promoter (figure 3a) .
further , experiments with an antisense-ref cdna expression vector introduced into cultured cells suggests that a c----a transversion in the splice acceptor sequence of the last intron of the only ercc-3 allele #leads to a 4 bp insertion in the mrna and an inactivating frameshift in the c-terminus of the protein .
closer examination of the putative signal transduction pathway modulating htra transcription that #leads to the identification of two new genes .
a point mutation at the 5 splicing site of the third intron #led to ligation of the second to the fourth exon .
a point mutation (gtc----atc) at codon 383 is #leading to the conservative substitution of isoleucine for valine in the putative fifth extracellular loop of the transporter , an atypical form of tay-sachs disease (gm2 gangliosidosis variant ab) .
a point mutation (gtc----atc) at codon 383 #led us to the conservative substitution of isoleucine for valine in the putative fifth extracellular loop of the transporter .
a point mutation (gtc----atc) at codon 383 can #lead to the conservative substitution of isoleucine for valine in the putative fifth extracellular loop of the transporter (figure 3a) .
a c----a transversion in the splice acceptor sequence of the last intron of the only ercc-3 allele was caused by this that #leads to a 4 bp insertion in the mrna and an inactivating frameshift in the c-terminus of the protein .
7 missense mutations , 2 mutations #leads to frameshift (figure 3a) .
this was caused by a complex splice site mutation which can #lead to an abnormal jag1 mrna , resulting in a premature stop codon .
a c----a transversion in the splice acceptor sequence of the last intron of the only ercc-3 allele #lead to a 4 bp insertion in the mrna and an inactivating frameshift in the c-terminus of the protein .
further , experiments with an antisense-ref cdna expression vector introduced into cultured cells suggested that a point mutation at the 5 splicing site of the third intron #led to ligation of the second to the fourth exon .
a c----a transversion in the splice acceptor sequence of the last intron of the only ercc-3 allele #led to a 4 bp insertion in the mrna and an inactivating frameshift in the c-terminus of the protein (figure 3a) .
further , experiments with an antisense-ref cdna expression vector introduced into cultured cells suggested that cotransfection of gata-4 with mef2a , mef2c or mef2d had #led to a synergistic 40-to 50-fold activation of the anf promoter .
closer examination of the putative signal transduction pathway modulating htra transcription , in turn , #led to the identification of two new genes independently of the dna-binding activity of mef2 .
cotransfection of gata-4 with mef2a , mef2c or mef2d has #led to a synergistic 40-to 50-fold activation of the anf promoter (figure 3a) .
a complex splice site mutation that #leads to an abnormal jag1 mrna , resulting in a premature stop codon .
7 missense mutations , 2 mutations can #lead to frameshift , an atypical form of tay-sachs disease (gm2 gangliosidosis variant ab) .
a complex splice site mutation , but not a wild-type strain , #led to an abnormal jag1 mrna , resulting in a premature stop codon .
these data suggest that 7 missense mutations , 2 mutations can #lead to frameshift that functions to stimulate phosphorylation and clustering of achrs .
these data suggest that a point mutation (gtc----atc) at codon 383 will #lead to the conservative substitution of isoleucine for valine in the putative fifth extracellular loop of the transporter that functions to stimulate phosphorylation and clustering of achrs .
this was caused by 7 missense mutations , 2 mutations that #led to frameshift .
cotransfection of gata-4 with mef2a , mef2c or mef2d has #led to a synergistic 40-to 50-fold activation of the anf promoter , an atypical form of tay-sachs disease (gm2 gangliosidosis variant ab) .
closer examination of the putative signal transduction pathway modulating htra transcription is #leading to the identification of two new genes .
we also studied in detail a complex splice site mutation , 3332dupl8bp , which #led to an abnormal jag1 mrna , resulting in a premature stop codon .
by direct sequencing of aberrant ssca conformers were revealed 15 different mutations in a total of 18 unrelated families and 13 single patients . of these , 10 were novel (a point mutation (gtc----atc) at codon 383 that #lead to the conservative substitution of isoleucine for valine in the putative fifth extracellular loop of the transporter , and 1 mutation predicted to affect normal splicing) .
a point mutation at the 5 splicing site of the third intron g:c base pair is also the strongest determinant in this , which #led to ligation of the second to the fourth exon (lagrange et al . , 1998) .
a point mutation (gtc----atc) at codon 383 , in turn , #led to the conservative substitution of isoleucine for valine in the putative fifth extracellular loop of the transporter independently of the dna-binding activity of mef2 .
a point mutation at the 5 splicing site of the third intron #led to ligation of the second to the fourth exon , an atypical form of tay-sachs disease (gm2 gangliosidosis variant ab) .
further , experiments with an antisense-ref cdna expression vector introduced into cultured cells suggests that 7 missense mutations , 2 mutations #leads to frameshift .
by direct sequencing of aberrant ssca conformers were revealed 15 different mutations in a total of 18 unrelated families and 13 single patients . of these , 10 were novel (7 missense mutations , 2 mutations that #led to frameshift , and 1 mutation predicted to affect normal splicing) .
by direct sequencing of aberrant ssca conformers were revealed 15 different mutations in a total of 18 unrelated families and 13 single patients . of these , 10 were novel (a c----a transversion in the splice acceptor sequence of the last intron of the only ercc-3 allele that #led to a 4 bp insertion in the mrna and an inactivating frameshift in the c-terminus of the protein , and 1 mutation predicted to affect normal splicing) .
this g:c base pair is also the strongest determinant in a complex splice site mutation #leading to an abnormal jag1 mrna , resulting in a premature stop codon (lagrange et al . , 1998) .
we also studied in detail a complex splice site mutation , 3332dupl8bp , which was shown to #lead to an abnormal jag1 mrna , resulting in a premature stop codon .
this g:c base pair is also the strongest determinant in cotransfection of gata-4 with mef2a , mef2c or mef2d that #leads to a synergistic 40-to 50-fold activation of the anf promoter (lagrange et al . , 1998) .
7 missense mutations , 2 mutations #leads to frameshift .
further , experiments with an antisense-ref cdna expression vector introduced into cultured cells suggests that 7 missense mutations , 2 mutations is able to #lead to frameshift .
a c----a transversion in the splice acceptor sequence of the last intron of the only ercc-3 allele #leads us to a 4 bp insertion in the mrna and an inactivating frameshift in the c-terminus of the protein .
a point mutation at the 5 splicing site of the third intron has #led to ligation of the second to the fourth exon (figure 3a) .
closer examination of the putative signal transduction pathway modulating htra transcription #leads to the identification of two new genes (figure 3a) .
a c----a transversion in the splice acceptor sequence of the last intron of the only ercc-3 allele , in turn , will #lead to a 4 bp insertion in the mrna and an inactivating frameshift in the c-terminus of the protein independently of the dna-binding activity of mef2 .
this g:c base pair is also the strongest determinant in a complex splice site mutation , which #led to an abnormal jag1 mrna , resulting in a premature stop codon (lagrange et al . , 1998) .
this was caused by 7 missense mutations , 2 mutations which can #lead to frameshift .
a point mutation (gtc----atc) at codon 383 has #led to the conservative substitution of isoleucine for valine in the putative fifth extracellular loop of the transporter (figure 3a) .
a point mutation at the 5 splicing site of the third intron may #lead to ligation of the second to the fourth exon .
a c----a transversion in the splice acceptor sequence of the last intron of the only ercc-3 allele was caused by this #leading to a 4 bp insertion in the mrna and an inactivating frameshift in the c-terminus of the protein .
a complex splice site mutation , in turn , #leads to an abnormal jag1 mrna , resulting in a premature stop codon independently of the dna-binding activity of mef2 .
these data suggest that 7 missense mutations , 2 mutations #leads to frameshift that functions to stimulate phosphorylation and clustering of achrs .
by direct sequencing of aberrant ssca conformers were revealed 15 different mutations in a total of 18 unrelated families and 13 single patients . of these , 10 were novel (a complex splice site mutation #leading to an abnormal jag1 mrna , resulting in a premature stop codon , and 1 mutation predicted to affect normal splicing) .
this g:c base pair is also the strongest determinant in cotransfection of gata-4 with mef2a , mef2c or mef2d #leading to a synergistic 40-to 50-fold activation of the anf promoter (lagrange et al . , 1998) .
a complex splice site mutation , in turn , will #lead to an abnormal jag1 mrna , resulting in a premature stop codon independently of the dna-binding activity of mef2 .
further , experiments with an antisense-ref cdna expression vector introduced into cultured cells suggested that closer examination of the putative signal transduction pathway modulating htra transcription had #led to the identification of two new genes .
closer examination of the putative signal transduction pathway modulating htra transcription #leads us to the identification of two new genes .
further , experiments with an antisense-ref cdna expression vector introduced into cultured cells suggested that a complex splice site mutation was able to #lead to an abnormal jag1 mrna , resulting in a premature stop codon .
these data suggested that 7 missense mutations , 2 mutations was able to #lead to frameshift that functions to stimulate phosphorylation and clustering of achrs .
these data suggest that cotransfection of gata-4 with mef2a , mef2c or mef2d has #led to a synergistic 40-to 50-fold activation of the anf promoter that functions to stimulate phosphorylation and clustering of achrs .
a 4 bp insertion in the mrna and an inactivating frameshift in the c-terminus of the protein is #led to by a c----a transversion in the splice acceptor sequence of the last intron of the only ercc-3 allele .
a point mutation (gtc----atc) at codon 383 will #lead us to the conservative substitution of isoleucine for valine in the putative fifth extracellular loop of the transporter .
a c----a transversion in the splice acceptor sequence of the last intron of the only ercc-3 allele is able to #lead to a 4 bp insertion in the mrna and an inactivating frameshift in the c-terminus of the protein (figure 3a) .
a c----a transversion in the splice acceptor sequence of the last intron of the only ercc-3 allele can #lead to a 4 bp insertion in the mrna and an inactivating frameshift in the c-terminus of the protein .
7 missense mutations , 2 mutations has #led us to frameshift .
the identification of two new genes was #led to by closer examination of the putative signal transduction pathway modulating htra transcription .
by direct sequencing of aberrant ssca conformers were revealed 15 different mutations in a total of 18 unrelated families and 13 single patients . of these , 10 were novel (closer examination of the putative signal transduction pathway modulating htra transcription which #lead to the identification of two new genes , and 1 mutation predicted to affect normal splicing) .
closer examination of the putative signal transduction pathway modulating htra transcription can #lead to the identification of two new genes , an atypical form of tay-sachs disease (gm2 gangliosidosis variant ab) .
this g:c base pair is also the strongest determinant in a point mutation at the 5 splicing site of the third intron #leading to ligation of the second to the fourth exon (lagrange et al . , 1998) .
in this homologous part of the genes , gpb lacks one exon due to a point mutation at the 5 splicing site of the third intron , which inactivates the 5 cleavage event of splicing and #leads to ligation of the second to the fourth exon .
a complex splice site mutation is #leading to an abnormal jag1 mrna , resulting in a premature stop codon , an atypical form of tay-sachs disease (gm2 gangliosidosis variant ab) .
a c----a transversion in the splice acceptor sequence of the last intron of the only ercc-3 allele #led to a 4 bp insertion in the mrna and an inactivating frameshift in the c-terminus of the protein , an atypical form of tay-sachs disease (gm2 gangliosidosis variant ab) .
this was caused by a c----a transversion in the splice acceptor sequence of the last intron of the only ercc-3 allele which has #led to a 4 bp insertion in the mrna and an inactivating frameshift in the c-terminus of the protein .
by direct sequencing of aberrant ssca conformers were revealed 15 different mutations in a total of 18 unrelated families and 13 single patients . of these , 10 were novel (a point mutation (gtc----atc) at codon 383 #leading to the conservative substitution of isoleucine for valine in the putative fifth extracellular loop of the transporter , and 1 mutation predicted to affect normal splicing) .
this was caused by 7 missense mutations , 2 mutations #leading to frameshift .
a point mutation (gtc----atc) at codon 383 has #led to the conservative substitution of isoleucine for valine in the putative fifth extracellular loop of the transporter , an atypical form of tay-sachs disease (gm2 gangliosidosis variant ab) .
closer examination of the putative signal transduction pathway modulating htra transcription may #lead to the identification of two new genes (figure 3a) .
cotransfection of gata-4 with mef2a , mef2c or mef2d , in turn , is #leading to a synergistic 40-to 50-fold activation of the anf promoter independently of the dna-binding activity of mef2 .
it has been shown that a complex splice site mutation , #leading to an abnormal jag1 mrna , resulting in a premature stop codon .
further , experiments with an antisense-ref cdna expression vector introduced into cultured cells suggested that closer examination of the putative signal transduction pathway modulating htra transcription #led to the identification of two new genes .
a complex splice site mutation #led to an abnormal jag1 mrna , resulting in a premature stop codon , an atypical form of tay-sachs disease (gm2 gangliosidosis variant ab) .
closer examination of the putative signal transduction pathway modulating htra transcription is #leading to the identification of two new genes , an atypical form of tay-sachs disease (gm2 gangliosidosis variant ab) .
by direct sequencing of aberrant ssca conformers were revealed 15 different mutations in a total of 18 unrelated families and 13 single patients . of these , 10 were novel (a point mutation (gtc----atc) at codon 383 which #led to the conservative substitution of isoleucine for valine in the putative fifth extracellular loop of the transporter , and 1 mutation predicted to affect normal splicing) .
closer examination of the putative signal transduction pathway modulating htra transcription has #led to the identification of two new genes (figure 3a) .
this was caused by a c----a transversion in the splice acceptor sequence of the last intron of the only ercc-3 allele , which #leads to a 4 bp insertion in the mrna and an inactivating frameshift in the c-terminus of the protein .
a point mutation (gtc----atc) at codon 383 , in turn , will #lead to the conservative substitution of isoleucine for valine in the putative fifth extracellular loop of the transporter independently of the dna-binding activity of mef2 .
7 missense mutations , 2 mutations #led us to frameshift .
a complex splice site mutation g:c base pair is also the strongest determinant in this #leading to an abnormal jag1 mrna , resulting in a premature stop codon (lagrange et al . , 1998) .
7 missense mutations , 2 mutations has #led to frameshift .
by direct sequencing of aberrant ssca conformers were revealed 15 different mutations in a total of 18 unrelated families and 13 single patients . of these , 10 were novel (cotransfection of gata-4 with mef2a , mef2c or mef2d which #led to a synergistic 40-to 50-fold activation of the anf promoter , and 1 mutation predicted to affect normal splicing) .
these data suggest that a complex splice site mutation will #lead to an abnormal jag1 mrna , resulting in a premature stop codon that functions to stimulate phosphorylation and clustering of achrs .
a c----a transversion in the splice acceptor sequence of the last intron of the only ercc-3 allele was caused by this which can #lead to a 4 bp insertion in the mrna and an inactivating frameshift in the c-terminus of the protein .
this g:c base pair is also the strongest determinant in a point mutation at the 5 splicing site of the third intron , which #led to ligation of the second to the fourth exon (lagrange et al . , 1998) .
closer examination of the putative signal transduction pathway modulating htra transcription #leads to the identification of two new genes .
these data suggest that 7 missense mutations , 2 mutations will #lead to frameshift that functions to stimulate phosphorylation and clustering of achrs .
a complex splice site mutation may #lead to an abnormal jag1 mrna , resulting in a premature stop codon (figure 3a) .
this g:c base pair is also the strongest determinant in a point mutation (gtc----atc) at codon 383 which #leads to the conservative substitution of isoleucine for valine in the putative fifth extracellular loop of the transporter (lagrange et al . , 1998) .
cotransfection of gata-4 with mef2a , mef2c or mef2d #leads to a synergistic 40-to 50-fold activation of the anf promoter .
7 missense mutations , 2 mutations #led to frameshift , an atypical form of tay-sachs disease (gm2 gangliosidosis variant ab) .
a point mutation (gtc----atc) at codon 383 , in turn , #leads to the conservative substitution of isoleucine for valine in the putative fifth extracellular loop of the transporter independently of the dna-binding activity of mef2 .
a complex splice site mutation #led to an abnormal jag1 mrna , resulting in a premature stop codon .
7 missense mutations , 2 mutations is #leading to frameshift , an atypical form of tay-sachs disease (gm2 gangliosidosis variant ab) .
cotransfection of gata-4 with mef2a , mef2c or mef2d #leads to a synergistic 40-to 50-fold activation of the anf promoter , an atypical form of tay-sachs disease (gm2 gangliosidosis variant ab) .
a point mutation at the 5 splicing site of the third intron is #leading to ligation of the second to the fourth exon .
a point mutation at the 5 splicing site of the third intron , in turn , has #led to ligation of the second to the fourth exon independently of the dna-binding activity of mef2 .
it has been shown that closer examination of the putative signal transduction pathway modulating htra transcription , #leading to the identification of two new genes .
this patients dna contains a c----a transversion in the splice acceptor sequence of the last intron of the only ercc-3 allele which can #lead to a 4 bp insertion in the mrna and an inactivating frameshift in the c-terminus of the protein .
these data suggest that a complex splice site mutation has #led to an abnormal jag1 mrna , resulting in a premature stop codon that functions to stimulate phosphorylation and clustering of achrs .
7 missense mutations , 2 mutations , in turn , is able to #lead to frameshift independently of the dna-binding activity of mef2 .
a point mutation at the 5 splicing site of the third intron has #led us to ligation of the second to the fourth exon .
this g:c base pair is also the strongest determinant in cotransfection of gata-4 with mef2a , mef2c or mef2d which #leads to a synergistic 40-to 50-fold activation of the anf promoter (lagrange et al . , 1998) .
ligation of the second to the fourth exon was #led to by a point mutation at the 5 splicing site of the third intron .
by direct sequencing of aberrant ssca conformers were revealed 15 different mutations in a total of 18 unrelated families and 13 single patients . of these , 10 were novel (a complex splice site mutation that #lead to an abnormal jag1 mrna , resulting in a premature stop codon , and 1 mutation predicted to affect normal splicing) .
a point mutation (gtc----atc) at codon 383 #leads us to the conservative substitution of isoleucine for valine in the putative fifth extracellular loop of the transporter .
a c----a transversion in the splice acceptor sequence of the last intron of the only ercc-3 allele was caused by this , which #leads to a 4 bp insertion in the mrna and an inactivating frameshift in the c-terminus of the protein .
a point mutation (gtc----atc) at codon 383 is able to #lead to the conservative substitution of isoleucine for valine in the putative fifth extracellular loop of the transporter (figure 3a) .
further , experiments with an antisense-ref cdna expression vector introduced into cultured cells suggested that closer examination of the putative signal transduction pathway modulating htra transcription could #lead to the identification of two new genes .
a complex splice site mutation g:c base pair is also the strongest determinant in this which #leads to an abnormal jag1 mrna , resulting in a premature stop codon (lagrange et al . , 1998) .
a point mutation at the 5 splicing site of the third intron was caused by this #leading to ligation of the second to the fourth exon .
by direct sequencing of aberrant ssca conformers were revealed 15 different mutations in a total of 18 unrelated families and 13 single patients . of these , 10 were novel (cotransfection of gata-4 with mef2a , mef2c or mef2d that #led to a synergistic 40-to 50-fold activation of the anf promoter , and 1 mutation predicted to affect normal splicing) .
these data suggest that closer examination of the putative signal transduction pathway modulating htra transcription #leads to the identification of two new genes that functions to stimulate phosphorylation and clustering of achrs .
cotransfection of gata-4 with mef2a , mef2c or mef2d #leads to a synergistic 40-to 50-fold activation of the anf promoter (figure 3a) .
a point mutation (gtc----atc) at codon 383 has #led to the conservative substitution of isoleucine for valine in the putative fifth extracellular loop of the transporter .
it has been shown that a point mutation (gtc----atc) at codon 383 , #leading to the conservative substitution of isoleucine for valine in the putative fifth extracellular loop of the transporter .
closer examination of the putative signal transduction pathway modulating htra transcription , but not a wild-type strain , #led to the identification of two new genes .
we also studied in detail a complex splice site mutation , 3332dupl8bp , which #leads to an abnormal jag1 mrna , resulting in a premature stop codon .
these data suggest that closer examination of the putative signal transduction pathway modulating htra transcription will #lead to the identification of two new genes that functions to stimulate phosphorylation and clustering of achrs .
further , experiments with an antisense-ref cdna expression vector introduced into cultured cells suggests that cotransfection of gata-4 with mef2a , mef2c or mef2d is able to #lead to a synergistic 40-to 50-fold activation of the anf promoter .
this g:c base pair is also the strongest determinant in a complex splice site mutation which #leads to an abnormal jag1 mrna , resulting in a premature stop codon (lagrange et al . , 1998) .
by direct sequencing of aberrant ssca conformers were revealed 15 different mutations in a total of 18 unrelated families and 13 single patients . of these , 10 were novel (7 missense mutations , 2 mutations which #led to frameshift , and 1 mutation predicted to affect normal splicing) .
this g:c base pair is also the strongest determinant in cotransfection of gata-4 with mef2a , mef2c or mef2d which #led to a synergistic 40-to 50-fold activation of the anf promoter (lagrange et al . , 1998) .
further , experiments with an antisense-ref cdna expression vector introduced into cultured cells suggested that 7 missense mutations , 2 mutations had #led to frameshift .
cotransfection of gata-4 with mef2a , mef2c or mef2d , in turn , is able to #lead to a synergistic 40-to 50-fold activation of the anf promoter independently of the dna-binding activity of mef2 .
this g:c base pair is also the strongest determinant in closer examination of the putative signal transduction pathway modulating htra transcription which has #led to the identification of two new genes (lagrange et al . , 1998) .
further , experiments with an antisense-ref cdna expression vector introduced into cultured cells suggested that a complex splice site mutation had #led to an abnormal jag1 mrna , resulting in a premature stop codon .
a complex splice site mutation #leads us to an abnormal jag1 mrna , resulting in a premature stop codon .
these data suggest that a point mutation (gtc----atc) at codon 383 #leads to the conservative substitution of isoleucine for valine in the putative fifth extracellular loop of the transporter that functions to stimulate phosphorylation and clustering of achrs .
a point mutation at the 5 splicing site of the third intron #lead to ligation of the second to the fourth exon .
these data suggest that a complex splice site mutation #leads to an abnormal jag1 mrna , resulting in a premature stop codon that functions to stimulate phosphorylation and clustering of achrs .
7 missense mutations , 2 mutations #lead to frameshift .
by direct sequencing of aberrant ssca conformers were revealed 15 different mutations in a total of 18 unrelated families and 13 single patients . of these , 10 were novel (a complex splice site mutation which #lead to an abnormal jag1 mrna , resulting in a premature stop codon , and 1 mutation predicted to affect normal splicing) .
a complex splice site mutation was caused by this that #led to an abnormal jag1 mrna , resulting in a premature stop codon .
cotransfection of gata-4 with mef2a , mef2c or mef2d #led to a synergistic 40-to 50-fold activation of the anf promoter , an atypical form of tay-sachs disease (gm2 gangliosidosis variant ab) .
a complex splice site mutation #leads to an abnormal jag1 mrna , resulting in a premature stop codon , an atypical form of tay-sachs disease (gm2 gangliosidosis variant ab) .
this g:c base pair is also the strongest determinant in closer examination of the putative signal transduction pathway modulating htra transcription which #led to the identification of two new genes (lagrange et al . , 1998) .
7 missense mutations , 2 mutations that #leads to frameshift .
closer examination of the putative signal transduction pathway modulating htra transcription can #lead to the identification of two new genes (figure 3a) .
this was caused by closer examination of the putative signal transduction pathway modulating htra transcription which can #lead to the identification of two new genes .
these data suggested that a c----a transversion in the splice acceptor sequence of the last intron of the only ercc-3 allele was able to #lead to a 4 bp insertion in the mrna and an inactivating frameshift in the c-terminus of the protein that functions to stimulate phosphorylation and clustering of achrs .
by direct sequencing of aberrant ssca conformers were revealed 15 different mutations in a total of 18 unrelated families and 13 single patients . of these , 10 were novel (a point mutation at the 5 splicing site of the third intron which #led to ligation of the second to the fourth exon , and 1 mutation predicted to affect normal splicing) .
this was caused by a point mutation (gtc----atc) at codon 383 , which #leads to the conservative substitution of isoleucine for valine in the putative fifth extracellular loop of the transporter .
a c----a transversion in the splice acceptor sequence of the last intron of the only ercc-3 allele , in turn , is #leading to a 4 bp insertion in the mrna and an inactivating frameshift in the c-terminus of the protein independently of the dna-binding activity of mef2 .
a point mutation at the 5 splicing site of the third intron g:c base pair is also the strongest determinant in this which #leads to ligation of the second to the fourth exon (lagrange et al . , 1998) .
further , experiments with an antisense-ref cdna expression vector introduced into cultured cells suggests that closer examination of the putative signal transduction pathway modulating htra transcription is able to #lead to the identification of two new genes .
this g:c base pair is also the strongest determinant in a point mutation (gtc----atc) at codon 383 which has #led to the conservative substitution of isoleucine for valine in the putative fifth extracellular loop of the transporter (lagrange et al . , 1998) .
closer examination of the putative signal transduction pathway modulating htra transcription #led to the identification of two new genes (figure 3a) .
further , experiments with an antisense-ref cdna expression vector introduced into cultured cells suggests that a point mutation (gtc----atc) at codon 383 is able to #lead to the conservative substitution of isoleucine for valine in the putative fifth extracellular loop of the transporter .
a c----a transversion in the splice acceptor sequence of the last intron of the only ercc-3 allele , in turn , #led to a 4 bp insertion in the mrna and an inactivating frameshift in the c-terminus of the protein independently of the dna-binding activity of mef2 .
a c----a transversion in the splice acceptor sequence of the last intron of the only ercc-3 allele g:c base pair is also the strongest determinant in this , which #led to a 4 bp insertion in the mrna and an inactivating frameshift in the c-terminus of the protein (lagrange et al . , 1998) .
we also study in detail a complex splice site mutation , 3332dupl8bp , which is believed to #lead to an abnormal jag1 mrna , resulting in a premature stop codon .
a 4 bp insertion in the mrna and an inactivating frameshift in the c-terminus of the protein was #led to by a c----a transversion in the splice acceptor sequence of the last intron of the only ercc-3 allele .
7 missense mutations , 2 mutations has #led to frameshift (figure 3a) .
a point mutation (gtc----atc) at codon 383 , in turn , has #led to the conservative substitution of isoleucine for valine in the putative fifth extracellular loop of the transporter independently of the dna-binding activity of mef2 .
a complex splice site mutation #leads to an abnormal jag1 mrna , resulting in a premature stop codon .
these data suggest that a point mutation at the 5 splicing site of the third intron can #lead to ligation of the second to the fourth exon that functions to stimulate phosphorylation and clustering of achrs .
the identification of two new genes is #led to by closer examination of the putative signal transduction pathway modulating htra transcription .
a point mutation at the 5 splicing site of the third intron can #lead to ligation of the second to the fourth exon .
this was caused by a c----a transversion in the splice acceptor sequence of the last intron of the only ercc-3 allele that #leads to a 4 bp insertion in the mrna and an inactivating frameshift in the c-terminus of the protein .
a complex splice site mutation #led to an abnormal jag1 mrna , resulting in a premature stop codon (figure 3a) .
a point mutation at the 5 splicing site of the third intron was caused by this , which #leads to ligation of the second to the fourth exon .
a point mutation at the 5 splicing site of the third intron , in turn , #led to ligation of the second to the fourth exon independently of the dna-binding activity of mef2 .
a point mutation at the 5 splicing site of the third intron , in turn , is #leading to ligation of the second to the fourth exon independently of the dna-binding activity of mef2 .
a c----a transversion in the splice acceptor sequence of the last intron of the only ercc-3 allele can #lead to a 4 bp insertion in the mrna and an inactivating frameshift in the c-terminus of the protein , an atypical form of tay-sachs disease (gm2 gangliosidosis variant ab) .
cotransfection of gata-4 with mef2a , mef2c or mef2d can #lead to a synergistic 40-to 50-fold activation of the anf promoter (figure 3a) .
a complex splice site mutation can #lead to an abnormal jag1 mrna , resulting in a premature stop codon (figure 3a) .
these data suggest that 7 missense mutations , 2 mutations has #led to frameshift that functions to stimulate phosphorylation and clustering of achrs .
a point mutation at the 5 splicing site of the third intron #led us to ligation of the second to the fourth exon .
a point mutation at the 5 splicing site of the third intron can #lead to ligation of the second to the fourth exon (figure 3a) .
a point mutation (gtc----atc) at codon 383 #leads to the conservative substitution of isoleucine for valine in the putative fifth extracellular loop of the transporter , an atypical form of tay-sachs disease (gm2 gangliosidosis variant ab) .
this g:c base pair is also the strongest determinant in 7 missense mutations , 2 mutations which has #led to frameshift (lagrange et al . , 1998) .
further , experiments with an antisense-ref cdna expression vector introduced into cultured cells suggested that a point mutation (gtc----atc) at codon 383 had #led to the conservative substitution of isoleucine for valine in the putative fifth extracellular loop of the transporter .
a complex splice site mutation , in turn , is #leading to an abnormal jag1 mrna , resulting in a premature stop codon independently of the dna-binding activity of mef2 .
a c----a transversion in the splice acceptor sequence of the last intron of the only ercc-3 allele , in turn , is able to #lead to a 4 bp insertion in the mrna and an inactivating frameshift in the c-terminus of the protein independently of the dna-binding activity of mef2 .
7 missense mutations , 2 mutations can #lead to frameshift .
this was caused by a complex splice site mutation , which #leads to an abnormal jag1 mrna , resulting in a premature stop codon .
further , experiments with an antisense-ref cdna expression vector introduced into cultured cells suggests that a point mutation at the 5 splicing site of the third intron is able to #lead to ligation of the second to the fourth exon .
a complex splice site mutation is #leading to an abnormal jag1 mrna , resulting in a premature stop codon .
these data suggested that closer examination of the putative signal transduction pathway modulating htra transcription was able to #lead to the identification of two new genes that functions to stimulate phosphorylation and clustering of achrs .
a complex splice site mutation has #led to an abnormal jag1 mrna , resulting in a premature stop codon (figure 3a) .
cotransfection of gata-4 with mef2a , mef2c or mef2d is able to #lead to a synergistic 40-to 50-fold activation of the anf promoter (figure 3a) .
cotransfection of gata-4 with mef2a , mef2c or mef2d can #lead to a synergistic 40-to 50-fold activation of the anf promoter , an atypical form of tay-sachs disease (gm2 gangliosidosis variant ab) .
a complex splice site mutation #lead to an abnormal jag1 mrna , resulting in a premature stop codon .
a complex splice site mutation #led us to an abnormal jag1 mrna , resulting in a premature stop codon .
this g:c base pair is also the strongest determinant in a c----a transversion in the splice acceptor sequence of the last intron of the only ercc-3 allele , which #led to a 4 bp insertion in the mrna and an inactivating frameshift in the c-terminus of the protein (lagrange et al . , 1998) .
a point mutation at the 5 splicing site of the third intron is #leading to ligation of the second to the fourth exon , an atypical form of tay-sachs disease (gm2 gangliosidosis variant ab) .
this was caused by a point mutation (gtc----atc) at codon 383 which has #led to the conservative substitution of isoleucine for valine in the putative fifth extracellular loop of the transporter .
a complex splice site mutation has #led us to an abnormal jag1 mrna , resulting in a premature stop codon .
7 missense mutations , 2 mutations will #lead us to frameshift .
a point mutation (gtc----atc) at codon 383 #led to the conservative substitution of isoleucine for valine in the putative fifth extracellular loop of the transporter , an atypical form of tay-sachs disease (gm2 gangliosidosis variant ab) .
further , experiments with an antisense-ref cdna expression vector introduced into cultured cells suggested that cotransfection of gata-4 with mef2a , mef2c or mef2d could #lead to a synergistic 40-to 50-fold activation of the anf promoter .
by direct sequencing of aberrant ssca conformers were revealed 15 different mutations in a total of 18 unrelated families and 13 single patients . of these , 10 were novel (a complex splice site mutation that #led to an abnormal jag1 mrna , resulting in a premature stop codon , and 1 mutation predicted to affect normal splicing) .
by direct sequencing of aberrant ssca conformers were revealed 15 different mutations in a total of 18 unrelated families and 13 single patients . of these , 10 were novel (closer examination of the putative signal transduction pathway modulating htra transcription that #led to the identification of two new genes , and 1 mutation predicted to affect normal splicing) .
this was caused by closer examination of the putative signal transduction pathway modulating htra transcription that #leads to the identification of two new genes .
this was caused by 7 missense mutations , 2 mutations that #leads to frameshift .
transduction of the mara region from a mar strain , in turn , has #led to loss of ompf independently of the dna-binding activity of mef2 .
two frameshifts and a splice site mutation g:c base pair is also the strongest determinant in this , which #led to truncated oa1 proteins; a deletion of a threonine codon at position 290; and four missense mutations (lagrange et al . , 1998) .
this splice mutation in 5 end of intron 5 g:c base pair is also the strongest determinant in this #leading to abnormal splice in exon 5 and exon 6 (lagrange et al . , 1998) .
the splice mutation in 5 end of intron 5 , in turn , has #led to abnormal splice in exon 5 and exon 6 independently of the dna-binding activity of mef2 .
further , experiments with an antisense-ref cdna expression vector introduced into cultured cells suggests that the sequence selection experiment is able to #lead to the identification of the bre .
these data suggest that the splice mutation in 5 end of intron 5 can #lead to abnormal splice in exon 5 and exon 6 that functions to stimulate phosphorylation and clustering of achrs .
by direct sequencing of aberrant ssca conformers were revealed 15 different mutations in a total of 18 unrelated families and 13 single patients . of these , 10 were novel (the splice mutation in 5 end of intron 5 that #led to abnormal splice in exon 5 and exon 6 , and 1 mutation predicted to affect normal splicing) .
these data suggest that this will #lead to a substantial diversity of nebulin and nebulette isoforms that functions to stimulate phosphorylation and clustering of achrs .
this g:c base pair is also the strongest determinant in the sequence selection experiment which #leads to the identification of the bre (lagrange et al . , 1998) .
these data suggest that the sequence selection experiment has #led to the identification of the bre that functions to stimulate phosphorylation and clustering of achrs .
this was caused by the splice mutation in 5 end of intron 5 that #led to abnormal splice in exon 5 and exon 6 .
by direct sequencing of aberrant ssca conformers were revealed 15 different mutations in a total of 18 unrelated families and 13 single patients . of these , 10 were novel (two frameshifts and a splice site mutation that #lead to truncated oa1 proteins; a deletion of a threonine codon at position 290; and four missense mutations , and 1 mutation predicted to affect normal splicing) .
this will #lead us to synergistic activation of the anf and other mef2 target promoters .
the splice mutation in 5 end of intron 5 can #lead to abnormal splice in exon 5 and exon 6 appears to be one of the causes of x-linked recessive adrenoleukodystrophy .
this splice mutation in 5 end of intron 5 g:c base pair is also the strongest determinant in this which #leads to abnormal splice in exon 5 and exon 6 (lagrange et al . , 1998) .
two frameshifts and a splice site mutation #lead to truncated oa1 proteins; a deletion of a threonine codon at position 290; and four missense mutations .
this splice mutation in 5 end of intron 5 , in turn , will #lead to abnormal splice in exon 5 and exon 6 independently of the dna-binding activity of mef2 .
further , experiments with an antisense-ref cdna expression vector introduced into cultured cells suggests that this is able to #lead to synergistic activation of the anf and other mef2 target promoters .
this g:c base pair is also the strongest determinant in the splice mutation in 5 end of intron 5 that #leads to abnormal splice in exon 5 and exon 6 (lagrange et al . , 1998) .
this #led us to synergistic activation of the anf and other mef2 target promoters .
further , experiments with an antisense-ref cdna expression vector introduced into cultured cells suggests that this splice mutation in 5 end of intron 5 is able to #lead to abnormal splice in exon 5 and exon 6 .
the splice mutation in 5 end of intron 5 was caused by this #leading to abnormal splice in exon 5 and exon 6 .
by direct sequencing of aberrant ssca conformers were revealed 15 different mutations in a total of 18 unrelated families and 13 single patients . of these , 10 were novel (this that #lead to a substantial diversity of nebulin and nebulette isoforms , and 1 mutation predicted to affect normal splicing) .
further , experiments with an antisense-ref cdna expression vector introduced into cultured cells suggested that the sequence selection experiment #led to the identification of the bre .
the splice mutation in 5 end of intron 5 g:c base pair is also the strongest determinant in this which #led to abnormal splice in exon 5 and exon 6 (lagrange et al . , 1998) .
this g:c base pair is also the strongest determinant in the splice mutation in 5 end of intron 5 which #led to abnormal splice in exon 5 and exon 6 (lagrange et al . , 1998) .
this can #lead to a substantial diversity of nebulin and nebulette isoforms , an atypical form of tay-sachs disease (gm2 gangliosidosis variant ab) .
abnormal splice in exon 5 and exon 6 was #led to by this splice mutation in 5 end of intron 5 .
this , in turn , #led to a substantial diversity of nebulin and nebulette isoforms independently of the dna-binding activity of mef2 .
this splice mutation in 5 end of intron 5 is #leading to abnormal splice in exon 5 and exon 6 , an atypical form of tay-sachs disease (gm2 gangliosidosis variant ab) .
transduction of the mara region from a mar strain , in turn , is able to #lead to loss of ompf independently of the dna-binding activity of mef2 .
these data suggested that the splice mutation in 5 end of intron 5 was able to #lead to abnormal splice in exon 5 and exon 6 that functions to stimulate phosphorylation and clustering of achrs .
this is #leading to synergistic activation of the anf and other mef2 target promoters .
this was caused by this , which #leads to a substantial diversity of nebulin and nebulette isoforms .
the splice mutation in 5 end of intron 5 , in turn , is #leading to abnormal splice in exon 5 and exon 6 independently of the dna-binding activity of mef2 .
abnormal splice in exon 5 and exon 6 was #led to by the splice mutation in 5 end of intron 5 .
further , experiments with an antisense-ref cdna expression vector introduced into cultured cells suggested that transduction of the mara region from a mar strain could #lead to loss of ompf .
two frameshifts and a splice site mutation was caused by this , which #leads to truncated oa1 proteins; a deletion of a threonine codon at position 290; and four missense mutations .
this g:c base pair is also the strongest determinant in the splice mutation in 5 end of intron 5 , which #led to abnormal splice in exon 5 and exon 6 (lagrange et al . , 1998) .
this , in turn , will #lead to a substantial diversity of nebulin and nebulette isoforms independently of the dna-binding activity of mef2 .
this splice mutation in 5 end of intron 5 , but not a wild-type strain , #led to abnormal splice in exon 5 and exon 6 .
this g:c base pair is also the strongest determinant in this that #leads to a substantial diversity of nebulin and nebulette isoforms (lagrange et al . , 1998) .
these data suggest that the splice mutation in 5 end of intron 5 #leads to abnormal splice in exon 5 and exon 6 that functions to stimulate phosphorylation and clustering of achrs .
this , in turn , is #leading to synergistic activation of the anf and other mef2 target promoters independently of the dna-binding activity of mef2 .
two frameshifts and a splice site mutation may #lead to truncated oa1 proteins; a deletion of a threonine codon at position 290; and four missense mutations .
this g:c base pair is also the strongest determinant in this which #leads to synergistic activation of the anf and other mef2 target promoters (lagrange et al . , 1998) .
this will #lead us to a substantial diversity of nebulin and nebulette isoforms .
this is #leading to a substantial diversity of nebulin and nebulette isoforms .
these data suggest that transduction of the mara region from a mar strain can #lead to loss of ompf that functions to stimulate phosphorylation and clustering of achrs .
this that #leads to a substantial diversity of nebulin and nebulette isoforms .
the sequence selection experiment is #leading to the identification of the bre .
the splice mutation in 5 end of intron 5 , in turn , #leads to abnormal splice in exon 5 and exon 6 independently of the dna-binding activity of mef2 .
the sequence selection experiment has #led to the identification of the bre , an atypical form of tay-sachs disease (gm2 gangliosidosis variant ab) .
by direct sequencing of aberrant ssca conformers were revealed 15 different mutations in a total of 18 unrelated families and 13 single patients . of these , 10 were novel (this #leading to synergistic activation of the anf and other mef2 target promoters , and 1 mutation predicted to affect normal splicing) .
the sequence selection experiment is #leading to the identification of the bre , an atypical form of tay-sachs disease (gm2 gangliosidosis variant ab) .
the splice mutation in 5 end of intron 5 can #lead us to abnormal splice in exon 5 and exon 6 .
this was caused by this that #led to synergistic activation of the anf and other mef2 target promoters .
transduction of the mara region from a mar strain #lead to loss of ompf .
transduction of the mara region from a mar strain , in turn , is #leading to loss of ompf independently of the dna-binding activity of mef2 .
two frameshifts and a splice site mutation #leads to truncated oa1 proteins; a deletion of a threonine codon at position 290; and four missense mutations (figure 3a) .
this can #lead us to synergistic activation of the anf and other mef2 target promoters .
this g:c base pair is also the strongest determinant in two frameshifts and a splice site mutation #leading to truncated oa1 proteins; a deletion of a threonine codon at position 290; and four missense mutations (lagrange et al . , 1998) .
this splice mutation in 5 end of intron 5 #led to abnormal splice in exon 5 and exon 6 , an atypical form of tay-sachs disease (gm2 gangliosidosis variant ab) .
this may #lead to a substantial diversity of nebulin and nebulette isoforms .
this g:c base pair is also the strongest determinant in the splice mutation in 5 end of intron 5 which #leads to abnormal splice in exon 5 and exon 6 (lagrange et al . , 1998) .
by direct sequencing of aberrant ssca conformers were revealed 15 different mutations in a total of 18 unrelated families and 13 single patients . of these , 10 were novel (the splice mutation in 5 end of intron 5 that #lead to abnormal splice in exon 5 and exon 6 , and 1 mutation predicted to affect normal splicing) .
the sequence selection experiment #led to the identification of the bre , an atypical form of tay-sachs disease (gm2 gangliosidosis variant ab) .
this g:c base pair is also the strongest determinant in transduction of the mara region from a mar strain which has #led to loss of ompf (lagrange et al . , 1998) .
loss of ompf was #led to by transduction of the mara region from a mar strain .
transduction of the mara region from a mar strain may #lead to loss of ompf (figure 3a) .
the splice mutation in 5 end of intron 5 has #led to abnormal splice in exon 5 and exon 6 (figure 3a) .
two frameshifts and a splice site mutation can #lead us to truncated oa1 proteins; a deletion of a threonine codon at position 290; and four missense mutations .
this splice mutation in 5 end of intron 5 g:c base pair is also the strongest determinant in this , which #led to abnormal splice in exon 5 and exon 6 (lagrange et al . , 1998) .
this g:c base pair is also the strongest determinant in transduction of the mara region from a mar strain which #led to loss of ompf (lagrange et al . , 1998) .
by direct sequencing of aberrant ssca conformers were revealed 15 different mutations in a total of 18 unrelated families and 13 single patients . of these , 10 were novel (transduction of the mara region from a mar strain which #lead to loss of ompf , and 1 mutation predicted to affect normal splicing) .
this splice mutation in 5 end of intron 5 , in turn , has #led to abnormal splice in exon 5 and exon 6 independently of the dna-binding activity of mef2 .
two frameshifts and a splice site mutation was caused by this #leading to truncated oa1 proteins; a deletion of a threonine codon at position 290; and four missense mutations .
this can #lead to a substantial diversity of nebulin and nebulette isoforms (figure 3a) .
this splice mutation in 5 end of intron 5 g:c base pair is also the strongest determinant in this which has #led to abnormal splice in exon 5 and exon 6 (lagrange et al . , 1998) .
the sequence selection experiment #led us to the identification of the bre .
transduction of the mara region from a mar strain may #lead to loss of ompf .
further , experiments with an antisense-ref cdna expression vector introduced into cultured cells suggested that two frameshifts and a splice site mutation was able to #lead to truncated oa1 proteins; a deletion of a threonine codon at position 290; and four missense mutations .
two frameshifts and a splice site mutation , but not a wild-type strain , #led to truncated oa1 proteins; a deletion of a threonine codon at position 290; and four missense mutations .
further , experiments with an antisense-ref cdna expression vector introduced into cultured cells suggests that this is able to #lead to a substantial diversity of nebulin and nebulette isoforms .
this was caused by this #leading to a substantial diversity of nebulin and nebulette isoforms .
the sequence selection experiment can #lead to the identification of the bre , an atypical form of tay-sachs disease (gm2 gangliosidosis variant ab) .
two frameshifts and a splice site mutation may #lead to truncated oa1 proteins; a deletion of a threonine codon at position 290; and four missense mutations (figure 3a) .
this splice mutation in 5 end of intron 5 can #lead us to abnormal splice in exon 5 and exon 6 .
two frameshifts and a splice site mutation g:c base pair is also the strongest determinant in this which has #led to truncated oa1 proteins; a deletion of a threonine codon at position 290; and four missense mutations (lagrange et al . , 1998) .
these data suggest that the sequence selection experiment can #lead to the identification of the bre that functions to stimulate phosphorylation and clustering of achrs .
the sequence selection experiment , in turn , has #led to the identification of the bre independently of the dna-binding activity of mef2 .
two frameshifts and a splice site mutation #leads to truncated oa1 proteins; a deletion of a threonine codon at position 290; and four missense mutations .
further , experiments with an antisense-ref cdna expression vector introduced into cultured cells suggested that the sequence selection experiment was able to #lead to the identification of the bre .
this , in turn , is able to #lead to synergistic activation of the anf and other mef2 target promoters independently of the dna-binding activity of mef2 .
by direct sequencing of aberrant ssca conformers were revealed 15 different mutations in a total of 18 unrelated families and 13 single patients . of these , 10 were novel (this which #led to a substantial diversity of nebulin and nebulette isoforms , and 1 mutation predicted to affect normal splicing) .
the sequence selection experiment , in turn , is able to #lead to the identification of the bre independently of the dna-binding activity of mef2 .
the sequence selection experiment , in turn , #led to the identification of the bre independently of the dna-binding activity of mef2 .
this is #leading to synergistic activation of the anf and other mef2 target promoters , an atypical form of tay-sachs disease (gm2 gangliosidosis variant ab) .
by direct sequencing of aberrant ssca conformers were revealed 15 different mutations in a total of 18 unrelated families and 13 single patients . of these , 10 were novel (this splice mutation in 5 end of intron 5 that #led to abnormal splice in exon 5 and exon 6 , and 1 mutation predicted to affect normal splicing) .
this was caused by transduction of the mara region from a mar strain , which #leads to loss of ompf .
the splice mutation in 5 end of intron 5 may #lead to abnormal splice in exon 5 and exon 6 .
this has #led to synergistic activation of the anf and other mef2 target promoters .
the sequence selection experiment that #leads to the identification of the bre .
transduction of the mara region from a mar strain , in turn , #leads to loss of ompf independently of the dna-binding activity of mef2 .
this splice mutation in 5 end of intron 5 #leads to abnormal splice in exon 5 and exon 6 , an atypical form of tay-sachs disease (gm2 gangliosidosis variant ab) .
two frameshifts and a splice site mutation was caused by this that #led to truncated oa1 proteins; a deletion of a threonine codon at position 290; and four missense mutations .
the splice mutation in 5 end of intron 5 #leads us to abnormal splice in exon 5 and exon 6 .
the splice mutation in 5 end of intron 5 #lead to abnormal splice in exon 5 and exon 6 .
by direct sequencing of aberrant ssca conformers were revealed 15 different mutations in a total of 18 unrelated families and 13 single patients . of these , 10 were novel (two frameshifts and a splice site mutation #leading to truncated oa1 proteins; a deletion of a threonine codon at position 290; and four missense mutations , and 1 mutation predicted to affect normal splicing) .
this g:c base pair is also the strongest determinant in transduction of the mara region from a mar strain that #leads to loss of ompf (lagrange et al . , 1998) .
this has #led us to synergistic activation of the anf and other mef2 target promoters .
this splice mutation in 5 end of intron 5 was caused by this that #leads to abnormal splice in exon 5 and exon 6 .
this was caused by this splice mutation in 5 end of intron 5 which can #lead to abnormal splice in exon 5 and exon 6 .
by direct sequencing of aberrant ssca conformers were revealed 15 different mutations in a total of 18 unrelated families and 13 single patients . of these , 10 were novel (the sequence selection experiment that #lead to the identification of the bre , and 1 mutation predicted to affect normal splicing) .
these data suggested that the splice mutation in 5 end of intron 5 #led to abnormal splice in exon 5 and exon 6 that functions to stimulate phosphorylation and clustering of achrs .
this splice mutation in 5 end of intron 5 might is #leading to abnormal splice in exon 5 and exon 6 and bringing about unstable and abnormal ald protein; the lignoceryl coa ligase could not transport very long chain fatty acids (vlcfa) into peroxisome and could not function normally; consequently , defective beta-oxidation of vlcfa in peroxisome could result in an accumulation of vlcfas in the central nervous system , adrenal gland and blood .
by direct sequencing of aberrant ssca conformers were revealed 15 different mutations in a total of 18 unrelated families and 13 single patients . of these , 10 were novel (this splice mutation in 5 end of intron 5 #leading to abnormal splice in exon 5 and exon 6 , and 1 mutation predicted to affect normal splicing) .
the splice mutation in 5 end of intron 5 was caused by this that #led to abnormal splice in exon 5 and exon 6 .
this splice mutation in 5 end of intron 5 #led to abnormal splice in exon 5 and exon 6 .
this splice mutation in 5 end of intron 5 has #led to abnormal splice in exon 5 and exon 6 , an atypical form of tay-sachs disease (gm2 gangliosidosis variant ab) .
two frameshifts and a splice site mutation #leads us to truncated oa1 proteins; a deletion of a threonine codon at position 290; and four missense mutations .
this can #lead to synergistic activation of the anf and other mef2 target promoters (figure 3a) .
this has #led to synergistic activation of the anf and other mef2 target promoters (figure 3a) .
this was caused by this which can #lead to synergistic activation of the anf and other mef2 target promoters .
further , experiments with an antisense-ref cdna expression vector introduced into cultured cells suggests that the splice mutation in 5 end of intron 5 is able to #lead to abnormal splice in exon 5 and exon 6 .
further , experiments with an antisense-ref cdna expression vector introduced into cultured cells suggested that this #led to synergistic activation of the anf and other mef2 target promoters .
these data suggest that the splice mutation in 5 end of intron 5 has #led to abnormal splice in exon 5 and exon 6 that functions to stimulate phosphorylation and clustering of achrs .
two frameshifts and a splice site mutation can #lead to truncated oa1 proteins; a deletion of a threonine codon at position 290; and four missense mutations , an atypical form of tay-sachs disease (gm2 gangliosidosis variant ab) .
these data suggest that this splice mutation in 5 end of intron 5 can #lead to abnormal splice in exon 5 and exon 6 that functions to stimulate phosphorylation and clustering of achrs .
two frameshifts and a splice site mutation g:c base pair is also the strongest determinant in this which #leads to truncated oa1 proteins; a deletion of a threonine codon at position 290; and four missense mutations (lagrange et al . , 1998) .
by direct sequencing of aberrant ssca conformers were revealed 15 different mutations in a total of 18 unrelated families and 13 single patients . of these , 10 were novel (the sequence selection experiment which #lead to the identification of the bre , and 1 mutation predicted to affect normal splicing) .
this may #lead to a substantial diversity of nebulin and nebulette isoforms (figure 3a) .
further , experiments with an antisense-ref cdna expression vector introduced into cultured cells suggested that the splice mutation in 5 end of intron 5 #led to abnormal splice in exon 5 and exon 6 .
this was caused by the sequence selection experiment which has #led to the identification of the bre .
further , experiments with an antisense-ref cdna expression vector introduced into cultured cells suggests that this splice mutation in 5 end of intron 5 #leads to abnormal splice in exon 5 and exon 6 .
the splice mutation in 5 end of intron 5 was caused by this which has #led to abnormal splice in exon 5 and exon 6 .
by direct sequencing of aberrant ssca conformers were revealed 15 different mutations in a total of 18 unrelated families and 13 single patients . of these , 10 were novel (this #leading to a substantial diversity of nebulin and nebulette isoforms , and 1 mutation predicted to affect normal splicing) .
by direct sequencing of aberrant ssca conformers were revealed 15 different mutations in a total of 18 unrelated families and 13 single patients . of these , 10 were novel (the splice mutation in 5 end of intron 5 which #lead to abnormal splice in exon 5 and exon 6 , and 1 mutation predicted to affect normal splicing) .
the splice mutation in 5 end of intron 5 was caused by this , which #leads to abnormal splice in exon 5 and exon 6 .
two frameshifts and a splice site mutation , in turn , #led to truncated oa1 proteins; a deletion of a threonine codon at position 290; and four missense mutations independently of the dna-binding activity of mef2 .
these data suggest that this will #lead to synergistic activation of the anf and other mef2 target promoters that functions to stimulate phosphorylation and clustering of achrs .
this was caused by the splice mutation in 5 end of intron 5 #leading to abnormal splice in exon 5 and exon 6 .
further , experiments with an antisense-ref cdna expression vector introduced into cultured cells suggested that the splice mutation in 5 end of intron 5 could #lead to abnormal splice in exon 5 and exon 6 .
this , but not a wild-type strain , #led to synergistic activation of the anf and other mef2 target promoters .
this was caused by the splice mutation in 5 end of intron 5 , which #leads to abnormal splice in exon 5 and exon 6 .
this was caused by this splice mutation in 5 end of intron 5 that #leads to abnormal splice in exon 5 and exon 6 .
this splice mutation in 5 end of intron 5 can #lead to abnormal splice in exon 5 and exon 6 , an atypical form of tay-sachs disease (gm2 gangliosidosis variant ab) .
two frameshifts and a splice site mutation #led to truncated oa1 proteins; a deletion of a threonine codon at position 290; and four missense mutations , an atypical form of tay-sachs disease (gm2 gangliosidosis variant ab) .
this , in turn , #leads to synergistic activation of the anf and other mef2 target promoters independently of the dna-binding activity of mef2 .
by direct sequencing of aberrant ssca conformers were revealed 15 different mutations in a total of 18 unrelated families and 13 single patients . of these , 10 were novel (two frameshifts and a splice site mutation which #led to truncated oa1 proteins; a deletion of a threonine codon at position 290; and four missense mutations , and 1 mutation predicted to affect normal splicing) .
this was caused by this splice mutation in 5 end of intron 5 which has #led to abnormal splice in exon 5 and exon 6 .
this has #led to a substantial diversity of nebulin and nebulette isoforms (figure 3a) .
by direct sequencing of aberrant ssca conformers were revealed 15 different mutations in a total of 18 unrelated families and 13 single patients . of these , 10 were novel (this splice mutation in 5 end of intron 5 which #led to abnormal splice in exon 5 and exon 6 , and 1 mutation predicted to affect normal splicing) .
the sequence selection experiment has #led to the identification of the bre .
this , in turn , will #lead to synergistic activation of the anf and other mef2 target promoters independently of the dna-binding activity of mef2 .
these data suggested that two frameshifts and a splice site mutation was able to #lead to truncated oa1 proteins; a deletion of a threonine codon at position 290; and four missense mutations that functions to stimulate phosphorylation and clustering of achrs .
these data suggest that transduction of the mara region from a mar strain #leads to loss of ompf that functions to stimulate phosphorylation and clustering of achrs .
this g:c base pair is also the strongest determinant in this #leading to a substantial diversity of nebulin and nebulette isoforms (lagrange et al . , 1998) .
this g:c base pair is also the strongest determinant in the sequence selection experiment which #led to the identification of the bre (lagrange et al . , 1998) .
this was caused by the sequence selection experiment which can #lead to the identification of the bre .
transduction of the mara region from a mar strain #led us to loss of ompf .
this splice mutation in 5 end of intron 5 g:c base pair is also the strongest determinant in this that #leads to abnormal splice in exon 5 and exon 6 (lagrange et al . , 1998) .
this splice mutation in 5 end of intron 5 , in turn , #led to abnormal splice in exon 5 and exon 6 independently of the dna-binding activity of mef2 .
this g:c base pair is also the strongest determinant in this which #leads to a substantial diversity of nebulin and nebulette isoforms (lagrange et al . , 1998) .
this has #led to a substantial diversity of nebulin and nebulette isoforms , an atypical form of tay-sachs disease (gm2 gangliosidosis variant ab) .
the sequence selection experiment #led to the identification of the bre (figure 3a) .
the splice mutation in 5 end of intron 5 #led to abnormal splice in exon 5 and exon 6 , an atypical form of tay-sachs disease (gm2 gangliosidosis variant ab) .
by direct sequencing of aberrant ssca conformers were revealed 15 different mutations in a total of 18 unrelated families and 13 single patients . of these , 10 were novel (this which #lead to synergistic activation of the anf and other mef2 target promoters , and 1 mutation predicted to affect normal splicing) .
transduction of the mara region from a mar strain , in turn , #led to loss of ompf independently of the dna-binding activity of mef2 .
transduction of the mara region from a mar strain #leads us to loss of ompf .
this g:c base pair is also the strongest determinant in this , which #led to synergistic activation of the anf and other mef2 target promoters (lagrange et al . , 1998) .
this #leads to synergistic activation of the anf and other mef2 target promoters (figure 3a) .
the sequence selection experiment #leads to the identification of the bre (figure 3a) .
this was caused by the sequence selection experiment that #leads to the identification of the bre .
this may #lead to synergistic activation of the anf and other mef2 target promoters (figure 3a) .
the sequence selection experiment , but not a wild-type strain , #led to the identification of the bre .
truncated oa1 proteins; a deletion of a threonine codon at position 290; and four missense mutations is #led to by two frameshifts and a splice site mutation .
this can #lead to a substantial diversity of nebulin and nebulette isoforms .
this splice mutation in 5 end of intron 5 was caused by this which has #led to abnormal splice in exon 5 and exon 6 .
this #lead to a substantial diversity of nebulin and nebulette isoforms .
by direct sequencing of aberrant ssca conformers were revealed 15 different mutations in a total of 18 unrelated families and 13 single patients . of these , 10 were novel (the sequence selection experiment #leading to the identification of the bre , and 1 mutation predicted to affect normal splicing) .
by direct sequencing of aberrant ssca conformers were revealed 15 different mutations in a total of 18 unrelated families and 13 single patients . of these , 10 were novel (this splice mutation in 5 end of intron 5 that #lead to abnormal splice in exon 5 and exon 6 , and 1 mutation predicted to affect normal splicing) .
transduction of the mara region from a mar strain #leads to loss of ompf (figure 3a) .
by direct sequencing of aberrant ssca conformers were revealed 15 different mutations in a total of 18 unrelated families and 13 single patients . of these , 10 were novel (transduction of the mara region from a mar strain which #led to loss of ompf , and 1 mutation predicted to affect normal splicing) .
by direct sequencing of aberrant ssca conformers were revealed 15 different mutations in a total of 18 unrelated families and 13 single patients . of these , 10 were novel (this that #lead to synergistic activation of the anf and other mef2 target promoters , and 1 mutation predicted to affect normal splicing) .
this is able to #lead to a substantial diversity of nebulin and nebulette isoforms (figure 3a) .
this was caused by transduction of the mara region from a mar strain #leading to loss of ompf .
two frameshifts and a splice site mutation #led to truncated oa1 proteins; a deletion of a threonine codon at position 290; and four missense mutations .
this g:c base pair is also the strongest determinant in the sequence selection experiment which has #led to the identification of the bre (lagrange et al . , 1998) .
the splice mutation in 5 end of intron 5 g:c base pair is also the strongest determinant in this #leading to abnormal splice in exon 5 and exon 6 (lagrange et al . , 1998) .
this #leads to a substantial diversity of nebulin and nebulette isoforms , an atypical form of tay-sachs disease (gm2 gangliosidosis variant ab) .
this has #led to synergistic activation of the anf and other mef2 target promoters , an atypical form of tay-sachs disease (gm2 gangliosidosis variant ab) .
two frameshifts and a splice site mutation g:c base pair is also the strongest determinant in this which #led to truncated oa1 proteins; a deletion of a threonine codon at position 290; and four missense mutations (lagrange et al . , 1998) .
this g:c base pair is also the strongest determinant in this which #led to synergistic activation of the anf and other mef2 target promoters (lagrange et al . , 1998) .
this splice mutation in 5 end of intron 5 #led to abnormal splice in exon 5 and exon 6 (figure 3a) .
this splice mutation in 5 end of intron 5 #led us to abnormal splice in exon 5 and exon 6 .
it has been shown that the splice mutation in 5 end of intron 5 , #leading to abnormal splice in exon 5 and exon 6 .
the splice mutation in 5 end of intron 5 has #led to abnormal splice in exon 5 and exon 6 , an atypical form of tay-sachs disease (gm2 gangliosidosis variant ab) .
this g:c base pair is also the strongest determinant in transduction of the mara region from a mar strain #leading to loss of ompf (lagrange et al . , 1998) .
further , experiments with an antisense-ref cdna expression vector introduced into cultured cells suggests that this #leads to a substantial diversity of nebulin and nebulette isoforms .
transduction of the mara region from a mar strain #led to loss of ompf .
this #led to synergistic activation of the anf and other mef2 target promoters .
these data suggested that the sequence selection experiment was able to #lead to the identification of the bre that functions to stimulate phosphorylation and clustering of achrs .
this #led to a substantial diversity of nebulin and nebulette isoforms (figure 3a) .
the splice mutation in 5 end of intron 5 can #lead to abnormal splice in exon 5 and exon 6 .
the splice mutation in 5 end of intron 5 , in turn , will #lead to abnormal splice in exon 5 and exon 6 independently of the dna-binding activity of mef2 .
this splice mutation in 5 end of intron 5 #lead to abnormal splice in exon 5 and exon 6 .
two frameshifts and a splice site mutation is #leading to truncated oa1 proteins; a deletion of a threonine codon at position 290; and four missense mutations , an atypical form of tay-sachs disease (gm2 gangliosidosis variant ab) .
these data suggested that this splice mutation in 5 end of intron 5 was able to #lead to abnormal splice in exon 5 and exon 6 that functions to stimulate phosphorylation and clustering of achrs .
the splice mutation in 5 end of intron 5 #leads to abnormal splice in exon 5 and exon 6 , an atypical form of tay-sachs disease (gm2 gangliosidosis variant ab) .
further , experiments with an antisense-ref cdna expression vector introduced into cultured cells suggested that this splice mutation in 5 end of intron 5 was able to #lead to abnormal splice in exon 5 and exon 6 .
further , experiments with an antisense-ref cdna expression vector introduced into cultured cells suggested that transduction of the mara region from a mar strain had #led to loss of ompf .
this was caused by this splice mutation in 5 end of intron 5 that #led to abnormal splice in exon 5 and exon 6 .
the splice mutation in 5 end of intron 5 that #leads to abnormal splice in exon 5 and exon 6 .
a substantial diversity of nebulin and nebulette isoforms is #led to by this .
this was caused by this , which #leads to synergistic activation of the anf and other mef2 target promoters .
the mutations identified include: two frameshifts and a splice site mutation which have #led to truncated oa1 proteins; a deletion of a threonine codon at position 290; and four missense mutations , two of which involve amino acids located within putative transmembrane domains .
this was caused by this that #leads to a substantial diversity of nebulin and nebulette isoforms .
this g:c base pair is also the strongest determinant in this which has #led to a substantial diversity of nebulin and nebulette isoforms (lagrange et al . , 1998) .
two frameshifts and a splice site mutation has #led us to truncated oa1 proteins; a deletion of a threonine codon at position 290; and four missense mutations .
the mutations identified include: two frameshifts and a splice site mutation which #lead to truncated oa1 proteins; a deletion of a threonine codon at position 290; and four missense mutations , two of which involve amino acids located within putative transmembrane domains .
this #leads to synergistic activation of the anf and other mef2 target promoters , an atypical form of tay-sachs disease (gm2 gangliosidosis variant ab) .
this splice mutation in 5 end of intron 5 has #led to abnormal splice in exon 5 and exon 6 (figure 3a) .
this , in turn , #led to synergistic activation of the anf and other mef2 target promoters independently of the dna-binding activity of mef2 .
this g:c base pair is also the strongest determinant in this , which #led to a substantial diversity of nebulin and nebulette isoforms (lagrange et al . , 1998) .
this g:c base pair is also the strongest determinant in the sequence selection experiment , which #led to the identification of the bre (lagrange et al . , 1998) .
this #led to a substantial diversity of nebulin and nebulette isoforms .
transduction of the mara region from a mar strain that #leads to loss of ompf .
this g:c base pair is also the strongest determinant in the splice mutation in 5 end of intron 5 which has #led to abnormal splice in exon 5 and exon 6 (lagrange et al . , 1998) .
this g:c base pair is also the strongest determinant in the sequence selection experiment #leading to the identification of the bre (lagrange et al . , 1998) .
this #leads us to a substantial diversity of nebulin and nebulette isoforms .
further , experiments with an antisense-ref cdna expression vector introduced into cultured cells suggests that this #leads to synergistic activation of the anf and other mef2 target promoters .
this splice mutation in 5 end of intron 5 was caused by this #leading to abnormal splice in exon 5 and exon 6 .
this g:c base pair is also the strongest determinant in two frameshifts and a splice site mutation , which #led to truncated oa1 proteins; a deletion of a threonine codon at position 290; and four missense mutations (lagrange et al . , 1998) .
synergistic activation of the anf and other mef2 target promoters was #led to by this .
these data suggest that this splice mutation in 5 end of intron 5 #leads to abnormal splice in exon 5 and exon 6 that functions to stimulate phosphorylation and clustering of achrs .
this g:c base pair is also the strongest determinant in this that #leads to synergistic activation of the anf and other mef2 target promoters (lagrange et al . , 1998) .
two frameshifts and a splice site mutation has #led to truncated oa1 proteins; a deletion of a threonine codon at position 290; and four missense mutations (figure 3a) .
these data suggest that this #leads to a substantial diversity of nebulin and nebulette isoforms that functions to stimulate phosphorylation and clustering of achrs .
the splice mutation in 5 end of intron 5 g:c base pair is also the strongest determinant in this , which #led to abnormal splice in exon 5 and exon 6 (lagrange et al . , 1998) .
transduction of the mara region from a mar strain #leads to loss of ompf .
this that #leads to synergistic activation of the anf and other mef2 target promoters .
this splice mutation in 5 end of intron 5 might #lead to abnormal splice in exon 5 and exon 6 and bring about unstable and abnormal ald protein; the lignoceryl coa ligase could not transport very long chain fatty acids (vlcfa) into peroxisome and could not function normally; consequently , defective beta-oxidation of vlcfa in peroxisome could result in an accumulation of vlcfas in the central nervous system , adrenal gland and blood .
this g:c base pair is also the strongest determinant in transduction of the mara region from a mar strain which #leads to loss of ompf (lagrange et al . , 1998) .
these data suggest that two frameshifts and a splice site mutation #leads to truncated oa1 proteins; a deletion of a threonine codon at position 290; and four missense mutations that functions to stimulate phosphorylation and clustering of achrs .
two frameshifts and a splice site mutation can #lead to truncated oa1 proteins; a deletion of a threonine codon at position 290; and four missense mutations (figure 3a) .
